Product_ID,SKU_ID,Product_Name,Role,Brand,gia_ban,role_cleanser,role_serum,role_moisturizer,role_sunscreen,role_treatment,z_price,skin_oily,skin_dry,skin_sensitive
P_1,1,Sữa Rửa Mặt CeraVe Sạch Sâu Cho Da Thường Đến Da Dầu 473ml,CLEANSER,CeraVe,357000.0,1.0,0.0,0.0,0.0,0.0,0.4259,1.0,0.0,0.0
P_6,6,Sữa Rửa Mặt Cetaphil Dịu Lành Cho Da Nhạy Cảm 500ml (Mới),CLEANSER,Cetaphil,305000.0,1.0,0.0,0.0,0.0,0.0,0.2354,0.0,0.0,1.0
P_10,10,"Kem Chống Nắng La Roche-Posay Phổ Rộng, Nâng Tông Kiềm Dầu 50ml",SUNSCREEN,La Roche-Posay,412000.0,0.0,0.0,0.0,1.0,0.0,0.5993,0.0,0.0,0.0
P_11,11,Sữa Rửa Mặt CeraVe Sạch Sâu Cho Da Thường Đến Da Dầu 236ml,CLEANSER,CeraVe,272000.0,1.0,0.0,0.0,0.0,0.0,0.0969,1.0,0.0,0.0
P_12,12,Kem Dưỡng La Roche-Posay Giúp Phục Hồi Da Đa Công Dụng 40ml,MOISTURIZER,La Roche-Posay,292000.0,0.0,0.0,1.0,0.0,0.0,0.1827,0.0,0.0,1.0
P_13,13,Kem Chống Nắng Skin1004 Cho Da Nhạy Cảm SPF 50+ 50ml,SUNSCREEN,Skin1004,239000.0,0.0,0.0,0.0,1.0,0.0,-0.0596,0.0,0.0,1.0
P_16,16,Sữa Chống Nắng Anessa Dưỡng Da Kiềm Dầu 60ml (Bản Mới),SUNSCREEN,Anessa,432000.0,0.0,0.0,0.0,1.0,0.0,0.6566,1.0,0.0,0.0
P_17,17,Kem Dưỡng La Roche-Posay Giúp Phục Hồi Da Đa Công Dụng 100ml,MOISTURIZER,La Roche-Posay,522000.0,0.0,0.0,1.0,0.0,0.0,0.8856,0.0,0.0,1.0
P_18,18,Combo 3 Gel Rửa Mặt La Roche-Posay Cho Da Dầu Nhạy Cảm 50ml,CLEANSER,La Roche-Posay,149000.0,1.0,0.0,0.0,0.0,0.0,-0.6314,1.0,0.0,0.0
P_20,20,Sữa Chống Nắng Anessa Cho Da Nhạy Cảm & Trẻ Em 60ml (Mới),SUNSCREEN,Anessa,432000.0,0.0,0.0,0.0,1.0,0.0,0.6566,0.0,0.0,1.0
P_21,21,"Gel Rửa Mặt La Roche-Posay Dành Cho Da Dầu, Nhạy Cảm 400ml",CLEANSER,La Roche-Posay,412000.0,1.0,0.0,0.0,0.0,0.0,0.5993,1.0,0.0,0.0
P_22,22,Serum d'Alba Dạng Xịt Nấm Truffle Trắng Căng Bóng Da 100ml,SERUM,d'Alba,359000.0,0.0,1.0,0.0,0.0,0.0,0.4326,0.0,0.0,0.0
P_23,23,Serum La Roche-Posay Giảm Thâm Nám & Dưỡng Sáng Da 30ml,SERUM,La Roche-Posay,914000.0,0.0,1.0,0.0,0.0,0.0,1.5634,0.0,0.0,0.0
P_27,27,Kem Chống Nắng MartiDerm Phổ Rộng Bảo Vệ Toàn Diện 40ml,SUNSCREEN,Martiderm,563000.0,0.0,0.0,0.0,1.0,0.0,0.9771,0.0,0.0,0.0
P_32,32,Kem Chống Nắng L'Oreal X20 Thoáng Da Mỏng Nhẹ 50ml,SUNSCREEN,L'Oreal,241000.0,0.0,0.0,0.0,1.0,0.0,-0.0496,0.0,0.0,0.0
P_35,35,Sữa Rửa Mặt Cetaphil Dịu Lành Cho Da Nhạy Cảm 125ml (Mới),CLEANSER,Cetaphil,125000.0,1.0,0.0,0.0,0.0,0.0,-0.8439,0.0,0.0,1.0
P_36,36,Sữa Rửa Mặt CeraVe Cho Da Thường Đến Khô 473ml,CLEANSER,CeraVe,351000.0,1.0,0.0,0.0,0.0,0.0,0.4054,0.0,1.0,0.0
P_38,38,"Serum L'Oreal Sáng Da, Mờ Thâm Mụn & Nám 30ml (Mới)",SERUM,L'Oreal,277000.0,0.0,1.0,0.0,0.0,0.0,0.1189,0.0,0.0,0.0
P_39,39,Sữa Dưỡng Ẩm Embryolisse Siêu Phục Hồi Da 75ml,MOISTURIZER,Embryolisse,345000.0,0.0,0.0,1.0,0.0,0.0,0.3845,0.0,1.0,0.0
P_42,42,"Kem Dưỡng Vichy Sáng Da, Mờ Thâm Nám Ban Đêm 50ml",MOISTURIZER,Vichy,821000.0,0.0,0.0,1.0,0.0,0.0,1.4335,0.0,0.0,0.0
P_44,44,Kem Dưỡng Ẩm Neutrogena Cấp Nước Cho Da Dầu 50g,MOISTURIZER,Neutrogena,232000.0,0.0,0.0,1.0,0.0,0.0,-0.0956,1.0,0.0,0.0
P_46,46,Combo 2 Sữa Rửa Mặt Simple Giúp Da Sạch Thoáng 150ml,CLEANSER,Simple,198000.0,1.0,0.0,0.0,0.0,0.0,-0.2873,0.0,0.0,1.0
P_47,47,Gel Rửa Mặt SVR Không Chứa Xà Phòng Cho Da Dầu 400ml,CLEANSER,SVR,381000.0,1.0,0.0,0.0,0.0,0.0,0.5046,1.0,0.0,0.0
P_48,48,Kem Dưỡng Olay Luminous Sáng Da Mờ Thâm Nám Ban Đêm 50g,MOISTURIZER,Olay,149000.0,0.0,0.0,1.0,0.0,0.0,-0.6314,0.0,0.0,0.0
P_49,49,Kem Chống Nắng d'Alba Nâng Tông Tím Hiệu Chỉnh Sắc Da 50ml,SUNSCREEN,d'Alba,362000.0,0.0,0.0,0.0,1.0,0.0,0.4427,0.0,0.0,0.0
P_50,50,Serum Skin1004 Rau Má Làm Dịu & Hỗ Trợ Phục Hồi Da 100ml,SERUM,Skin1004,379000.0,0.0,1.0,0.0,0.0,0.0,0.4982,0.0,0.0,1.0
P_51,51,"Kem Chống Nắng Beplain Nâng Tông, Cấp Ẩm Căng Bóng 50ml",SUNSCREEN,Beplain,278000.0,0.0,0.0,0.0,1.0,0.0,0.1233,0.0,0.0,0.0
P_55,55,Kem Chống Nắng Vichy Thoáng Nhẹ Không Bóng Dầu SPF 50 50ml,SUNSCREEN,Vichy,396000.0,0.0,0.0,0.0,1.0,0.0,0.5513,1.0,0.0,0.0
P_58,58,Serum La Roche-Posay Giúp Tái Tạo & Phục Hồi Da 30ml,SERUM,La Roche-Posay,996000.0,0.0,1.0,0.0,0.0,0.0,1.6673,0.0,0.0,0.0
P_59,59,"Serum Torriden Dưỡng Ẩm Sâu, Sáng Bóng Da 50ml",SERUM,Torriden,274000.0,0.0,1.0,0.0,0.0,0.0,0.1057,0.0,0.0,0.0
P_62,62,Serum L'Oreal Hyaluronic Acid Cấp Ẩm Sáng Da 30ml,SERUM,L'Oreal,290000.0,0.0,1.0,0.0,0.0,0.0,0.1744,0.0,0.0,0.0
P_65,65,Kem Chống Nắng d'Alba Nâng Tông Sáng Hồng Tự Nhiên 50ml,SUNSCREEN,d'Alba,362000.0,0.0,0.0,0.0,1.0,0.0,0.4427,0.0,0.0,0.0
P_66,66,"Serum oh!oh! Dưỡng Sáng Da, Giảm Thâm Nám 30ml",SERUM,oh!oh!,583000.0,0.0,1.0,0.0,0.0,0.0,1.0193,0.0,0.0,0.0
P_67,67,"Combo 2 Gel Rửa Mặt Simple Thanh Khiết, Giảm Bóng Nhờn 150ml",CLEANSER,Simple,198000.0,1.0,0.0,0.0,0.0,0.0,-0.2873,1.0,0.0,0.0
P_68,68,Serum Timeless Vitamin B5 Làm Dịu & Phục Hồi Da 30ml,SERUM,Timeless,357000.0,0.0,1.0,0.0,0.0,0.0,0.4259,0.0,0.0,1.0
P_75,75,Combo 2 Kem Chống Nắng Cocoon Bí Đao Quang Phổ Rộng 50ml,SUNSCREEN,Cocoon,488000.0,0.0,0.0,0.0,1.0,0.0,0.8041,1.0,0.0,0.0
P_77,77,Sữa Chống Nắng Sunplay Skin Aqua Dưỡng Da Sáng Mịn 55g,SUNSCREEN,Sunplay,145000.0,0.0,0.0,0.0,1.0,0.0,-0.6643,1.0,0.0,0.0
P_78,78,"Kem Dưỡng Torriden Làm Dịu Mát, Dưỡng Ẩm, Sáng Bóng Da 100ml",MOISTURIZER,Torriden,293000.0,0.0,0.0,1.0,0.0,0.0,0.1868,0.0,0.0,0.0
P_81,81,"Serum GoodnDoc Dưỡng Ẩm, Hỗ Trợ Phục Hồi Da 30ml",SERUM,GoodnDoc,339000.0,0.0,1.0,0.0,0.0,0.0,0.3633,0.0,0.0,1.0
P_82,82,"Serum Garnier Giảm Mụn Mờ Thâm Cho Da Dầu, Mụn 30ml",SERUM,Garnier,211000.0,0.0,1.0,0.0,0.0,0.0,-0.2104,1.0,0.0,0.0
P_83,83,Kem Dưỡng CeraVe Cho Da Khô Đến Rất Khô 340g,MOISTURIZER,CeraVe,332000.0,0.0,0.0,1.0,0.0,0.0,0.338,0.0,1.0,0.0
P_86,86,"Kem Dưỡng Vichy Ngừa Lão Hóa, Săn Chắc Da Ban Ngày 50ml",MOISTURIZER,Vichy,821000.0,0.0,0.0,1.0,0.0,0.0,1.4335,0.0,0.0,0.0
P_87,87,Combo 2 Sữa Chống Nắng Cocoon Bí Đao Quang Phổ Rộng 50ml,SUNSCREEN,Cocoon,569000.0,0.0,0.0,0.0,1.0,0.0,0.9899,1.0,0.0,0.0
P_90,90,Sữa Rửa Mặt CeraVe Cho Da Thường Đến Khô 236ml,CLEANSER,CeraVe,261000.0,1.0,0.0,0.0,0.0,0.0,0.0469,0.0,1.0,0.0
P_91,91,Sữa Rửa Mặt Eucerin Dịu Nhẹ Cho Da Nhạy Cảm 400ml,CLEANSER,Eucerin,247000.0,1.0,0.0,0.0,0.0,0.0,-0.0198,0.0,0.0,1.0
P_93,93,Sữa Dưỡng Ẩm Embryolisse Siêu Phục Hồi Da 30ml,MOISTURIZER,Embryolisse,245000.0,0.0,0.0,1.0,0.0,0.0,-0.0296,0.0,1.0,0.0
P_98,98,"Kem Dưỡng Obagi Retinol 1.0% Trẻ Hóa Da, Ngừa Mụn 28g",TREATMENT,Obagi,1462000.0,0.0,0.0,0.0,0.0,1.0,2.1317,0.0,0.0,0.0
P_100,100,Kem Dưỡng La Roche-Posay Giảm Mụn Hiệu Quả 40ml,TREATMENT,La Roche-Posay,389000.0,0.0,0.0,0.0,0.0,1.0,0.5298,1.0,0.0,0.0
P_101,101,"Kem Chống Nắng Beplain Nâng Tông, Kiềm Dầu Mịn Lì 50ml",SUNSCREEN,Beplain,278000.0,0.0,0.0,0.0,1.0,0.0,0.1233,0.0,0.0,0.0
P_104,104,Serum Vichy Cải Thiện & Ngăn Ngừa Thâm Nám Đốm Nâu 30ml,SERUM,Vichy,837000.0,0.0,1.0,0.0,0.0,0.0,1.4569,0.0,0.0,0.0
P_106,106,Kem Dưỡng L'Oreal Sáng Mịn Mờ Thâm Nám Ban Đêm 50ml,MOISTURIZER,L'Oreal,269000.0,0.0,0.0,1.0,0.0,0.0,0.0834,0.0,0.0,0.0
P_108,108,Kem Dưỡng CeraVe Cho Da Khô Đến Rất Khô 50ml,MOISTURIZER,CeraVe,139000.0,0.0,0.0,1.0,0.0,0.0,-0.7154,0.0,1.0,0.0
P_110,110,Serum d'Alba Dạng Xịt 8 Loại Dầu Hoa Đỏ Cấp Ẩm Dịu Da 100ml,SERUM,d'Alba,381000.0,0.0,1.0,0.0,0.0,0.0,0.5046,0.0,0.0,1.0
P_112,112,"Gel Dưỡng Megaduo Plus Giảm Mụn, Mờ Thâm 15g",TREATMENT,Gamma Chemicals,128000.0,0.0,0.0,0.0,0.0,1.0,-0.8152,1.0,0.0,0.0
P_121,121,Kem Rửa Mặt Hada Labo Sạch Sâu Dưỡng Ẩm 80g,CLEANSER,Hada Labo,60000.0,1.0,0.0,0.0,0.0,0.0,-1.7319,0.0,1.0,0.0
P_122,122,Serum Vichy 89 Khoáng Chất Phục Hồi Chuyên Sâu 50ml,SERUM,Vichy,788000.0,0.0,1.0,0.0,0.0,0.0,1.3839,0.0,0.0,1.0
P_125,125,Gel Chống Nắng Anessa Dưỡng Sáng Nâng Tông 90g (Mới),SUNSCREEN,Anessa,343000.0,0.0,0.0,0.0,1.0,0.0,0.3775,0.0,1.0,0.0
P_126,126,"Serum Eucerin Dưỡng Sáng Da, Mờ Thâm Nám 30ml",SERUM,Eucerin,1040000.0,0.0,1.0,0.0,0.0,0.0,1.7196,0.0,0.0,0.0
P_128,128,Kem Dưỡng d'Alba Sáng Da Và Cấp Ẩm Sâu 55g,MOISTURIZER,d'Alba,691000.0,0.0,0.0,1.0,0.0,0.0,1.2249,0.0,0.0,0.0
P_130,130,Kem Dưỡng GoodnDoc Rau Má Dưỡng Ẩm Phục Hồi Da 50ml,MOISTURIZER,GoodnDoc,418000.0,0.0,0.0,1.0,0.0,0.0,0.6167,0.0,0.0,1.0
P_132,132,"Kem Dưỡng Ẩm Bioderma Dành Cho Da Mụn, Nhạy Cảm 30ml",MOISTURIZER,Bioderma,311000.0,0.0,0.0,1.0,0.0,0.0,0.259,1.0,0.0,0.0
P_133,133,"Serum Uriage Làm Dịu, Phục Hồi Da Tổn Thương Hằng Ngày 30ml",SERUM,Uriage,682000.0,0.0,1.0,0.0,0.0,0.0,1.2091,0.0,0.0,1.0
P_135,135,Combo Kem Chống Nắng Dr.G Dưỡng Sáng Da 50ml+20ml,SUNSCREEN,Dr.G,409000.0,0.0,0.0,0.0,1.0,0.0,0.5904,1.0,0.0,0.0
P_139,139,Kem Dưỡng Ẩm Klairs Làm Dịu & Phục Hồi Da Ban Đêm 50g,MOISTURIZER,Klairs,289000.0,0.0,0.0,1.0,0.0,0.0,0.1702,0.0,0.0,1.0
P_140,140,"Kem Chống Nắng Caryophy Nâng Tone, Ngừa Mụn 50ml",SUNSCREEN,Caryophy,250000.0,0.0,0.0,0.0,1.0,0.0,-0.0052,0.0,0.0,0.0
P_144,144,Serum Caryophy Giảm Mụn Mờ Thâm Se Lỗ Chân Lông 30ml,SERUM,Caryophy,294000.0,0.0,1.0,0.0,0.0,0.0,0.191,1.0,0.0,0.0
P_145,145,Tinh Chất Chống Nắng Tenamyd Dạng Nước SPF50/PA+++ 70ml,SUNSCREEN,Tenamyd,434000.0,0.0,0.0,0.0,1.0,0.0,0.6622,0.0,0.0,0.0
P_146,146,"Serum So'Natural Tái Tạo Da Sinh Học, Mờ Thâm Sáng Da 35ml",SERUM,So'Natural,323000.0,0.0,1.0,0.0,0.0,0.0,0.3048,0.0,0.0,0.0
P_150,150,Kem Dưỡng CeraVe Dạng Gel Kiềm Dầu Cho Da Dầu & Hỗn Hợp 52ml,MOISTURIZER,CeraVe,314000.0,0.0,0.0,1.0,0.0,0.0,0.2706,1.0,0.0,0.0
P_151,151,"Kem Dưỡng Hada Labo Sáng Da Chuyên Sâu, Giảm Thâm Sạm 50g",MOISTURIZER,Hada Labo,161000.0,0.0,0.0,1.0,0.0,0.0,-0.5376,0.0,0.0,0.0
P_152,152,Sữa Rửa Mặt CeraVe Làm Sạch & Tẩy Tế Bào Chết Dịu Nhẹ 236ml,CLEANSER,CeraVe,295000.0,1.0,0.0,0.0,0.0,0.0,0.1951,0.0,0.0,1.0
P_153,153,Kem Dưỡng La Roche-Posay Giúp Phục Hồi Da Đa Công Dụng 15ml,MOISTURIZER,La Roche-Posay,199000.0,0.0,0.0,1.0,0.0,0.0,-0.2813,0.0,0.0,1.0
P_155,155,Kem Chống Nắng Naris Cosmetics Dạng Gel Nâng Tone Da 80g,SUNSCREEN,Naris Cosmetics,365000.0,0.0,0.0,0.0,1.0,0.0,0.4527,0.0,0.0,0.0
P_156,156,Combo 2 Sữa Rửa Mặt Simple Dưỡng Ẩm Cho Da Khỏe Và Mịn Màng 150ml,CLEANSER,Simple,198000.0,1.0,0.0,0.0,0.0,0.0,-0.2873,0.0,1.0,0.0
P_157,157,Kem Chống Nắng Beplain Vật Lý Hỗ Trợ Kiềm Dầu Mịn Lì 50ml,SUNSCREEN,Beplain,271000.0,0.0,0.0,0.0,1.0,0.0,0.0924,0.0,0.0,0.0
P_160,160,Kem Dưỡng Bioderma Giúp Se Khít Lỗ Chân Lông 30ml,MOISTURIZER,Bioderma,399000.0,0.0,0.0,1.0,0.0,0.0,0.5605,1.0,0.0,0.0
P_161,161,Serum d'Alba Viên Nang Dưỡng Sáng Da 50ml,SERUM,d'Alba,633000.0,0.0,1.0,0.0,0.0,0.0,1.1189,0.0,0.0,0.0
P_162,162,Sữa Rửa Mặt Simple Giúp Da Sạch Thoáng 150ml,CLEANSER,Simple,94000.0,1.0,0.0,0.0,0.0,0.0,-1.1887,0.0,0.0,1.0
P_165,165,Gel Rửa Mặt Bioderma Dành Cho Da Dầu & Hỗn Hợp 500ml,CLEANSER,Bioderma,425000.0,1.0,0.0,0.0,0.0,0.0,0.6368,1.0,0.0,0.0
P_166,166,"Serum SVR Làm Giảm Mụn, Mờ Nám, Làm Mềm Mịn Da 30ml",SERUM,SVR,519000.0,0.0,1.0,0.0,0.0,0.0,0.8786,1.0,0.0,0.0
P_168,168,Serum Vichy 89 Khoáng Chất Phục Hồi Chuyên Sâu 30ml,SERUM,Vichy,575000.0,0.0,1.0,0.0,0.0,0.0,1.0026,0.0,0.0,1.0
P_173,173,Kem Dưỡng Hatomugi Cấp Ẩm & Làm Sáng Da 300g,MOISTURIZER,Hatomugi,88000.0,0.0,0.0,1.0,0.0,0.0,-1.2685,0.0,0.0,0.0
P_175,175,Combo 2 Sữa Rửa Mặt innisfree Dưỡng Ẩm Từ Trà Xanh 150g (Mới),CLEANSER,innisfree,366000.0,1.0,0.0,0.0,0.0,0.0,0.456,0.0,1.0,0.0
P_176,176,"Serum oh!oh! Dưỡng Sáng Da, Giảm Thâm Nám 10ml",SERUM,oh!oh!,248000.0,0.0,1.0,0.0,0.0,0.0,-0.0149,0.0,0.0,0.0
P_180,180,Combo 2 Sữa Chống Nắng Anessa Dưỡng Da Kiềm Dầu 60ml (Bản Mới),SUNSCREEN,Anessa,836000.0,0.0,0.0,0.0,1.0,0.0,1.4554,1.0,0.0,0.0
P_182,182,Sữa Rửa Mặt Cetaphil Dịu Lành Cho Da Nhạy Cảm 1000ml (Mới),CLEANSER,Cetaphil,546000.0,1.0,0.0,0.0,0.0,0.0,0.94,0.0,0.0,1.0
P_183,183,Kem Dưỡng L'Oreal Sáng Mịn Mờ Thâm Nám Ban Ngày 50ml,MOISTURIZER,L'Oreal,269000.0,0.0,0.0,1.0,0.0,0.0,0.0834,0.0,0.0,0.0
P_186,186,Miếng Dán Mụn Some By Mi 18 Miếng,TREATMENT,Some By Mi,60000.0,0.0,0.0,0.0,0.0,1.0,-1.7319,1.0,0.0,0.0
P_187,187,Kem Chống Nắng Cell Fusion C Nâng Tông Da 50ml,SUNSCREEN,Cell Fusion C,300000.0,0.0,0.0,0.0,1.0,0.0,0.2154,0.0,0.0,0.0
P_189,189,Gel Chống Nắng Anessa Dưỡng Ẩm Bảo Vệ Hoàn Hảo 90g (Mới),SUNSCREEN,Anessa,336000.0,0.0,0.0,0.0,1.0,0.0,0.3525,0.0,1.0,0.0
P_190,190,Sữa Rửa Mặt Cerave Cho Da Dầu Mụn 473ml,CLEANSER,CeraVe,363000.0,1.0,0.0,0.0,0.0,0.0,0.4461,1.0,0.0,0.0
P_191,191,Serum Klairs Vitamin C Cho Da Nhạy Cảm 35ml,SERUM,Klairs,296000.0,0.0,1.0,0.0,0.0,0.0,0.1992,0.0,0.0,1.0
P_192,192,Tinh Chất Chống Nắng Sunplay Hiệu Chỉnh Sắc Da 50g (Tím),SUNSCREEN,Sunplay,130000.0,0.0,0.0,0.0,1.0,0.0,-0.7964,0.0,1.0,0.0
P_193,193,Combo 2 Kem Rửa Mặt Hada Labo Sạch Sâu Dưỡng Ẩm 80g,CLEANSER,Hada Labo,112000.0,1.0,0.0,0.0,0.0,0.0,-0.9767,0.0,1.0,0.0
P_194,194,Sữa Rửa Mặt Isis Pharma Giảm Nhờn Và Ngăn Ngừa Mụn 150ml,CLEANSER,Isis Pharma,435000.0,1.0,0.0,0.0,0.0,0.0,0.665,1.0,0.0,0.0
P_195,195,"Kem Dưỡng Ẩm Klairs Cho Da Khô, Nhạy Cảm 80ml",MOISTURIZER,Klairs,333000.0,0.0,0.0,1.0,0.0,0.0,0.3417,0.0,1.0,0.0
P_197,197,Kem Dưỡng Bioderma Phục Hồi Da Tổn Thương Và Ngừa Sẹo 40ml,MOISTURIZER,Bioderma,304000.0,0.0,0.0,1.0,0.0,0.0,0.2314,0.0,0.0,0.0
P_199,199,Kem Dưỡng L'Oreal Siêu Cấp Ẩm Căng Mịn Da 50ml,MOISTURIZER,L'Oreal,262000.0,0.0,0.0,1.0,0.0,0.0,0.0515,0.0,1.0,0.0
P_201,201,"Gel Dưỡng Megaduo Giảm Mụn, Mờ Thâm 15g",TREATMENT,Gamma Chemicals,125000.0,0.0,0.0,0.0,0.0,1.0,-0.8439,1.0,0.0,0.0
P_206,206,Combo 2 Gel Rửa Mặt Cocoon Bí Đao Giúp Giảm Dầu & Mụn 310ml,CLEANSER,Cocoon,348000.0,1.0,0.0,0.0,0.0,0.0,0.395,0.0,0.0,0.0
P_210,210,Kem Dưỡng Olay Ban Ngày Sáng Da Chống Tia UV SPF15 50g,MOISTURIZER,Olay,160000.0,0.0,0.0,1.0,0.0,0.0,-0.5452,0.0,0.0,0.0
P_212,212,"Serum Balance Active Formula Làm Sáng Da, Mờ Thâm 30ml",SERUM,Balance Active Formula,126000.0,0.0,1.0,0.0,0.0,0.0,-0.8342,0.0,0.0,0.0
P_214,214,Kem Dưỡng Olay Regenerist Ngừa Lão Hóa Da Ban Đêm 50g,MOISTURIZER,Olay,298000.0,0.0,0.0,1.0,0.0,0.0,0.2073,0.0,0.0,0.0
P_215,215,Kem Dưỡng Hada Labo Chuyên Biệt Cải Thiện Da Lão Hóa 50g,MOISTURIZER,Hada Labo,186000.0,0.0,0.0,1.0,0.0,0.0,-0.363,0.0,0.0,0.0
P_218,218,Combo 2 Sữa Chống Nắng Anessa Cho Da Nhạy Cảm & Trẻ Em 60ml (Mới),SUNSCREEN,Anessa,875000.0,0.0,0.0,0.0,1.0,0.0,1.5106,0.0,0.0,1.0
P_219,219,Kem Chống Nắng Skin1004 Nâng Tông Cho Da Nhạy Cảm SPF50+ 50ml,SUNSCREEN,Skin1004,349000.0,0.0,0.0,0.0,1.0,0.0,0.3985,0.0,0.0,1.0
P_221,221,"Gel Rửa Mặt Simple Thanh Khiết, Giảm Bóng Nhờn 150ml",CLEANSER,Simple,94000.0,1.0,0.0,0.0,0.0,0.0,-1.1887,1.0,0.0,0.0
P_222,222,Kem Dưỡng Olay Total Effects Ngừa Lão Hóa Da Ban Đêm 50g,MOISTURIZER,Olay,237000.0,0.0,0.0,1.0,0.0,0.0,-0.0698,0.0,0.0,0.0
P_223,223,"Gel Rửa Mặt La Roche-Posay Dành Cho Da Dầu, Nhạy Cảm 200ml",CLEANSER,La Roche-Posay,350000.0,1.0,0.0,0.0,0.0,0.0,0.4019,1.0,0.0,0.0
P_225,225,Gel Rửa Mặt Cocoon Bí Đao Giúp Giảm Dầu & Mụn 310ml,CLEANSER,Cocoon,175000.0,1.0,0.0,0.0,0.0,0.0,-0.4368,0.0,0.0,0.0
P_227,227,Serum La Roche-Posay Giảm Mụn 3 Tác Động 30ml,SERUM,La Roche-Posay,861000.0,0.0,1.0,0.0,0.0,0.0,1.4911,1.0,0.0,0.0
P_228,228,Sữa Rửa Mặt CeraVe Sạch Sâu Cho Da Thường Đến Da Dầu 88ml,CLEANSER,CeraVe,145000.0,1.0,0.0,0.0,0.0,0.0,-0.6643,1.0,0.0,0.0
P_232,232,Kem Dưỡng Ẩm Neutrogena Cấp Nước Cho Da Khô 50g,MOISTURIZER,Neutrogena,275000.0,0.0,0.0,1.0,0.0,0.0,0.1101,0.0,1.0,0.0
P_233,233,Gel Rửa Mặt SVR Không Chứa Xà Phòng Cho Da Dầu Túi 400ml,CLEANSER,SVR,355000.0,1.0,0.0,0.0,0.0,0.0,0.4191,1.0,0.0,0.0
P_236,236,Kem Dưỡng Olay Chiết Xuất Retinol24 Ngừa Lão Hóa Ban Đêm 50g,MOISTURIZER,Olay,368000.0,0.0,0.0,1.0,0.0,0.0,0.4626,0.0,0.0,0.0
P_237,237,Kem Chống Nắng innisfree Nâng Tông Kiềm Dầu 60ml (Mới),SUNSCREEN,innisfree,283000.0,0.0,0.0,0.0,1.0,0.0,0.1448,0.0,0.0,0.0
P_244,244,"Serum Some By Mi Retinol 0.1% Ngừa Lão Hóa, Căng Bóng Da 30ml",SERUM,Some By Mi,367000.0,0.0,1.0,0.0,0.0,0.0,0.4593,0.0,0.0,0.0
P_246,246,Serum 9Wishes Dưỡng Ẩm & Làm Căng Bóng Da 30ml,SERUM,9Wishes,214000.0,0.0,1.0,0.0,0.0,0.0,-0.1933,0.0,1.0,0.0
P_248,248,"Serum Neogen Dermalogy Dưỡng Sáng Da, Mờ Thâm 32g",SERUM,Neogen Dermalogy,398000.0,0.0,1.0,0.0,0.0,0.0,0.5574,0.0,0.0,0.0
P_249,249,"Serum Klairs Cấp Ẩm Cho Da Khô, Nhạy Cảm 80ml",SERUM,Klairs,286000.0,0.0,1.0,0.0,0.0,0.0,0.1576,0.0,1.0,0.0
P_252,252,Kem Dưỡng Bio-essence Dưỡng Da Tươi Sáng Căng Mọng 50g,MOISTURIZER,Bio-essence,324000.0,0.0,0.0,1.0,0.0,0.0,0.3085,0.0,1.0,0.0
P_255,255,Sữa Rửa Mặt Tia'm Ốc Sên Làm Dịu & Phục Hồi Da 200ml,CLEANSER,TIA'M,202000.0,1.0,0.0,0.0,0.0,0.0,-0.2631,0.0,0.0,1.0
P_258,258,"Kem Dưỡng Avène Làm Lành Da Nội Sinh, Ngừa Nhiễm Khuẩn 40ml",MOISTURIZER,Avène,288000.0,0.0,0.0,1.0,0.0,0.0,0.166,0.0,0.0,1.0
P_260,260,"Kem Dưỡng Angel's Liquid Làm Sáng Da, Mờ Thâm 50ml",MOISTURIZER,Angel's Liquid,351000.0,0.0,0.0,1.0,0.0,0.0,0.4054,0.0,0.0,0.0
P_261,261,Kem Chống Nắng Eucerin Kiềm Dầu & Ngừa Mụn 50ml,SUNSCREEN,Eucerin,394000.0,0.0,0.0,0.0,1.0,0.0,0.5452,1.0,0.0,0.0
P_263,263,Gel Rửa Mặt Bioderma Dành Cho Da Dầu & Hỗn Hợp 200ml (Tuýp),CLEANSER,Bioderma,223000.0,1.0,0.0,0.0,0.0,0.0,-0.1435,1.0,0.0,0.0
P_266,266,Gel Rửa Mặt Eucerin Cho Da Nhờn Mụn 400ml,CLEANSER,Eucerin,454000.0,1.0,0.0,0.0,0.0,0.0,0.7167,1.0,0.0,0.0
P_269,269,"Serum Obagi Cấp Nước, Dưỡng Ẩm, Phục Hồi Da 30ml",SERUM,Obagi,1925000.0,0.0,1.0,0.0,0.0,0.0,2.4646,0.0,0.0,0.0
P_270,270,"Tinh Chất La Bonita B5 Hỗ Trợ Phục Hồi, Làm Dịu Da 50ml",SERUM,La Bonita,350000.0,0.0,1.0,0.0,0.0,0.0,0.4019,0.0,0.0,0.0
P_271,271,"Serum Angel's Liquid Dưỡng Sáng Da, Mờ Thâm 30ml",SERUM,Angel's Liquid,351000.0,0.0,1.0,0.0,0.0,0.0,0.4054,0.0,0.0,0.0
P_273,273,Kem Dưỡng Skin1004 Làm Dịu Da Chiết Xuất Rau Má 75ml,MOISTURIZER,Skin1004,260000.0,0.0,0.0,1.0,0.0,0.0,0.0423,0.0,0.0,1.0
P_274,274,"Kem Rửa Mặt Hada Labo Sạch Sâu, Dưỡng Sáng Da 80g",CLEANSER,Hada Labo,66000.0,1.0,0.0,0.0,0.0,0.0,-1.6166,0.0,0.0,0.0
P_277,277,Combo 2 Sữa Rửa Mặt innisfree Kiểm Soát Nhờn Tro Núi Lửa & BHA 150g (Mới),CLEANSER,innisfree,340000.0,1.0,0.0,0.0,0.0,0.0,0.3668,1.0,0.0,0.0
P_281,281,Serum Skin1004 Rau Má Dưỡng Sáng & Làm Dịu Da 100ml,SERUM,Skin1004,438000.0,0.0,1.0,0.0,0.0,0.0,0.6733,0.0,0.0,0.0
P_283,283,Chấm Mụn Neogen Dermalogy Hỗ Trợ Giảm Sưng Viêm 15ml,TREATMENT,Neogen Dermalogy,259000.0,0.0,0.0,0.0,0.0,1.0,0.0376,1.0,0.0,0.0
P_284,284,Gel Rửa Mặt SVR Không Chứa Xà Phòng Cho Da Dầu 200ml,CLEANSER,SVR,295000.0,1.0,0.0,0.0,0.0,0.0,0.1951,1.0,0.0,0.0
P_288,288,"Serum Tia'm Làm Sáng, Phục Hồi Cho Da Dầu Mụn, Nhạy Cảm 40ml",SERUM,TIA'M,281000.0,0.0,1.0,0.0,0.0,0.0,0.1362,1.0,0.0,0.0
P_293,293,Sữa Chống Nắng Sunplay Hiệu Chỉnh Sắc Da 50g (Tím),SUNSCREEN,Sunplay,131000.0,0.0,0.0,0.0,1.0,0.0,-0.7871,1.0,0.0,0.0
P_294,294,Kem Dưỡng Ẩm Cetaphil Dịu Lành Cho Da Nhạy Cảm 453g,MOISTURIZER,Cetaphil,410000.0,0.0,0.0,1.0,0.0,0.0,0.5934,0.0,0.0,1.0
P_299,299,"Kem Dưỡng Obagi Retinol 0.5% Trẻ Hóa Da, Ngừa Mụn 28g",TREATMENT,Obagi,1355000.0,0.0,0.0,0.0,0.0,1.0,2.0398,0.0,0.0,0.0
P_302,302,Kem Dưỡng La Roche-Posay Giảm Mụn Hiệu Quả 7.5ml,TREATMENT,La Roche-Posay,97000.0,0.0,0.0,0.0,0.0,1.0,-1.1507,1.0,0.0,0.0
P_308,308,Kem Chống Nắng L'Oreal Mịn Nhẹ Nâng Tông Giảm Thâm 50ml,SUNSCREEN,L'Oreal,299000.0,0.0,0.0,0.0,1.0,0.0,0.2114,0.0,0.0,0.0
P_317,317,"Kem Dưỡng Obagi Clinical Kinetin+ Giúp Dưỡng Ẩm, Làm Dịu Da 50ml",MOISTURIZER,Obagi,1243000.0,0.0,0.0,1.0,0.0,0.0,1.9354,0.0,0.0,0.0
P_318,318,Kem Dưỡng Ẩm Hada Labo Tối Ưu Cho Mọi Loại Da 50g,MOISTURIZER,Hada Labo,174000.0,0.0,0.0,1.0,0.0,0.0,-0.4437,0.0,0.0,0.0
P_322,322,Combo 2 Sữa Rửa Mặt Simple Dưỡng Ẩm Cho Da Dạng Gel 150ml,CLEANSER,Simple,186000.0,1.0,0.0,0.0,0.0,0.0,-0.363,0.0,1.0,0.0
P_327,327,Serum Olay Sức Mạnh Từ 5 Dưỡng Chất Trong 1 30ml,SERUM,Olay,510000.0,0.0,1.0,0.0,0.0,0.0,0.8574,0.0,0.0,0.0
P_331,331,"Sữa Rửa Mặt Hatomugi Tẩy Trang, Hỗ Trợ Sáng Da 130g",CLEANSER,Hatomugi,37000.0,1.0,0.0,0.0,0.0,0.0,-2.3169,0.0,0.0,0.0
P_334,334,Sữa Rửa Mặt Cocoon Chiết Xuất Từ Nghệ Hưng Yên 310ml,CLEANSER,Cocoon,194000.0,1.0,0.0,0.0,0.0,0.0,-0.312,0.0,0.0,0.0
P_339,339,"Serum Derladie Niacinamide 20% Giảm Mụn, Mờ Thâm Đỏ 30ml",SERUM,Derladie,299000.0,0.0,1.0,0.0,0.0,0.0,0.2114,1.0,0.0,0.0
P_340,340,Sữa Rửa Mặt Cocoon Sen Hậu Giang Làm Dịu Da Nhạy Cảm 310ml,CLEANSER,Cocoon,219000.0,1.0,0.0,0.0,0.0,0.0,-0.1654,0.0,0.0,1.0
P_343,343,Sữa Chống Nắng Anessa Dưỡng Da Kiềm Dầu 20ml (Mới),SUNSCREEN,Anessa,175000.0,0.0,0.0,0.0,1.0,0.0,-0.4368,1.0,0.0,0.0
P_344,344,Serum Paula's Choice Se Khít Lỗ Chân Lông Tối Ưu 20ml,SERUM,Paula's Choice,1362000.0,0.0,1.0,0.0,0.0,0.0,2.046,0.0,0.0,0.0
P_349,349,Kem Dưỡng Eucerin Làm Sáng Da Ban Đêm 50ml,MOISTURIZER,Eucerin,682000.0,0.0,0.0,1.0,0.0,0.0,1.2091,0.0,0.0,0.0
P_350,350,Serum Skin1004 Rau Má Làm Dịu & Hỗ Trợ Phục Hồi Da 55ml,SERUM,Skin1004,243000.0,0.0,1.0,0.0,0.0,0.0,-0.0396,1.0,0.0,0.0
P_353,353,"Tinh Chất Bí Đao Cocoon Làm Giảm Mụn, Mờ Thâm 70ml",SERUM,Cocoon,185000.0,0.0,1.0,0.0,0.0,0.0,-0.3695,1.0,0.0,0.0
P_356,356,Sữa Rửa Mặt Cerave Cho Da Dầu Mụn 236ml,CLEANSER,CeraVe,287000.0,1.0,0.0,0.0,0.0,0.0,0.1618,1.0,0.0,0.0
P_357,357,Miếng Dán Mụn Derma Angel Dùng Cho Ngày & Đêm 18 Miếng,TREATMENT,Derma Angel,55000.0,0.0,0.0,0.0,0.0,1.0,-1.8372,1.0,0.0,0.0
P_361,361,"Serum Tia'm Thu Nhỏ Lỗ Chân Lông, Giảm Dầu Nhờn 40ml",SERUM,TIA'M,335000.0,0.0,1.0,0.0,0.0,0.0,0.3489,1.0,0.0,0.0
P_370,370,Gel Giảm Mụn Alcom Derma Forte Advanced 15g,TREATMENT,Gamma Chemicals,108000.0,0.0,0.0,0.0,0.0,1.0,-1.0207,1.0,0.0,0.0
P_373,373,Sữa Rửa Mặt Skin1004 Làm Sạch Sâu Cho Da Nhạy Cảm 125ml,CLEANSER,Skin1004,263000.0,1.0,0.0,0.0,0.0,0.0,0.0561,1.0,0.0,0.0
P_378,378,"Kem Dưỡng Ducray Giúp Làm Giảm Mụn, Mờ Vết Thâm 30ml",TREATMENT,Ducray,340000.0,0.0,0.0,0.0,0.0,1.0,0.3668,1.0,0.0,0.0
P_381,381,Kem Dưỡng Forencos Dầu Marula Nâng Tông Da Ban Ngày 15g,MOISTURIZER,Forencos,175000.0,0.0,0.0,1.0,0.0,0.0,-0.4368,0.0,0.0,0.0
P_384,384,Kem Dưỡng Olay Ban Ngày Ngăn Ngừa 7 Dấu Hiệu Lão Hóa 50g,MOISTURIZER,Olay,237000.0,0.0,0.0,1.0,0.0,0.0,-0.0698,0.0,0.0,0.0
P_392,392,Lotion Chấm Mụn Bye Bye Blemish Cho Da Mụn Thâm 30ml,TREATMENT,Bye Bye Blemish,336000.0,0.0,0.0,0.0,0.0,1.0,0.3525,0.0,0.0,0.0
P_397,397,Serum Chống Nắng Anessa Dưỡng Da Nâng Tông 30ml,SUNSCREEN,Anessa,518000.0,0.0,0.0,0.0,1.0,0.0,0.8763,0.0,0.0,0.0
P_398,398,Lotion Chấm Mụn Bye Bye Blemish Dành Cho Mụn Sưng Viêm 30ml,TREATMENT,Bye Bye Blemish,336000.0,0.0,0.0,0.0,0.0,1.0,0.3525,1.0,0.0,0.0
P_400,400,Serum Balance Active Formula Ngừa Mụn Mờ Thâm 30ml,SERUM,Balance Active Formula,130000.0,0.0,1.0,0.0,0.0,0.0,-0.7964,1.0,0.0,0.0
P_401,401,Sữa Chống Nắng Sunplay Skin Aqua Dưỡng Da Sáng Mịn 25g,SUNSCREEN,Sunplay,92000.0,0.0,0.0,0.0,1.0,0.0,-1.2148,1.0,0.0,0.0
P_404,404,Sữa Rửa Mặt Cetaphil Dịu Lành Cho Da Dầu Nhạy Cảm 500ml,CLEANSER,Cetaphil,405000.0,1.0,0.0,0.0,0.0,0.0,0.5785,0.0,0.0,1.0
P_407,407,Serum Chống Nắng Garnier 12H Kiềm Dầu & Hỗ Trợ Giảm Mụn 30ml,SUNSCREEN,Garnier,131000.0,0.0,0.0,0.0,1.0,0.0,-0.7871,1.0,0.0,0.0
P_408,408,Miếng Dán Mụn Mayan Ultra Thin Spot 20+4 Miếng,TREATMENT,Mayan,27000.0,0.0,0.0,0.0,0.0,1.0,-2.6981,1.0,0.0,0.0
P_409,409,"Serum Tia'm HA Cấp Nước, Hỗ Trợ Căng Bóng Da 40ml",SERUM,TIA'M,298000.0,0.0,1.0,0.0,0.0,0.0,0.2073,0.0,0.0,0.0
P_413,413,"Kem Dưỡng Olay Dưỡng Sáng Da, Mờ Thâm Mụn 50g",MOISTURIZER,Olay,388000.0,0.0,0.0,1.0,0.0,0.0,0.5266,0.0,0.0,0.0
P_414,414,"Kem Dưỡng Ẩm Swiss Image Phục Hồi, Tái Tạo Da Ban Đêm 50ml",MOISTURIZER,Swiss Image,350000.0,0.0,0.0,1.0,0.0,0.0,0.4019,0.0,0.0,0.0
P_418,418,Tinh Chất Angel's Liquid Giảm Thâm Nám Chuyên Biệt 30ml,SERUM,Angel's Liquid,525000.0,0.0,1.0,0.0,0.0,0.0,0.8925,0.0,0.0,0.0
P_419,419,Sữa Rửa Mặt Caryophy Ngăn Ngừa Mụn Giảm Thâm 150ml,CLEANSER,Caryophy,199000.0,1.0,0.0,0.0,0.0,0.0,-0.2813,1.0,0.0,0.0
P_427,427,Gel Rửa Mặt SVR Không Chứa Xà Phòng Cho Da Dầu 55ml,CLEANSER,SVR,113000.0,1.0,0.0,0.0,0.0,0.0,-0.966,1.0,0.0,0.0
P_428,428,"Gel Dưỡng Hada Labo Sáng Da Chuyên Sâu, Giảm Thâm Sạm 50g",MOISTURIZER,Hada Labo,176000.0,0.0,0.0,1.0,0.0,0.0,-0.4299,0.0,0.0,0.0
P_429,429,"Kem Dưỡng Olay Mờ Vết Thâm, Đốm Nâu, Dưỡng Sáng Da 50g",MOISTURIZER,Olay,378000.0,0.0,0.0,1.0,0.0,0.0,0.495,0.0,0.0,0.0
P_434,434,"Combo 2 Kem Rửa Mặt Hada Labo Sạch Sâu, Dưỡng Sáng Da 80g",CLEANSER,Hada Labo,124000.0,1.0,0.0,0.0,0.0,0.0,-0.8536,0.0,0.0,0.0
P_436,436,Combo 2 Kem Dưỡng Ẩm Neutrogena Cấp Nước Cho Da Dầu 50g,MOISTURIZER,Neutrogena,465000.0,0.0,0.0,1.0,0.0,0.0,0.7457,1.0,0.0,0.0
P_438,438,"Serum Prettyskin B5 Phục Hồi, Dưỡng Sáng Da 50ml",SERUM,Prettyskin,375000.0,0.0,1.0,0.0,0.0,0.0,0.4854,0.0,0.0,0.0
P_442,442,Serum Simple Hyaluronic Acid & B5 Cấp Ẩm Sâu Đa Tầng 30ml,SERUM,Simple,223000.0,0.0,1.0,0.0,0.0,0.0,-0.1435,0.0,1.0,0.0
P_446,446,Serum Eucerin Giảm Thâm Mụn Và Dưỡng Sáng Da 40ml,SERUM,Eucerin,492000.0,0.0,1.0,0.0,0.0,0.0,0.814,1.0,0.0,0.0
P_448,448,Kem Chống Nắng L'Oreal Mịn Nhẹ Kiềm Dầu Thoáng Mịn Da 50ml,SUNSCREEN,L'Oreal,299000.0,0.0,0.0,0.0,1.0,0.0,0.2114,1.0,0.0,0.0
P_450,450,Sữa Rửa Mặt Naruko Dạng Bùn Tràm Trà 120ml,CLEANSER,Naruko,195000.0,1.0,0.0,0.0,0.0,0.0,-0.3058,1.0,0.0,0.0
P_452,452,Kem Dưỡng Eucerin Sáng Da Ban Ngày 50ml,MOISTURIZER,Eucerin,752000.0,0.0,0.0,1.0,0.0,0.0,1.3273,0.0,0.0,0.0
P_456,456,"Kem Dưỡng Forencos Peptide Sáng Da, Giảm Nhăn Ban Đêm 50ml",MOISTURIZER,Forencos,439000.0,0.0,0.0,1.0,0.0,0.0,0.6761,0.0,0.0,0.0
P_459,459,"Kem Dưỡng Ẩm Bioderma Giảm Khô Căng, Bong Tróc Da Mụn 40ml",MOISTURIZER,Bioderma,391000.0,0.0,0.0,1.0,0.0,0.0,0.536,0.0,1.0,0.0
P_460,460,Kem Dưỡng Forencos Dầu Marula Nâng Tông Da Ban Ngày 50ml,MOISTURIZER,Forencos,439000.0,0.0,0.0,1.0,0.0,0.0,0.6761,0.0,0.0,0.0
P_462,462,"Kem Dưỡng Torriden Làm Dịu, Phục Hồi Da Bị Tổn Thương 80ml",MOISTURIZER,Torriden,257000.0,0.0,0.0,1.0,0.0,0.0,0.0282,1.0,0.0,0.0
P_465,465,Combo 2 Sữa Rửa Mặt Cocoon Chiết Xuất Từ Nghệ Hưng Yên 310ml,CLEANSER,Cocoon,290000.0,1.0,0.0,0.0,0.0,0.0,0.1744,0.0,0.0,0.0
P_466,466,Kem Dưỡng Ẩm Nivea Dưỡng Da Sáng Mịn 60ml,MOISTURIZER,Nivea,77000.0,0.0,0.0,1.0,0.0,0.0,-1.4301,0.0,1.0,0.0
P_469,469,Sáp Dưỡng Ẩm Vaseline Original Protecting Jelly 50ml,MOISTURIZER,Vaseline,55000.0,0.0,0.0,1.0,0.0,0.0,-1.8372,0.0,1.0,0.0
P_470,470,Gel Dưỡng I'm from Dưỡng Ẩm Và Kiểm Soát Dầu 75g,MOISTURIZER,I'm from,328000.0,0.0,0.0,1.0,0.0,0.0,0.3234,0.0,0.0,0.0
P_472,472,Combo 4 Gel Rửa Mặt La Roche-Posay Cho Da Dầu Nhạy Cảm 50ml,CLEANSER,La Roche-Posay,219000.0,1.0,0.0,0.0,0.0,0.0,-0.1654,1.0,0.0,0.0
P_473,473,"Serum Bio-essence Dưỡng Ẩm, Phục Hồi Da 30ml",SERUM,Bio-essence,350000.0,0.0,1.0,0.0,0.0,0.0,0.4019,0.0,0.0,0.0
P_487,487,Gel Dưỡng Ẩm Bioderma Làm Dịu Cho Da Rất Khô 500ml,MOISTURIZER,Bioderma,694000.0,0.0,0.0,1.0,0.0,0.0,1.2302,0.0,1.0,0.0
P_488,488,Kem Chống Nắng Eucerin Chứa Tinh Chất Sáng Da 50ml,SUNSCREEN,Eucerin,430000.0,0.0,0.0,0.0,1.0,0.0,0.651,0.0,0.0,0.0
P_493,493,"Serum Prettyskin B5 Phục Hồi, Dưỡng Sáng Cho Da Dầu 50ml",SERUM,Prettyskin,375000.0,0.0,1.0,0.0,0.0,0.0,0.4854,1.0,0.0,0.0
P_497,497,Kem Dưỡng Naris Nature Làm Sáng Da Ban Đêm 50g,MOISTURIZER,Naris Cosmetics,435000.0,0.0,0.0,1.0,0.0,0.0,0.665,0.0,0.0,0.0
P_502,502,Kem Dưỡng La Roche-Posay Giảm Thâm Nám & Dưỡng Sáng Da 40ml,MOISTURIZER,La Roche-Posay,774000.0,0.0,0.0,1.0,0.0,0.0,1.3622,0.0,0.0,0.0
P_503,503,"Kem Dưỡng A-Derma Làm Dịu, Giảm Sẹo & Phục Hồi Thương Tổn 40ml",MOISTURIZER,A-Derma,418000.0,0.0,0.0,1.0,0.0,0.0,0.6167,0.0,0.0,0.0
P_505,505,"Serum Melano CC Dưỡng Sáng Da, Ngừa Thâm Nám 20ml",SERUM,Melano CC,217000.0,0.0,1.0,0.0,0.0,0.0,-0.1765,0.0,0.0,0.0
P_506,506,Kem Dưỡng Ẩm Klairs Làm Dịu & Phục Hồi Da Ban Đêm 30ml,MOISTURIZER,Klairs,287000.0,0.0,0.0,1.0,0.0,0.0,0.1618,0.0,0.0,1.0
P_510,510,Sữa Chống Nắng La Roche-Posay Cho Da Dầu Mụn 50ml,SUNSCREEN,La Roche-Posay,375000.0,0.0,0.0,0.0,1.0,0.0,0.4854,1.0,0.0,0.0
P_548,548,Kem Dưỡng Cocoon Dạng Thạch Hoa Hồng Dưỡng Ẩm Da 30ml,MOISTURIZER,Cocoon,162000.0,0.0,0.0,1.0,0.0,0.0,-0.5302,0.0,0.0,0.0
P_550,550,Kem Dưỡng Garnier Tinh Chất Serum Sáng Da Ban Ngày 50ml,MOISTURIZER,Garnier,148000.0,0.0,0.0,1.0,0.0,0.0,-0.6395,0.0,0.0,0.0
P_553,553,Kem Dưỡng Angel's Liquid Giảm Thâm Nám Chuyên Biệt 50ml,MOISTURIZER,Angel's Liquid,525000.0,0.0,0.0,1.0,0.0,0.0,0.8925,0.0,0.0,0.0
P_559,559,Serum Eucerin Phục Hồi Da Nhạy Cảm 30ml,SERUM,Eucerin,548000.0,0.0,1.0,0.0,0.0,0.0,0.9444,0.0,0.0,1.0
P_561,561,"Kem Dưỡng Angel's Liquid Dưỡng Sáng Da, Mờ Thâm Nám 50ml",MOISTURIZER,Angel's Liquid,398000.0,0.0,0.0,1.0,0.0,0.0,0.5574,0.0,0.0,0.0
P_563,563,Gel Rửa Mặt Compliment 3 In 1 BHA Ngừa Mụn Kiềm Dầu 200ml,CLEANSER,Compliment,73000.0,1.0,0.0,0.0,0.0,0.0,-1.4947,1.0,0.0,0.0
P_564,564,"Gel Rửa Mặt La Roche-Posay Mờ Thâm, Sáng Da 200ml",CLEANSER,La Roche-Posay,491000.0,1.0,0.0,0.0,0.0,0.0,0.8115,0.0,0.0,0.0
P_567,567,Gel Rửa Mặt Bioderma Tạo Bọt Cho Da Nhạy Cảm 200ml,CLEANSER,Bioderma,337000.0,1.0,0.0,0.0,0.0,0.0,0.3561,0.0,0.0,1.0
P_571,571,Sữa Rửa Mặt Cetaphil Tạo Bọt Dịu Lành Cho Da Nhạy Cảm 473ml,CLEANSER,Cetaphil,377000.0,1.0,0.0,0.0,0.0,0.0,0.4918,0.0,0.0,1.0
P_573,573,Sữa Chống Nắng Sunplay Bảo Vệ Vượt Trội SPF50+ PA++++ 70g,SUNSCREEN,Sunplay,132000.0,0.0,0.0,0.0,1.0,0.0,-0.7779,0.0,0.0,0.0
P_576,576,Kem Rửa Mặt Hada Labo Dưỡng Chuyên Biệt Ngừa Lão Hóa 80g,CLEANSER,Hada Labo,71000.0,1.0,0.0,0.0,0.0,0.0,-1.5283,0.0,1.0,0.0
P_577,577,[Mini] Sữa Rửa Mặt CeraVe Sạch Sâu Cho Da Thường Đến Da Dầu 30ml,CLEANSER,CeraVe,23000.0,1.0,0.0,0.0,0.0,0.0,-2.8921,1.0,0.0,0.0
P_579,579,Kem Dưỡng Caryophy Cấp Ẩm Và Phục Hồi Da 50ml,MOISTURIZER,Caryophy,324000.0,0.0,0.0,1.0,0.0,0.0,0.3085,0.0,0.0,1.0
P_582,582,Gel Chấm Mụn Naris Cosmetics Acne Grand 20g,TREATMENT,Naris Cosmetics,385000.0,0.0,0.0,0.0,0.0,1.0,0.5172,1.0,0.0,0.0
P_584,584,Sữa Rửa Mặt CeraVe Cho Da Thường Đến Khô 88ml,CLEANSER,CeraVe,135000.0,1.0,0.0,0.0,0.0,0.0,-0.7508,0.0,1.0,0.0
P_585,585,"Kem Dưỡng SVR Kiềm Dầu, Se Khít Lỗ Chân Lông 40ml (Mới)",MOISTURIZER,SVR,325000.0,0.0,0.0,1.0,0.0,0.0,0.3123,1.0,0.0,0.0
P_587,587,Combo 2 Kem Rửa Mặt Hada Labo Cho Da Mụn Và Nhạy Cảm 80g,CLEANSER,Hada Labo,128000.0,1.0,0.0,0.0,0.0,0.0,-0.8152,1.0,0.0,0.0
P_589,589,Gel Dưỡng SVR Giảm Mụn & Loại Bỏ Dầu Cho Da 40ml,TREATMENT,SVR,361000.0,0.0,0.0,0.0,0.0,1.0,0.4394,1.0,0.0,0.0
P_602,602,Serum Hada Labo Retinol B3 Ngừa Lão Hóa 30ml (Mới),SERUM,Hada Labo,317000.0,0.0,1.0,0.0,0.0,0.0,0.2821,0.0,0.0,0.0
P_603,603,"Kem Dưỡng Bio-essence Cấp Ẩm Sâu, Ngăn Bụi Bẩn 50g",MOISTURIZER,Bio-essence,212000.0,0.0,0.0,1.0,0.0,0.0,-0.2047,0.0,0.0,0.0
P_604,604,Serum Martiderm Giảm Mụn & Kiểm Soát Nhờn 30ml,SERUM,Martiderm,699000.0,0.0,1.0,0.0,0.0,0.0,1.2389,1.0,0.0,0.0
P_607,607,Kem Dưỡng Ẩm Cetaphil Dịu Lành Cho Da Nhạy Cảm 50g,MOISTURIZER,Cetaphil,167000.0,0.0,0.0,1.0,0.0,0.0,-0.4934,0.0,0.0,1.0
P_608,608,"Kem Dưỡng Ẩm Eucerin Dịu Nhẹ Cho Da Thường, Hỗn Hợp 50ml",MOISTURIZER,Eucerin,463000.0,0.0,0.0,1.0,0.0,0.0,0.7405,0.0,0.0,0.0
P_611,611,Sữa Chống Nắng Cocoon Chiết Xuất Bí Đao Quang Phổ Rộng 15ml,SUNSCREEN,Cocoon,123000.0,0.0,0.0,0.0,1.0,0.0,-0.8634,1.0,0.0,0.0
P_616,616,Kem Dưỡng Neutrogena Retinol Ngăn Ngừa Lão Hóa 50g,MOISTURIZER,Neutrogena,326000.0,0.0,0.0,1.0,0.0,0.0,0.316,0.0,0.0,0.0
P_619,619,"Serum Torriden Làm Dịu, Giảm Mẩn Đỏ Cho Da Mụn 50ml",SERUM,Torriden,265000.0,0.0,1.0,0.0,0.0,0.0,0.0653,1.0,0.0,0.0
P_622,622,Kem Chống Nắng Cocoon Bí Đao Quang Phổ Rộng 50ml,SUNSCREEN,Cocoon,252000.0,0.0,0.0,0.0,1.0,0.0,0.0044,1.0,0.0,0.0
P_628,628,Kem Rửa Mặt Hada Labo Cho Da Mụn Và Nhạy Cảm 80g,CLEANSER,Hada Labo,71000.0,1.0,0.0,0.0,0.0,0.0,-1.5283,1.0,0.0,0.0
P_629,629,Serum DrCeutics Vitamin B5 Cấp Ẩm Cho Da Dầu Mụn 30g,SERUM,DrCeutics,118000.0,0.0,1.0,0.0,0.0,0.0,-0.9136,0.0,0.0,0.0
P_636,636,[Mini] Kem Dưỡng Neutrogena Cấp Nước Cho Da Dầu 15g,MOISTURIZER,Neutrogena,88000.0,0.0,0.0,1.0,0.0,0.0,-1.2685,1.0,0.0,0.0
P_639,639,[Mua 1 Tặng 1] Kem Chống Nắng Clinicos Nâng Tông Tự Nhiên 50ml,SUNSCREEN,Clinicos,381000.0,0.0,0.0,0.0,1.0,0.0,0.5046,0.0,0.0,0.0
P_641,641,Gel Rửa Mặt Compliment BHA & Zinc Giảm Viêm Ngừa Mụn 200ml,CLEANSER,Compliment,79000.0,1.0,0.0,0.0,0.0,0.0,-1.3991,1.0,0.0,0.0
P_643,643,Sữa Rửa Mặt L'Oreal Cấp Ẩm Và Căng Mịn Da 100ml,CLEANSER,L'Oreal,121000.0,1.0,0.0,0.0,0.0,0.0,-0.8832,0.0,0.0,0.0
P_644,644,[Mini] Kem Dưỡng L'Oreal Sáng Mịn Mờ Thâm Nám Ban Ngày 15ml,MOISTURIZER,L'Oreal,59000.0,0.0,0.0,1.0,0.0,0.0,-1.7523,0.0,0.0,0.0
P_645,645,Kem Giảm Mụn Acnes Chuyên Sâu 10g,TREATMENT,Acnes,45000.0,0.0,0.0,0.0,0.0,1.0,-2.08,1.0,0.0,0.0
P_647,647,"Serum Olay Mờ Vết Thâm, Đốm Nâu, Dưỡng Sáng Da 30ml",SERUM,Olay,321000.0,0.0,1.0,0.0,0.0,0.0,0.2973,0.0,0.0,0.0
P_648,648,"Kem Dưỡng Skin1004 Rau Má Dưỡng Ẩm, Phục Hồi Da 75g",MOISTURIZER,Skin1004,329000.0,0.0,0.0,1.0,0.0,0.0,0.3271,0.0,0.0,1.0
P_651,651,Serum Paula's Choice Làm Mờ Thâm Nám Và Đều Màu Da 30ml,SERUM,Paula's Choice,1277000.0,0.0,1.0,0.0,0.0,0.0,1.968,0.0,0.0,0.0
P_653,653,Sữa Chống Nắng Sunplay Skin Aqua Dưỡng Da Ngừa Mụn 25g,SUNSCREEN,Sunplay,96000.0,0.0,0.0,0.0,1.0,0.0,-1.1633,1.0,0.0,0.0
P_654,654,Sáp Dưỡng Ẩm Vaseline Original Protecting Jelly 100ml,MOISTURIZER,Vaseline,101000.0,0.0,0.0,1.0,0.0,0.0,-1.1018,0.0,1.0,0.0
P_655,655,Kem Dưỡng L'Oreal Săn Chắc Da và Giảm Nếp Nhăn Ban Đêm 50ml,MOISTURIZER,L'Oreal,329000.0,0.0,0.0,1.0,0.0,0.0,0.3271,0.0,0.0,0.0
P_656,656,"Serum Skin1004 Cấp Ẩm, Làm Dịu & Dưỡng Sáng Da 50ml",SERUM,Skin1004,341000.0,0.0,1.0,0.0,0.0,0.0,0.3704,0.0,0.0,0.0
P_657,657,Gel Rửa Mặt Compliment AHA-BHA-PHA Tẩy Da Chết 200ml,CLEANSER,Compliment,79000.0,1.0,0.0,0.0,0.0,0.0,-1.3991,1.0,0.0,0.0
P_664,664,Sữa Rửa Mặt Curél Dạng Bọt Cấp Ẩm Chuyên Sâu 150ml,CLEANSER,Curél,269000.0,1.0,0.0,0.0,0.0,0.0,0.0834,0.0,1.0,0.0
P_665,665,Miếng Dán Mụn Acnes Giúp Giảm Mụn Sưng Viêm 48 Miếng,TREATMENT,Acnes,79000.0,0.0,0.0,0.0,0.0,1.0,-1.3991,0.0,0.0,0.0
P_668,668,Combo 2 Kem Rửa Mặt Hada Labo Dưỡng Chuyên Biệt Ngừa Lão Hóa 80g,CLEANSER,Hada Labo,124000.0,1.0,0.0,0.0,0.0,0.0,-0.8536,0.0,1.0,0.0
P_669,669,Sữa Rửa Mặt L'Oreal Glycolic Bright Sáng Da 100ml,CLEANSER,L'Oreal,114000.0,1.0,0.0,0.0,0.0,0.0,-0.9553,0.0,0.0,0.0
P_670,670,Sữa Chống Nắng Cocoon Bí Đao Quang Phổ Rộng 50ml,SUNSCREEN,Cocoon,277000.0,0.0,0.0,0.0,1.0,0.0,0.1189,1.0,0.0,0.0
P_671,671,Combo 2 Kem Dưỡng Cocoon Dạng Thạch Hoa Hồng Dưỡng Ẩm Da 30ml,MOISTURIZER,Cocoon,207000.0,0.0,0.0,1.0,0.0,0.0,-0.2336,0.0,1.0,0.0
P_672,672,Sữa Rửa Mặt St.Ives Tẩy Tế Bào Chết Trà Xanh & Than Tre 170g,CLEANSER,St.Ives,129000.0,1.0,0.0,0.0,0.0,0.0,-0.8058,1.0,0.0,0.0
P_673,673,[Mini] Kem Dưỡng Ẩm Klairs Làm Dịu & Phục Hồi Da Ban Đêm 20g,MOISTURIZER,Klairs,99000.0,0.0,0.0,1.0,0.0,0.0,-1.126,0.0,0.0,1.0
P_674,674,Kem Dưỡng Ẩm Bioderma Chuyên Sâu Cho Da Rất Khô 75ml,MOISTURIZER,Bioderma,246000.0,0.0,0.0,1.0,0.0,0.0,-0.0247,0.0,1.0,0.0
P_675,675,Serum Senka Dưỡng Ẩm Chuyên Sâu Và Ngừa Lão Hóa 30ml,SERUM,Senka,289000.0,0.0,1.0,0.0,0.0,0.0,0.1702,0.0,0.0,0.0
P_678,678,"Dầu Khô Đa Năng Nuxe Dưỡng Ẩm Cho Da Mặt, Body Và Tóc 100ml",MOISTURIZER,Nuxe,779000.0,0.0,0.0,1.0,0.0,0.0,1.37,0.0,1.0,0.0
P_679,679,"Gel Rửa Mặt SVR Không Xà Phòng Cho Da Khô, Nhạy Cảm 200ml",CLEANSER,SVR,235000.0,1.0,0.0,0.0,0.0,0.0,-0.0801,0.0,0.0,1.0
P_683,683,Sữa Rửa Mặt Cetaphil Dịu Lành Cho Da Nhạy Cảm 250ml (Mới),CLEANSER,Cetaphil,198000.0,1.0,0.0,0.0,0.0,0.0,-0.2873,0.0,0.0,1.0
P_684,684,Kem Dưỡng d program Hỗ Trợ Phục Hồi Da 45g,MOISTURIZER,dProgram,365000.0,0.0,0.0,1.0,0.0,0.0,0.4527,0.0,0.0,1.0
P_685,685,Xịt Chống Nắng Anessa Dưỡng Da Đa Năng 60g (Mới),SUNSCREEN,Anessa,306000.0,0.0,0.0,0.0,1.0,0.0,0.2394,0.0,0.0,0.0
P_686,686,Sữa Rửa Mặt Cetaphil Dịu Lành Cho Da Dầu Nhạy Cảm 125ml,CLEANSER,Cetaphil,139000.0,1.0,0.0,0.0,0.0,0.0,-0.7154,0.0,0.0,1.0
P_696,696,Kem Dưỡng Pekah Làm Sáng Và Nâng Tông Da 50ml,MOISTURIZER,Pekah,338000.0,0.0,0.0,1.0,0.0,0.0,0.3597,0.0,0.0,0.0
P_699,699,Sữa Rửa Mặt innisfree Dưỡng Ẩm Chiết Xuất Trà Xanh 150g (Mới),CLEANSER,innisfree,187000.0,1.0,0.0,0.0,0.0,0.0,-0.3565,0.0,1.0,0.0
P_712,712,Sữa Rửa Mặt Simple Dưỡng Ẩm Cho Da Khỏe Và Mịn Màng 150ml,CLEANSER,Simple,93000.0,1.0,0.0,0.0,0.0,0.0,-1.2017,0.0,1.0,0.0
P_713,713,Sữa Chống Nắng L’Oreal Bảo Vệ Phổ Rộng Sáng Da Mờ Thâm 50ml,SUNSCREEN,L'Oreal,248000.0,0.0,0.0,0.0,1.0,0.0,-0.0149,0.0,0.0,0.0
P_715,715,Serum L'Oreal Hyaluronic Acid Cấp Ẩm Sáng Da 15ml,SERUM,L'Oreal,177000.0,0.0,1.0,0.0,0.0,0.0,-0.423,0.0,0.0,0.0
P_725,725,Sữa Chống Nắng Sunplay Hiệu Chỉnh Sắc Da 50g (Xanh Dương),SUNSCREEN,Sunplay,132000.0,0.0,0.0,0.0,1.0,0.0,-0.7779,0.0,0.0,0.0
P_728,728,Gel Rửa Mặt Eucerin Cho Da Nhờn Mụn 200ml,CLEANSER,Eucerin,295000.0,1.0,0.0,0.0,0.0,0.0,0.1951,1.0,0.0,0.0
P_729,729,Gel Chống Nắng L'Oreal Watergel Thế Hệ Mới 50ml,SUNSCREEN,L'Oreal,254000.0,0.0,0.0,0.0,1.0,0.0,0.014,0.0,0.0,0.0
P_730,730,Serum Neutrogena Retinol Ngăn Ngừa Lão Hóa 30ml,SERUM,Neutrogena,313000.0,0.0,1.0,0.0,0.0,0.0,0.2667,0.0,0.0,0.0
P_731,731,Sữa Dưỡng Naris Cosmetics Collagen Ngăn Ngừa Lão Hóa 150ml,MOISTURIZER,Naris Cosmetics,439000.0,0.0,0.0,1.0,0.0,0.0,0.6761,0.0,0.0,0.0
P_736,736,Tinh Chất Sur.Medic+ Huyết Thanh Sáng Da Căng Bóng 32ml,SERUM,Sur.Medic+,383000.0,0.0,1.0,0.0,0.0,0.0,0.5109,0.0,0.0,0.0
P_739,739,"Kem Chống Nắng The Saem Kiềm Dầu, Nâng Tông Sáng Hồng 50g (Mới)",SUNSCREEN,The SAEM,130000.0,0.0,0.0,0.0,1.0,0.0,-0.7964,0.0,0.0,0.0
P_740,740,Gel Giảm Mụn Eucerin Dành Cho Mụn Viêm & Không Viêm 40ml,TREATMENT,Eucerin,400000.0,0.0,0.0,0.0,0.0,1.0,0.5635,1.0,0.0,0.0
P_742,742,Kem Dưỡng Ẩm Paula's Choice Dành Cho Da Mụn 60ml,MOISTURIZER,Paula's Choice,560000.0,0.0,0.0,1.0,0.0,0.0,0.9706,1.0,0.0,0.0
P_743,743,Serum Eucerin Cấp Ẩm & Ngăn Ngừa Lão Hóa 30ml,SERUM,Eucerin,730000.0,0.0,1.0,0.0,0.0,0.0,1.2914,0.0,1.0,0.0
P_744,744,"Sữa Rửa Mặt Simple Purify+ Giảm Mụn, Kiểm Soát Dầu 240ml",CLEANSER,Simple,189000.0,1.0,0.0,0.0,0.0,0.0,-0.3436,1.0,0.0,0.0
P_745,745,"Ampoule Angel's Liquid Dưỡng Sáng Da, Mờ Thâm Nám 30ml",SERUM,Angel's Liquid,398000.0,0.0,1.0,0.0,0.0,0.0,0.5574,0.0,0.0,0.0
P_747,747,Sữa Rửa Mặt Simple Dưỡng Ẩm Cho Da Dạng Gel 150ml,CLEANSER,Simple,88000.0,1.0,0.0,0.0,0.0,0.0,-1.2685,0.0,0.0,0.0
P_753,753,Gel Rửa Mặt Swiss Image Cho Da Hỗn Hợp Và Dầu Mụn 200ml,CLEANSER,Swiss Image,298000.0,1.0,0.0,0.0,0.0,0.0,0.2073,1.0,0.0,0.0
P_754,754,Sữa Rửa Mặt Eucerin Dịu Nhẹ Cho Da Nhạy Cảm 100ml (Mới),CLEANSER,Eucerin,116000.0,1.0,0.0,0.0,0.0,0.0,-0.9343,0.0,0.0,1.0
P_755,755,Serum DrCeutics 12% Niacinamide Sáng Da Mờ Thâm Kiềm Dầu 40g,SERUM,DrCeutics,204000.0,0.0,1.0,0.0,0.0,0.0,-0.2512,0.0,0.0,0.0
P_756,756,Tinh Chất Chống Nắng Senka Nâng Tông Sáng Mượt Da Dầu 50g,SUNSCREEN,Senka,146000.0,0.0,0.0,0.0,1.0,0.0,-0.656,1.0,0.0,0.0
P_757,757,Kem Dưỡng Ẩm SVR Dành Cho Da Dầu Mụn 40ml,MOISTURIZER,SVR,385000.0,0.0,0.0,1.0,0.0,0.0,0.5172,1.0,0.0,0.0
P_761,761,Serum Balance Active Formula Cấp Nước Dưỡng Ẩm Da 30ml,SERUM,Balance Active Formula,117000.0,0.0,1.0,0.0,0.0,0.0,-0.9239,0.0,0.0,0.0
P_762,762,Kem Dưỡng Đêm Eucerin Giảm Nếp Nhăn Sâu & Chảy Xệ 50ml,MOISTURIZER,Eucerin,1248000.0,0.0,0.0,1.0,0.0,0.0,1.9402,0.0,0.0,1.0
P_770,770,Combo 2 Sữa Chống Nắng Sunplay Skin Aqua Dưỡng Da Sáng Mịn 55g,SUNSCREEN,Sunplay,295000.0,0.0,0.0,0.0,1.0,0.0,0.1951,1.0,0.0,0.0
P_771,771,Serum Elixir Kích Hoạt Trẻ Hóa Làn Da 50ml,SERUM,Elixir,1626000.0,0.0,1.0,0.0,0.0,0.0,2.2604,0.0,0.0,0.0
P_772,772,Serum Torriden Se Khít Lỗ Chân Lông 30ml,SERUM,Torriden,303000.0,0.0,1.0,0.0,0.0,0.0,0.2274,0.0,0.0,0.0
P_781,781,Sữa Rửa Mặt Senka Tạo Bọt Chiết Xuất Tơ Tằm Trắng 120g,CLEANSER,Senka,76000.0,1.0,0.0,0.0,0.0,0.0,-1.4459,1.0,0.0,0.0
P_782,782,"Serum 9Wishes Dưỡng Sáng Da, Giảm Thâm 25ml",SERUM,9Wishes,211000.0,0.0,1.0,0.0,0.0,0.0,-0.2104,0.0,0.0,0.0
P_783,783,Tinh Chất Cocoon Nghệ Hưng Yên x2.2 Sáng Da Chuyên Sâu 30ml,SERUM,Cocoon,378000.0,0.0,1.0,0.0,0.0,0.0,0.495,0.0,0.0,0.0
P_789,789,Kem Dưỡng Ẩm Nivea Dưỡng Da Sáng Mịn 30ml,MOISTURIZER,Nivea,39000.0,0.0,0.0,1.0,0.0,0.0,-2.2532,0.0,1.0,0.0
P_791,791,Gel Dưỡng Ẩm Nature Republic Chiết Xuất Lô Hội 300ml,MOISTURIZER,Nature Republic,121000.0,0.0,0.0,1.0,0.0,0.0,-0.8832,0.0,0.0,0.0
P_793,793,Kem Dưỡng Cocoon Dạng Thạch Bí Đao Giảm Dầu & Mụn 30ml,MOISTURIZER,Cocoon,174000.0,0.0,0.0,1.0,0.0,0.0,-0.4437,1.0,0.0,0.0
P_796,796,Gel Rửa Mặt I'm from Từ Ngải Cứu Sạch Sâu Dịu Nhẹ 150ml,CLEANSER,I'm from,248000.0,1.0,0.0,0.0,0.0,0.0,-0.0149,0.0,0.0,0.0
P_806,806,Serum Garnier Tăng Cường Sáng Da Mờ Thâm 30ml,SERUM,Garnier,208000.0,0.0,1.0,0.0,0.0,0.0,-0.2277,0.0,0.0,0.0
P_809,809,Gel Nha Đam Milaganics Dưỡng Ẩm & Làm Mềm Da 250g,MOISTURIZER,Milaganics,87000.0,0.0,0.0,1.0,0.0,0.0,-1.2824,0.0,0.0,0.0
P_811,811,"Sữa Chống Nắng Acnes Ngăn Ngừa Mụn Cho Da Mụn, Nhạy Cảm 50g",SUNSCREEN,Acnes,119000.0,0.0,0.0,0.0,1.0,0.0,-0.9034,1.0,0.0,0.0
P_812,812,"Serum Hada Labo Cấp Ẩm Tối Ưu, Phục Hồi Da 30ml",SERUM,Hada Labo,234000.0,0.0,1.0,0.0,0.0,0.0,-0.0852,0.0,1.0,0.0
P_814,814,"Kem Dưỡng Ẩm Avène Chuyên Biệt Cho Da Khô, Nhạy Cảm 100ml",MOISTURIZER,Avène,412000.0,0.0,0.0,1.0,0.0,0.0,0.5993,0.0,1.0,0.0
P_815,815,"Sữa Rửa Mặt Paula's Choice Ngừa Mụn, Se Lỗ Chân Lông 177ml",CLEANSER,Paula's Choice,368000.0,1.0,0.0,0.0,0.0,0.0,0.4626,1.0,0.0,0.0
P_820,820,[Mini] Combo 5 Sữa Rửa Mặt CeraVe Sạch Sâu Cho Da Thường Đến Da Dầu 30ml,CLEANSER,CeraVe,118000.0,1.0,0.0,0.0,0.0,0.0,-0.9136,1.0,0.0,0.0
P_828,828,Sữa Rửa Mặt Senka Tạo Bọt Bổ Sung Collagen 120g,CLEANSER,Senka,89000.0,1.0,0.0,0.0,0.0,0.0,-1.2549,0.0,1.0,0.0
P_830,830,Bọt Rửa Mặt Hada Labo Dưỡng Ẩm Cho Mọi Loại Da 160ml,CLEANSER,Hada Labo,146000.0,1.0,0.0,0.0,0.0,0.0,-0.656,0.0,1.0,0.0
P_834,834,Combo 2 Gel Rửa Mặt SVR Không Chứa Xà Phòng Cho Da Dầu 400ml/ Chai,CLEANSER,SVR,762000.0,1.0,0.0,0.0,0.0,0.0,1.3433,1.0,0.0,0.0
P_835,835,Serum B.O.M Vàng 24K Làm Sáng Và Săn Chắc Da 30ml,SERUM,B.O.M,356000.0,0.0,1.0,0.0,0.0,0.0,0.4225,0.0,0.0,0.0
P_836,836,"Serum Swiss Image Dưỡng Sáng Da, Giảm Xỉn Màu 30ml",SERUM,Swiss Image,400000.0,0.0,1.0,0.0,0.0,0.0,0.5635,0.0,0.0,0.0
P_838,838,Sữa Rửa Mặt d program Tạo Bọt Dưỡng Da 120g,CLEANSER,dProgram,219000.0,1.0,0.0,0.0,0.0,0.0,-0.1654,0.0,0.0,0.0
P_842,842,Kem Chống Nắng Torriden Nâng Tông Da 60ml,SUNSCREEN,Torriden,334000.0,0.0,0.0,0.0,1.0,0.0,0.3453,0.0,0.0,0.0
P_845,845,Miếng Dán Mụn Derma Angel Dùng Cho Ngày 12 Miếng,TREATMENT,Derma Angel,37000.0,0.0,0.0,0.0,0.0,1.0,-2.3169,1.0,0.0,0.0
P_849,849,Kem Dưỡng Ẩm Swiss Image Chống Nắng Ban Ngày 50ml,MOISTURIZER,Swiss Image,350000.0,0.0,0.0,1.0,0.0,0.0,0.4019,0.0,0.0,0.0
P_850,850,Kem Dưỡng Eucerin Giúp Phục Hồi & Tái Tạo Da 50ml,MOISTURIZER,Eucerin,338000.0,0.0,0.0,1.0,0.0,0.0,0.3597,0.0,1.0,0.0
P_851,851,Sữa Rửa Mặt Eucerin Tạo Bọt Làm Sáng Da 150g,CLEANSER,Eucerin,415000.0,1.0,0.0,0.0,0.0,0.0,0.608,0.0,0.0,0.0
P_854,854,"Serum oh!oh! Tế Bào Gốc, Tái Tạo Da 25ml",SERUM,oh!oh!,654000.0,0.0,1.0,0.0,0.0,0.0,1.1584,0.0,0.0,1.0
P_858,858,Sữa Chống Nắng Bioré Nâng Tông Sáng Hồng 30ml,SUNSCREEN,Bioré,90000.0,0.0,0.0,0.0,1.0,0.0,-1.2413,0.0,0.0,0.0
P_860,860,Kem Chống Nắng d'Alba Nâng Tông Cân Bằng Sắc Da Đỏ 50ml,SUNSCREEN,d'Alba,379000.0,0.0,0.0,0.0,1.0,0.0,0.4982,0.0,0.0,1.0
P_861,861,Sữa Rửa Mặt Garnier 3 Trong 1 Giảm Mụn & Sáng Da 100ml (Mới),CLEANSER,Garnier,107000.0,1.0,0.0,0.0,0.0,0.0,-1.032,1.0,0.0,0.0
P_862,862,Serum La Bonita Hyaluronic Acid Cấp Ẩm Dịu Da 50ml,SERUM,La Bonita,218000.0,0.0,1.0,0.0,0.0,0.0,-0.1709,0.0,0.0,1.0
P_868,868,Gel Rửa Mặt Eucerin Cho Da Mụn 400ml,CLEANSER,Eucerin,492000.0,1.0,0.0,0.0,0.0,0.0,0.814,0.0,0.0,0.0
P_870,870,Kem Chống Nắng Heliocare 360 MD A-R Emulsion 50ml,SUNSCREEN,Heliocare,990000.0,0.0,0.0,0.0,1.0,0.0,1.66,0.0,0.0,1.0
P_874,874,Gel Rửa Mặt Eucerin Làm Sạch Dịu Nhẹ Da Nhạy Cảm 200ml,CLEANSER,Eucerin,340000.0,1.0,0.0,0.0,0.0,0.0,0.3668,0.0,0.0,1.0
P_875,875,Sữa Rửa Mặt DrCeutics Hỗ Trợ Sạch Sâu Cho Mọi Loại Da 200g (Mới),CLEANSER,DrCeutics,141000.0,1.0,0.0,0.0,0.0,0.0,-0.6981,0.0,0.0,0.0
P_880,880,"Kem Dưỡng Vichy Giảm Mụn, Phục Hồi Da 50ml",TREATMENT,Vichy,507000.0,0.0,0.0,0.0,0.0,1.0,0.8503,1.0,0.0,0.0
P_881,881,Sữa Rửa Mặt innisfree Kiểm Soát Nhờn Tro Núi Lửa & BHA 150g (Mới),CLEANSER,innisfree,174000.0,1.0,0.0,0.0,0.0,0.0,-0.4437,1.0,0.0,0.0
P_882,882,"Gel Dưỡng Decumar Giảm Mụn, Mờ Thâm Sẹo, Sáng Da 20g",TREATMENT,Decumar,103000.0,0.0,0.0,0.0,0.0,1.0,-1.0781,1.0,0.0,0.0
P_883,883,Kem Chống Nắng Neutrogena Ultra Sheer SPF 50+ 88ml,SUNSCREEN,Neutrogena,198000.0,0.0,0.0,0.0,1.0,0.0,-0.2873,0.0,0.0,0.0
P_885,885,Kem Dưỡng Avène Giảm Khô Ngứa Cho Da Viêm Thể Tạng 200ml,MOISTURIZER,Avène,580000.0,0.0,0.0,1.0,0.0,0.0,1.0131,0.0,1.0,0.0
P_886,886,Tinh Chất Chống Nắng Sunplay Hiệu Chỉnh Sắc Da 50g (Xanh Dương),SUNSCREEN,Sunplay,135000.0,0.0,0.0,0.0,1.0,0.0,-0.7508,0.0,0.0,0.0
P_897,897,"Gel Giảm Mụn Cerave Mờ Thâm, Thu Nhỏ Lỗ Chân Lông 40ml",TREATMENT,CeraVe,310000.0,0.0,0.0,0.0,0.0,1.0,0.2551,0.0,0.0,0.0
P_899,899,Kem Dưỡng Ẩm Nivea Làm Mềm Da 200ml,MOISTURIZER,Nivea,169000.0,0.0,0.0,1.0,0.0,0.0,-0.479,0.0,0.0,0.0
P_906,906,Kem Chống Nắng Fixderma Dưỡng Ẩm Cho Da Mặt & Cơ Thể 75g,SUNSCREEN,Fixderma,343000.0,0.0,0.0,0.0,1.0,0.0,0.3775,0.0,0.0,0.0
P_912,912,"[Mini] Serum Obagi Cấp Nước, Dưỡng Ẩm, Phục Hồi Da 5ml",SERUM,Obagi,249000.0,0.0,1.0,0.0,0.0,0.0,-0.01,0.0,0.0,0.0
P_916,916,Sữa Chống Nắng Curél Mặt & Toàn Thân Cho Da Khô Nhạy Cảm 60ml,SUNSCREEN,Curél,346000.0,0.0,0.0,0.0,1.0,0.0,0.388,0.0,0.0,1.0
P_919,919,Kem Chống Nắng Naris Cosmetics Dạng Gel Dưỡng Sáng Da 90g,SUNSCREEN,Naris Cosmetics,365000.0,0.0,0.0,0.0,1.0,0.0,0.4527,0.0,0.0,0.0
P_922,922,Kem Chống Nắng Cell Fusion C Nâng Tông Cấp Ẩm 50ml,SUNSCREEN,Cell Fusion C,351000.0,0.0,0.0,0.0,1.0,0.0,0.4054,0.0,0.0,0.0
P_924,924,Kem Dưỡng Ẩm Bioderma Cho Da Khô Nhạy Cảm 200ml,MOISTURIZER,Bioderma,295000.0,0.0,0.0,1.0,0.0,0.0,0.1951,0.0,1.0,0.0
P_925,925,Gel Dưỡng Ẩm Naturie Chiết Xuất Hạt Ý Dĩ 180g,MOISTURIZER,Naturie,131000.0,0.0,0.0,1.0,0.0,0.0,-0.7871,0.0,0.0,0.0
P_929,929,Kem Dưỡng Eucerin Giúp Làm Giảm Dầu & Mụn 40ml,TREATMENT,Eucerin,433000.0,0.0,0.0,0.0,0.0,1.0,0.6594,1.0,0.0,0.0
P_931,931,Serum Naris Nature Dưỡng Sáng Da 30ml,SERUM,Naris Cosmetics,545000.0,0.0,1.0,0.0,0.0,0.0,0.9378,0.0,0.0,0.0
P_934,934,"Serum Tia'm Căng Bóng, Trẻ Hoá Da 40ml",SERUM,TIA'M,297000.0,0.0,1.0,0.0,0.0,0.0,0.2032,0.0,0.0,0.0
P_936,936,Combo 2 Gel Rửa Mặt La Roche-Posay Cho Da Dầu Nhạy Cảm 50ml,CLEANSER,La Roche-Posay,145000.0,1.0,0.0,0.0,0.0,0.0,-0.6643,0.0,0.0,0.0
P_939,939,Gel Dưỡng Ẩm Ban Đêm Paula’s Choice Cho Da Mềm Mịn 60ml,MOISTURIZER,Paula's Choice,674000.0,0.0,0.0,1.0,0.0,0.0,1.1948,1.0,0.0,0.0
P_940,940,Gel Rửa Mặt Garnier Sạch Thoáng Dịu Nhẹ Cho Da Dầu Mụn 120ml,CLEANSER,Garnier,129000.0,1.0,0.0,0.0,0.0,0.0,-0.8058,1.0,0.0,0.0
P_955,955,"Serum GoodnDoc Dưỡng Ẩm, Mờ Nhăn & Giúp Da Tươi Sáng 30ml",SERUM,GoodnDoc,483000.0,0.0,1.0,0.0,0.0,0.0,0.7916,0.0,0.0,0.0
P_957,957,"Serum Bioderma Sáng Mịn, Mờ Thâm Cho Da Dầu Mụn 30ml",SERUM,Bioderma,528000.0,0.0,1.0,0.0,0.0,0.0,0.8994,1.0,0.0,0.0
P_964,964,Kem Giảm Mụn La Roche-Posay Dành Cho Mụn Sưng Đỏ 15ml,TREATMENT,La Roche-Posay,514000.0,0.0,0.0,0.0,0.0,1.0,0.8669,1.0,0.0,0.0
P_965,965,"Serum Klairs Phục Hồi, Ngừa Lão Hoá Da Ban Đêm 20ml",SERUM,Klairs,367000.0,0.0,1.0,0.0,0.0,0.0,0.4593,0.0,0.0,0.0
P_975,975,Sữa Rửa Mặt Cetaphil Dịu Lành Cho Da Nhạy Cảm 59ml,CLEANSER,Cetaphil,39000.0,1.0,0.0,0.0,0.0,0.0,-2.2532,0.0,0.0,1.0
P_989,989,Kem Dưỡng A-Derma Làm Dịu & Phục Hồi Da Kích Ứng 50ml,MOISTURIZER,A-Derma,372000.0,0.0,0.0,1.0,0.0,0.0,0.4757,0.0,0.0,1.0
P_995,995,"Kem Dưỡng Vichy Hỗ Trợ Mờ Thâm Nám, Sáng Khỏe Da 50ml",MOISTURIZER,Vichy,1126000.0,0.0,0.0,1.0,0.0,0.0,1.8158,0.0,0.0,0.0
P_998,998,"Sữa Chống Nắng Elixir Nâng Tông, Ngừa Lão Hóa 35g",SUNSCREEN,Elixir,650000.0,0.0,0.0,0.0,1.0,0.0,1.1509,0.0,0.0,0.0
P_1000,1000,Gel Rửa Mặt Eucerin Cho Da Nhờn Mụn 75ml,CLEANSER,Eucerin,163000.0,1.0,0.0,0.0,0.0,0.0,-0.5227,1.0,0.0,0.0
P_1001,1001,Combo 2 Miếng Dán Mụn Derma Angel Dùng Cho Ngày & Đêm 18 Miếng,TREATMENT,Derma Angel,109000.0,0.0,0.0,0.0,0.0,1.0,-1.0096,1.0,0.0,0.0
P_1004,1004,Gel Rửa Mặt Cocoon Bí Đao Giúp Giảm Dầu & Mụn 140ml,CLEANSER,Cocoon,134000.0,1.0,0.0,0.0,0.0,0.0,-0.7597,1.0,0.0,0.0
P_1005,1005,Combo 2 Serum d'Alba Dạng Xịt Nấm Truffle Trắng Căng Bóng Da 100ml,SERUM,d'Alba,821000.0,0.0,1.0,0.0,0.0,0.0,1.4335,0.0,0.0,0.0
P_1009,1009,"Gel Dưỡng Ẩm Hada Labo Ngừa Mụn, Làm Dịu Da 50g",MOISTURIZER,Hada Labo,199000.0,0.0,0.0,1.0,0.0,0.0,-0.2813,1.0,0.0,0.0
P_1021,1021,Sữa Rửa Mặt Curél Dạng Bọt Dành Cho Da Dầu 150ml,CLEANSER,Curél,259000.0,1.0,0.0,0.0,0.0,0.0,0.0376,1.0,0.0,0.0
P_1023,1023,"Serum Olay Retinol24 Ngừa Lão Hóa, Tái Tạo Da Ban Đêm 30ml",SERUM,Olay,356000.0,0.0,1.0,0.0,0.0,0.0,0.4225,0.0,0.0,0.0
P_1031,1031,BB Chống Nắng Trang Điểm d program Tông Sáng 30ml,SUNSCREEN,dProgram,325000.0,0.0,0.0,0.0,1.0,0.0,0.3123,0.0,0.0,0.0
P_1039,1039,"Kem Dưỡng Avène Hỗ Trợ Làm Lành Da, Ngừa Nhiễm Khuẩn 15ml",MOISTURIZER,Avène,211000.0,0.0,0.0,1.0,0.0,0.0,-0.2104,0.0,0.0,1.0
P_1043,1043,Kem Chống Nắng d'Alba Vật Lý Dịu Nhẹ Cho Da Nhạy Cảm 50ml,SUNSCREEN,d'Alba,357000.0,0.0,0.0,0.0,1.0,0.0,0.4259,0.0,0.0,1.0
P_1048,1048,Kem Chống Nắng Dermablock Phổ Rộng Nâng Tông Sáng Hồng 35ml,SUNSCREEN,Dermablock,148000.0,0.0,0.0,0.0,1.0,0.0,-0.6395,0.0,0.0,0.0
P_1049,1049,"Kem Dưỡng B.O.M Sáng Da, Hỗ Trợ Mờ Nếp Nhăn 50g",MOISTURIZER,B.O.M,365000.0,0.0,0.0,1.0,0.0,0.0,0.4527,0.0,0.0,0.0
P_1055,1055,Kem Dưỡng Naris Cosmetics Collagen Ngừa Lão Hóa Da 48g,MOISTURIZER,Naris Cosmetics,439000.0,0.0,0.0,1.0,0.0,0.0,0.6761,0.0,0.0,0.0
P_1057,1057,Combo 2 Sữa Rửa Mặt Senka Tạo Bọt Chiết Xuất Tơ Tằm Trắng 120g,CLEANSER,Senka,152000.0,1.0,0.0,0.0,0.0,0.0,-0.6072,1.0,0.0,0.0
P_1067,1067,Gel Dưỡng Da Curél Dành Cho Da Dầu 120ml,MOISTURIZER,Curél,399000.0,0.0,0.0,1.0,0.0,0.0,0.5605,1.0,0.0,0.0
P_1069,1069,Kem Dưỡng Olay Regenerist Ngừa Lão Hóa Da Ban Ngày 50g,MOISTURIZER,Olay,317000.0,0.0,0.0,1.0,0.0,0.0,0.2821,0.0,0.0,0.0
P_1070,1070,Serum Hada Labo Dưỡng Sáng Da Tối Ưu 30ml,SERUM,Hada Labo,267000.0,0.0,1.0,0.0,0.0,0.0,0.0744,0.0,0.0,0.0
P_1077,1077,Serum CeraVe Retinol Hỗ Trợ Mờ Thâm Mụn 30ml,SERUM,CeraVe,433000.0,0.0,1.0,0.0,0.0,0.0,0.6594,0.0,0.0,0.0
P_1078,1078,Gel Rửa Mặt Bioderma Làm Sạch Sâu Và Giảm Mụn 200ml,CLEANSER,Bioderma,326000.0,1.0,0.0,0.0,0.0,0.0,0.316,1.0,0.0,0.0
P_1079,1079,"Serum Garnier Giảm Mụn Mờ Thâm Cho Da Dầu, Mụn 15ml",SERUM,Garnier,136000.0,0.0,1.0,0.0,0.0,0.0,-0.7418,1.0,0.0,0.0
P_1087,1087,Sữa Rửa Mặt Some By Mi Làm Sạch Sâu Cho Da Dầu Mụn 100ml,CLEANSER,Some By Mi,228000.0,1.0,0.0,0.0,0.0,0.0,-0.1167,0.0,0.0,0.0
P_1088,1088,"Kem Dưỡng Swiss Image Sáng Da, Giảm Thâm Nám Ban Đêm 50ml",MOISTURIZER,Swiss Image,384000.0,0.0,0.0,1.0,0.0,0.0,0.5141,0.0,0.0,0.0
P_1089,1089,Kem Dưỡng Angel's Liquid Làm Mờ Nám Chuyên Sâu 50ml,MOISTURIZER,Angel's Liquid,499000.0,0.0,0.0,1.0,0.0,0.0,0.8311,0.0,0.0,0.0
P_1090,1090,Gel Rửa Mặt Compliment Tràm Trà Kháng Khuẩn Giảm Viêm 200ml,CLEANSER,Compliment,78000.0,1.0,0.0,0.0,0.0,0.0,-1.4145,1.0,0.0,0.0
P_1092,1092,"Serum DrCeutics 10% B5 Cấp Ẩm Hỗ Trợ Làm Dịu, Phục Hồi 30g",SERUM,DrCeutics,163000.0,0.0,1.0,0.0,0.0,0.0,-0.5227,0.0,0.0,1.0
P_1093,1093,Miếng Dán Mụn Derma Angel Salicylic Acid Ban Ngày 12 Miếng,TREATMENT,Derma Angel,44000.0,0.0,0.0,0.0,0.0,1.0,-2.1072,1.0,0.0,0.0
P_1098,1098,Kem Dưỡng Eucerin Dành Cho Da Lão Hoá Ban Đêm 50ml,MOISTURIZER,Eucerin,1229000.0,0.0,0.0,1.0,0.0,0.0,1.9217,0.0,0.0,0.0
P_1104,1104,Miếng Dán Mụn Acnes Giúp Giảm Mụn Sưng Viêm 24 Miếng,TREATMENT,Acnes,50000.0,0.0,0.0,0.0,0.0,1.0,-1.9525,1.0,0.0,0.0
P_1106,1106,Sữa Rửa Mặt St.Ives Tẩy Tế Bào Chết Trái Mơ Ngừa Mụn 170g,CLEANSER,St.Ives,128000.0,1.0,0.0,0.0,0.0,0.0,-0.8152,1.0,0.0,0.0
P_1110,1110,Serum Some By Mi AHA-BHA-PHA Cho Da Mụn 50ml,SERUM,Some By Mi,296000.0,0.0,1.0,0.0,0.0,0.0,0.1992,1.0,0.0,0.0
P_1113,1113,"Kem Dưỡng Forencos Peptide Sáng Da, Giảm Nhăn Ban Đêm 15g",MOISTURIZER,Forencos,175000.0,0.0,0.0,1.0,0.0,0.0,-0.4368,0.0,0.0,0.0
P_1115,1115,Sữa Chống Nắng Sunplay Hiệu Chỉnh Sắc Da 50g (Xanh),SUNSCREEN,Sunplay,138000.0,0.0,0.0,0.0,1.0,0.0,-0.7242,1.0,0.0,0.0
P_1121,1121,"Kem Dưỡng Avène Làm Lành Da Nội Sinh, Ngừa Nhiễm Khuẩn 100ml",MOISTURIZER,Avène,440000.0,0.0,0.0,1.0,0.0,0.0,0.6788,0.0,0.0,1.0
P_1122,1122,Gel Chấm Mụn The Cafuné Mờ Thâm 20g,TREATMENT,The Cafuné,139000.0,0.0,0.0,0.0,0.0,1.0,-0.7154,1.0,0.0,0.0
P_1127,1127,"Kem Dưỡng MartiDerm Giảm Nhờn, Mụn & Se Lỗ Chân Lông 40ml",TREATMENT,Martiderm,786000.0,0.0,0.0,0.0,0.0,1.0,1.3808,1.0,0.0,0.0
P_1131,1131,Kem Dưỡng L'Oreal Ngừa Rãnh Nhăn Lão Hóa Sớm Ban Đêm 50ml,MOISTURIZER,L'Oreal,247000.0,0.0,0.0,1.0,0.0,0.0,-0.0198,0.0,0.0,0.0
P_1138,1138,"Sữa Chống Nắng Bioré Trang Điểm Mỏng Nhẹ, Mịn Lì 30ml",SUNSCREEN,Bioré,89000.0,0.0,0.0,0.0,1.0,0.0,-1.2549,1.0,0.0,0.0
P_1141,1141,Sữa Rửa Mặt Cocoon Chiết Xuất Từ Nghệ Hưng Yên 140ml,CLEANSER,Cocoon,134000.0,1.0,0.0,0.0,0.0,0.0,-0.7597,0.0,0.0,0.0
P_1150,1150,"Serum Olay Dưỡng Sáng Da, Mờ Thâm Mụn 30ml",SERUM,Olay,321000.0,0.0,1.0,0.0,0.0,0.0,0.2973,0.0,0.0,0.0
P_1152,1152,Kem Dưỡng Acnes Giảm Mụn Chuyên Sâu 20g,TREATMENT,Acnes,135000.0,0.0,0.0,0.0,0.0,1.0,-0.7508,1.0,0.0,0.0
P_1155,1155,Kem Chống Nắng Cell Fusion C Nâng Tông Da Tuýp 10ml,SUNSCREEN,Cell Fusion C,79000.0,0.0,0.0,0.0,1.0,0.0,-1.3991,0.0,0.0,0.0
P_1159,1159,[Mua 1 Tặng 1] Kem Chống Nắng Clinicos Dành Cho Da Nhạy Cảm 50ml,SUNSCREEN,Clinicos,381000.0,0.0,0.0,0.0,1.0,0.0,0.5046,0.0,0.0,1.0
P_1161,1161,Serum Vichy Hỗ Trợ Trẻ Hoá Và Săn Chắc Da 30ml,SERUM,Vichy,1147000.0,0.0,1.0,0.0,0.0,0.0,1.8381,0.0,0.0,0.0
P_1164,1164,"Kem Dưỡng Tia'm Kiềm Dầu, Se Khít Lỗ Chân Lông 60ml",MOISTURIZER,TIA'M,379000.0,0.0,0.0,1.0,0.0,0.0,0.4982,1.0,0.0,0.0
P_1165,1165,Sữa Chống Nắng Sunplay Dưỡng Da Tạo Nền Sáng Mịn 25g,SUNSCREEN,Sunplay,116000.0,0.0,0.0,0.0,1.0,0.0,-0.9343,0.0,0.0,0.0
P_1171,1171,Kem Dưỡng Olay Cải Thiện 5 Dấu Hiệu Lão Hóa Phức Tạp 45g,MOISTURIZER,Olay,422000.0,0.0,0.0,1.0,0.0,0.0,0.6283,0.0,0.0,0.0
P_1176,1176,Gel Dưỡng Acnes Giúp Mờ Sẹo & Giảm Thâm Mụn 12g,SERUM,Acnes,63000.0,0.0,1.0,0.0,0.0,0.0,-1.6729,0.0,0.0,0.0
P_1179,1179,"Serum Care:Nel Làm Sáng Da, Giảm Mụn Thâm 30ml",SERUM,Care:Nel,235000.0,0.0,1.0,0.0,0.0,0.0,-0.0801,0.0,0.0,0.0
P_1192,1192,Kem Chống Nắng Decumar Kiềm Dầu Nâng Tông Cho Da Mụn 50g,SUNSCREEN,Decumar,208000.0,0.0,0.0,0.0,1.0,0.0,-0.2277,1.0,0.0,0.0
P_1199,1199,Combo 2 Sữa Rửa Mặt Cetaphil Dịu Nhẹ Không Xà Phòng 59ml,CLEANSER,Cetaphil,77000.0,1.0,0.0,0.0,0.0,0.0,-1.4301,0.0,0.0,1.0
P_1200,1200,Combo 8 Gel Rửa Mặt La Roche-Posay Cho Da Dầu Nhạy Cảm 50ml,CLEANSER,La Roche-Posay,399000.0,1.0,0.0,0.0,0.0,0.0,0.5605,1.0,0.0,0.0
P_1205,1205,Kem Dưỡng Ẩm Cetaphil Dịu Lành Cho Da Nhạy Cảm 100g,MOISTURIZER,Cetaphil,292000.0,0.0,0.0,1.0,0.0,0.0,0.1827,0.0,0.0,1.0
P_1211,1211,"Kem Chống Nắng Bioderma Dành Cho Da Dầu, Mụn SPF30 40ml",SUNSCREEN,Bioderma,436000.0,0.0,0.0,0.0,1.0,0.0,0.6678,1.0,0.0,0.0
P_1214,1214,Kem Dưỡng Da Curél Cấp Ẩm Chuyên Sâu 40g,MOISTURIZER,Curél,509000.0,0.0,0.0,1.0,0.0,0.0,0.8551,0.0,1.0,0.0
P_1217,1217,Miếng Dán Mụn Derma Angel Dùng Ban Đêm 12 Miếng,TREATMENT,Derma Angel,44000.0,0.0,0.0,0.0,0.0,1.0,-2.1072,1.0,0.0,0.0
P_1233,1233,"Sữa Chống Nắng Senka Kiềm Dầu, Mịn Lì Cho Da Dầu 40ml",SUNSCREEN,Senka,146000.0,0.0,0.0,0.0,1.0,0.0,-0.656,1.0,0.0,0.0
P_1239,1239,Serum L'Oreal Niacinamide 2% Kiềm Dầu Ban Đêm 30ml,SERUM,L'Oreal,419000.0,0.0,1.0,0.0,0.0,0.0,0.6196,0.0,0.0,0.0
P_1240,1240,Kem Dưỡng Ẩm Nivea Làm Mềm Da 50ml,MOISTURIZER,Nivea,59000.0,0.0,0.0,1.0,0.0,0.0,-1.7523,0.0,0.0,0.0
P_1246,1246,Gel Chống Nắng Bioré Màng Nước Dưỡng Ẩm Da 90ml,SUNSCREEN,Bioré,163000.0,0.0,0.0,0.0,1.0,0.0,-0.5227,0.0,0.0,0.0
P_1253,1253,"Sữa Rửa Mặt Hatomugi Tạo Bọt Hỗ Trợ Dưỡng Ẩm, Sáng Da 160ml",CLEANSER,Hatomugi,96000.0,1.0,0.0,0.0,0.0,0.0,-1.1633,0.0,0.0,0.0
P_1260,1260,Gel Rửa Mặt & Tắm La Roche-Posay Làm Sạch & Giảm Mụn 400ml,CLEANSER,La Roche-Posay,480000.0,1.0,0.0,0.0,0.0,0.0,0.7841,1.0,0.0,0.0
P_1262,1262,Sữa Chống Nắng La Roche-Posay Bảo Vệ Khỏi Tia UVA Dài 50ml,SUNSCREEN,La Roche-Posay,435000.0,0.0,0.0,0.0,1.0,0.0,0.665,0.0,0.0,0.0
P_1265,1265,"Kem Dưỡng Meishoku Sáng Da, Ngăn Ngừa Lão Hóa 55g",MOISTURIZER,MEISHOKU,219000.0,0.0,0.0,1.0,0.0,0.0,-0.1654,0.0,0.0,0.0
P_1266,1266,Kem Chống Nắng Eucerin Kiềm Dầu (Có Màu) 50ml,SUNSCREEN,Eucerin,441000.0,0.0,0.0,0.0,1.0,0.0,0.6816,1.0,0.0,0.0
P_1270,1270,Sữa Rửa Mặt Hada Labo Chăm Sóc Da Lão Hóa Cao Cấp 100g,CLEANSER,Hada Labo,104000.0,1.0,0.0,0.0,0.0,0.0,-1.0664,0.0,0.0,0.0
P_1278,1278,Sữa Rửa Mặt Naris Cosmetics Ngăn Ngừa Lão Hóa 100g,CLEANSER,Naris Cosmetics,268000.0,1.0,0.0,0.0,0.0,0.0,0.0789,0.0,0.0,0.0
P_1280,1280,Serum Bio-essence Dưỡng Da Tươi Sáng Căng Mọng 30g,SERUM,Bio-essence,230000.0,0.0,1.0,0.0,0.0,0.0,-0.1061,0.0,0.0,0.0
P_1291,1291,"Serum Balance Active Formula AHA + BHA Tái Tạo, Sáng Da 30ml",SERUM,Balance Active Formula,199000.0,0.0,1.0,0.0,0.0,0.0,-0.2813,0.0,0.0,0.0
P_1295,1295,"Serum Acnes B5 Tăng Cường Dưỡng Ẩm, Làm Dịu Da 25ml",SERUM,Acnes,342000.0,0.0,1.0,0.0,0.0,0.0,0.3739,0.0,0.0,0.0
P_1302,1302,Chống Nắng Serum Senka 3 In 1 Dưỡng Sáng Da Nâng Tông 40g,SUNSCREEN,Senka,169000.0,0.0,0.0,0.0,1.0,0.0,-0.479,0.0,0.0,0.0
P_1304,1304,Sữa Rửa Mặt L'Oreal Săn Chắc Da 100ml,CLEANSER,L'Oreal,155000.0,1.0,0.0,0.0,0.0,0.0,-0.5836,0.0,0.0,0.0
P_1307,1307,Sữa Rửa Mặt Pond's Age Miracle Ngăn Ngừa Lão Hóa 100g,CLEANSER,Pond's,117000.0,1.0,0.0,0.0,0.0,0.0,-0.9239,0.0,0.0,0.0
P_1311,1311,"Serum Shimbi Method Dưỡng Sáng, Đều Màu 30ml",SERUM,Shimbi,292000.0,0.0,1.0,0.0,0.0,0.0,0.1827,1.0,0.0,0.0
P_1313,1313,Nước Dưỡng Bio-essence Vàng 24K Ngừa Lão Hoá Da 150ml,SERUM,Bio-essence,349000.0,0.0,1.0,0.0,0.0,0.0,0.3985,0.0,0.0,0.0
P_1314,1314,Kem Dưỡng Some By Mi Hỗ Trợ Giảm Mụn 60g,TREATMENT,Some By Mi,279000.0,0.0,0.0,0.0,0.0,1.0,0.1276,1.0,0.0,0.0
P_1315,1315,Sữa Rửa Mặt Vichy Dạng Gel Làm Sạch Sâu & Giảm Nhờn 200ml,CLEANSER,Vichy,404000.0,1.0,0.0,0.0,0.0,0.0,0.5755,1.0,0.0,0.0
P_1316,1316,Sữa Chống Nắng Sunplay Dưỡng Da Sáng Đẹp 30g,SUNSCREEN,Sunplay,78000.0,0.0,0.0,0.0,1.0,0.0,-1.4145,0.0,0.0,0.0
P_1322,1322,Sữa Rửa Mặt Hada Labo Dưỡng Sáng Cao Cấp 100g,CLEANSER,Hada Labo,115000.0,1.0,0.0,0.0,0.0,0.0,-0.9448,0.0,0.0,0.0
P_1325,1325,Kem Chống Nắng Hatomugi Nâng Tông & Dưỡng Ẩm Da 70g,SUNSCREEN,Hatomugi,97000.0,0.0,0.0,0.0,1.0,0.0,-1.1507,0.0,0.0,0.0
P_1333,1333,Serum Garnier Tăng Cường Sáng Da Mờ Thâm Ban Đêm 30ml,SERUM,Garnier,234000.0,0.0,1.0,0.0,0.0,0.0,-0.0852,0.0,0.0,0.0
P_1347,1347,Kem Chống Nắng Bio-essence Dưỡng Ẩm Da 40ml,SUNSCREEN,Bio-essence,104000.0,0.0,0.0,0.0,1.0,0.0,-1.0664,0.0,0.0,0.0
P_1348,1348,[Mini] Combo 10 Sữa Rửa Mặt CeraVe Sạch Sâu Cho Da Thường Đến Da Dầu 30ml,CLEANSER,CeraVe,229000.0,1.0,0.0,0.0,0.0,0.0,-0.1114,1.0,0.0,0.0
P_1360,1360,Combo 2 Kem Dưỡng L'Oreal Sáng Mịn Mờ Thâm Nám Ban Đêm + Ban Ngày 50ml+15ml,MOISTURIZER,L'Oreal,329000.0,0.0,0.0,1.0,0.0,0.0,0.3271,0.0,0.0,0.0
P_1362,1362,Sữa Rửa Mặt Senka Dành Cho Da Mụn 100g,CLEANSER,Senka,89000.0,1.0,0.0,0.0,0.0,0.0,-1.2549,1.0,0.0,0.0
P_1363,1363,Gel Rửa Mặt Acnes Giúp Kiểm Soát Nhờn 100g,CLEANSER,Acnes,61000.0,1.0,0.0,0.0,0.0,0.0,-1.7119,1.0,0.0,0.0
P_1366,1366,Sữa Rửa Mặt Neogen Dermalogy Làm Sạch Sâu Cho Da Dầu Mụn 150ml,CLEANSER,Neogen Dermalogy,206000.0,1.0,0.0,0.0,0.0,0.0,-0.2394,1.0,0.0,0.0
P_1368,1368,Bút Chấm Eucerin Chuyên Biệt Mờ Đốm Nâu & Thâm Nám 5ml,SERUM,Eucerin,599000.0,0.0,1.0,0.0,0.0,0.0,1.0521,0.0,0.0,0.0
P_1371,1371,Sữa Rửa Mặt Cerave Cho Da Dầu Mụn 88ml,CLEANSER,CeraVe,157000.0,1.0,0.0,0.0,0.0,0.0,-0.5681,1.0,0.0,0.0
P_1372,1372,Sữa Rửa Mặt Eucerin Tạo Bọt Làm Sáng Da 50g,CLEANSER,Eucerin,179000.0,1.0,0.0,0.0,0.0,0.0,-0.4094,0.0,0.0,0.0
P_1373,1373,Kem Dưỡng Bio-essence Vàng 24K Ngừa Lão Hóa Ban Đêm 40g,MOISTURIZER,Bio-essence,294000.0,0.0,0.0,1.0,0.0,0.0,0.191,0.0,0.0,0.0
P_1375,1375,Serum Chống Nắng Garnier Mỏng Nhẹ Bảo Vệ Tối Ưu 30ml,SUNSCREEN,Garnier,129000.0,0.0,0.0,0.0,1.0,0.0,-0.8058,0.0,0.0,0.0
P_1378,1378,Serum L'Oreal Dưỡng Sáng Và Mờ Thâm Nám 15ml,SERUM,L'Oreal,236000.0,0.0,1.0,0.0,0.0,0.0,-0.0749,0.0,0.0,0.0
P_1387,1387,Sữa Chống Nắng La Roche-Posay Dưỡng Sáng Mờ Thâm SPF50+ 50ml,SUNSCREEN,La Roche-Posay,585000.0,0.0,0.0,0.0,1.0,0.0,1.0235,0.0,0.0,0.0
P_1390,1390,Kem Dưỡng La Roche-Posay Làm Dịu Da Cho Trẻ Em 75ml,MOISTURIZER,La Roche-Posay,349000.0,0.0,0.0,1.0,0.0,0.0,0.3985,0.0,0.0,1.0
P_1391,1391,Serum Angel's Liquid Xoá Thâm Đỏ Mờ Sạm Nám 30ml,SERUM,Angel's Liquid,499000.0,0.0,1.0,0.0,0.0,0.0,0.8311,0.0,0.0,0.0
P_1395,1395,"Sữa Rửa Mặt Derladie Tràm Trà Sạch Sâu, Kiềm Dầu 150ml",CLEANSER,Derladie,134000.0,1.0,0.0,0.0,0.0,0.0,-0.7597,1.0,0.0,0.0
P_1397,1397,Sữa Rửa Mặt Isis Pharma Giảm Nhờn Và Ngăn Ngừa Mụn 40ml,CLEANSER,Isis Pharma,179000.0,1.0,0.0,0.0,0.0,0.0,-0.4094,1.0,0.0,0.0
P_1401,1401,Kem Chống Nắng Round Lab Kiềm Dầu Nâng Tông 50ml,SUNSCREEN,Round Lab,279000.0,0.0,0.0,0.0,1.0,0.0,0.1276,1.0,0.0,0.0
P_1402,1402,Serum Axis-Y Dưỡng Sáng & Giảm Thâm 50ml,SERUM,Axis-Y,363000.0,0.0,1.0,0.0,0.0,0.0,0.4461,0.0,0.0,0.0
P_1403,1403,"Sữa Rửa Mặt Paula’s Choice Cân Bằng Ẩm, Giảm Dầu Thừa 237ml",CLEANSER,Paula's Choice,428000.0,1.0,0.0,0.0,0.0,0.0,0.6454,1.0,0.0,0.0
P_1412,1412,Serum Jumiso Dưỡng Ẩm Da 50ml,SERUM,Jumiso,372000.0,0.0,1.0,0.0,0.0,0.0,0.4757,0.0,0.0,0.0
P_1426,1426,Miếng Dán Mũi Lột Mụn Bioré Than Hoạt Tính (4 Miếng),TREATMENT,Bioré,18000.0,0.0,0.0,0.0,0.0,1.0,-3.1887,1.0,0.0,0.0
P_1428,1428,Sữa Chống Nắng Sunplay Dưỡng Da Ẩm Mịn 30g,SUNSCREEN,Sunplay,88000.0,0.0,0.0,0.0,1.0,0.0,-1.2685,0.0,1.0,0.0
P_1429,1429,Tinh Chất Torriden Vitamin C Sáng Mịn Da 30ml,SERUM,Torriden,319000.0,0.0,1.0,0.0,0.0,0.0,0.2897,0.0,0.0,0.0
P_1431,1431,Kem Dưỡng Naris Cosmetics Cấp Ẩm Chuyên Sâu 48g,MOISTURIZER,Naris Cosmetics,439000.0,0.0,0.0,1.0,0.0,0.0,0.6761,0.0,1.0,0.0
P_1434,1434,Kem Dưỡng Forencos Dầu Marula Nâng Tông Da Ban Ngày 10ml,MOISTURIZER,Forencos,95000.0,0.0,0.0,1.0,0.0,0.0,-1.1759,0.0,0.0,0.0
P_1443,1443,Kem Dưỡng Senka Cấp Ẩm Chuyên Sâu 50g,MOISTURIZER,Senka,179000.0,0.0,0.0,1.0,0.0,0.0,-0.4094,0.0,0.0,0.0
P_1449,1449,Kem Chống Nắng Dermablock Che Khuyết Điểm 2 Trong 1 35ml,SUNSCREEN,Dermablock,148000.0,0.0,0.0,0.0,1.0,0.0,-0.6395,0.0,0.0,0.0
P_1453,1453,Sữa Chống Nắng Bioderma Phổ Rộng Ráo Mịn - Không Màu 40ml,SUNSCREEN,Bioderma,437000.0,0.0,0.0,0.0,1.0,0.0,0.6705,0.0,0.0,0.0
P_1458,1458,Kem Dưỡng Bioderma Cấp Ẩm Và Làm Dịu Cho Da Nhạy Cảm 40ml,MOISTURIZER,Bioderma,391000.0,0.0,0.0,1.0,0.0,0.0,0.536,0.0,0.0,1.0
P_1462,1462,Gel Dưỡng Eucerin Làm Sáng Da & Cấp Ẩm Tối Ưu 50ml,MOISTURIZER,Eucerin,648000.0,0.0,0.0,1.0,0.0,0.0,1.1472,0.0,0.0,0.0
P_1465,1465,Sữa Rửa Mặt St.Ives Tẩy Tế Bào Chết Cà Phê & Dừa 170g,CLEANSER,St.Ives,128000.0,1.0,0.0,0.0,0.0,0.0,-0.8152,0.0,0.0,0.0
P_1469,1469,"Kem Dưỡng Sur.Medic+ Dưỡng Sáng, Căng Bóng Da 50ml",MOISTURIZER,Sur.Medic+,429000.0,0.0,0.0,1.0,0.0,0.0,0.6482,0.0,0.0,0.0
P_1477,1477,Gel Chống Nắng Cetaphil Dịu Lành Cho Da Nhạy Cảm 50ml,SUNSCREEN,Cetaphil,348000.0,0.0,0.0,0.0,1.0,0.0,0.395,0.0,0.0,1.0
P_1478,1478,Combo 2 Kem Dưỡng Olay Luminous Sáng Da Mờ Thâm Nám Ban Ngày 50g,MOISTURIZER,Olay,316000.0,0.0,0.0,1.0,0.0,0.0,0.2783,0.0,0.0,0.0
P_1479,1479,Sữa Dưỡng Ẩm Cetaphil Dịu Lành Cho Da Nhạy Cảm 237ml,MOISTURIZER,Cetaphil,286000.0,0.0,0.0,1.0,0.0,0.0,0.1576,0.0,0.0,1.0
P_1482,1482,Sữa Rửa Mặt Neutrogena Làm Sạch Sâu Dạng Gel 150ml,CLEANSER,Neutrogena,98000.0,1.0,0.0,0.0,0.0,0.0,-1.1383,1.0,0.0,0.0
P_1483,1483,"Serum DrCeutics BHA + Zinc Giảm Mụn, Giảm Tiết Dầu 30g",SERUM,DrCeutics,150000.0,0.0,1.0,0.0,0.0,0.0,-0.6233,1.0,0.0,0.0
P_1492,1492,Kem Chống Nắng Cetaphil Vật Lý Cho Da Nhạy Cảm SPF50 50g,SUNSCREEN,Cetaphil,318000.0,0.0,0.0,0.0,1.0,0.0,0.2859,0.0,0.0,1.0
P_1496,1496,Sữa Rửa Mặt Torriden Tạo Bọt Dưỡng Ẩm Da 150ml,CLEANSER,Torriden,194000.0,1.0,0.0,0.0,0.0,0.0,-0.312,0.0,1.0,0.0
P_1500,1500,Sữa Rửa Mặt Senka Đất Sét Trắng Làm Đều Màu Da 120g,CLEANSER,Senka,96000.0,1.0,0.0,0.0,0.0,0.0,-1.1633,0.0,0.0,0.0
P_1504,1504,[Mua 1 Tặng 1] Clinicos Kem Chống Nắng Nâng Tông Tự Nhiên 50ml + Kem Chống Nắng Cho Da Nhạy Cảm 50ml,SUNSCREEN,Clinicos,381000.0,0.0,0.0,0.0,1.0,0.0,0.5046,0.0,0.0,0.0
P_1506,1506,Gel Rửa Mặt SVR Dành Cho Da Nhạy Cảm 55ml,CLEANSER,SVR,129000.0,1.0,0.0,0.0,0.0,0.0,-0.8058,0.0,0.0,1.0
P_1508,1508,"Kem Chống Nắng Vichy Bảo Vệ, Giảm Lão Hóa 50ml",SUNSCREEN,Vichy,600000.0,0.0,0.0,0.0,1.0,0.0,1.0541,0.0,0.0,0.0
P_1510,1510,"Kem Dưỡng Fixderma Làm Giảm Thâm, Nám, Tàn Nhang 15g",MOISTURIZER,Fixderma,251000.0,0.0,0.0,1.0,0.0,0.0,-0.0004,0.0,0.0,0.0
P_1523,1523,"Gel Dưỡng DrCeutics 5% Dual Urea Cấp Ẩm, Phục Hồi Da 50g",MOISTURIZER,DrCeutics,133000.0,0.0,0.0,1.0,0.0,0.0,-0.7688,0.0,0.0,0.0
P_1531,1531,Sữa Rửa Mặt Naris Nature Cho Da Mụn Chiết Xuất Mù Tạt 100g,CLEANSER,Naris Cosmetics,176000.0,1.0,0.0,0.0,0.0,0.0,-0.4299,1.0,0.0,0.0
P_1539,1539,"Sữa Rửa Mặt Embryolisse Làm Sạch Sâu, Chống Oxy Hóa 200ml",CLEANSER,Embryolisse,285000.0,1.0,0.0,0.0,0.0,0.0,0.1533,0.0,0.0,0.0
P_1540,1540,Gel Chống Nắng Sunplay Dưỡng Da Sáng Mịn 70g,SUNSCREEN,Sunplay,146000.0,0.0,0.0,0.0,1.0,0.0,-0.656,0.0,0.0,0.0
P_1544,1544,"Serum Melano CC Dưỡng Sáng Cao Cấp, Cải Thiện Thâm Nám 20ml",SERUM,Melano CC,323000.0,0.0,1.0,0.0,0.0,0.0,0.3048,0.0,0.0,0.0
P_1554,1554,Combo 2 Kem Chống Nắng Neutrogena Ultra Sheer SPF 50 88ml,SUNSCREEN,Neutrogena,360000.0,0.0,0.0,0.0,1.0,0.0,0.436,0.0,0.0,0.0
P_1555,1555,"Combo 2 Tinh Chất La Bonita B5 Hỗ Trợ Phục Hồi, Làm Dịu Da 50ml",SERUM,La Bonita,590000.0,0.0,1.0,0.0,0.0,0.0,1.0338,0.0,0.0,0.0
P_1558,1558,"Gel Rửa Mặt Cetaphil Sạch Sâu, Tẩy Tế Bào Chết Dịu Nhẹ 236ml",CLEANSER,Cetaphil,305000.0,1.0,0.0,0.0,0.0,0.0,0.2354,0.0,0.0,0.0
P_1561,1561,Gel Sữa Chống Nắng Senka Ẩm Mượt Cho Da Khô 80g,SUNSCREEN,Senka,159000.0,0.0,0.0,0.0,1.0,0.0,-0.5528,0.0,1.0,0.0
P_1562,1562,Sữa Rửa Mặt Bio-essence Tạo Bọt Cấp Ẩm Làm Dịu Da 100g,CLEANSER,Bio-essence,124000.0,1.0,0.0,0.0,0.0,0.0,-0.8536,0.0,0.0,1.0
P_1567,1567,Combo 2 Kem Dưỡng Olay Luminous Sáng Da Mờ Thâm Nám Ban Đêm 50g,MOISTURIZER,Olay,316000.0,0.0,0.0,1.0,0.0,0.0,0.2783,0.0,0.0,0.0
P_1571,1571,Kem Rửa Mặt Acnes Giúp Ngừa Mụn 100g,CLEANSER,Acnes,62000.0,1.0,0.0,0.0,0.0,0.0,-1.6923,1.0,0.0,0.0
P_1576,1576,[Mini] Gel Rửa Mặt Bioderma Dành Cho Da Dầu & Hỗn Hợp 100ml,CLEANSER,Bioderma,200000.0,1.0,0.0,0.0,0.0,0.0,-0.2752,1.0,0.0,0.0
P_1583,1583,"Kem Dưỡng Acnes Vitamin Sáng Da, Mờ Sẹo Thâm 40g",MOISTURIZER,Acnes,78000.0,0.0,0.0,1.0,0.0,0.0,-1.4145,0.0,0.0,0.0
P_1591,1591,Kem Chống Nắng B.O.M Nâng Tông Dịu Nhẹ 50ml,SUNSCREEN,B.O.M,341000.0,0.0,0.0,0.0,1.0,0.0,0.3704,0.0,0.0,0.0
P_1617,1617,Gel Giảm Mụn Acnes Đầu Trắng Và Đầu Đen 18g,TREATMENT,Acnes,56000.0,0.0,0.0,0.0,0.0,1.0,-1.8154,1.0,0.0,0.0
P_1618,1618,Sữa Rửa Mặt St.Ives Tẩy Tế Bào Chết Hoa Hồng & Lô Hội 170g,CLEANSER,St.Ives,128000.0,1.0,0.0,0.0,0.0,0.0,-0.8152,0.0,0.0,1.0
P_1625,1625,Sữa Rửa Mặt Naris Acne Grand Cho Da Dầu Mụn 100g,CLEANSER,Naris Cosmetics,349000.0,1.0,0.0,0.0,0.0,0.0,0.3985,1.0,0.0,0.0
P_1626,1626,Sữa Rửa Mặt Senka Dưỡng Sáng Mờ Thâm 100g,CLEANSER,Senka,85000.0,1.0,0.0,0.0,0.0,0.0,-1.3105,0.0,0.0,0.0
P_1633,1633,"Serum Paula’s Choice Sáng Da, Giúp Se Lỗ Chân Lông 20ml",SERUM,Paula's Choice,1320000.0,0.0,1.0,0.0,0.0,0.0,2.0081,0.0,0.0,0.0
P_1634,1634,Kem Dưỡng Bioderma Giảm Mụn & Thâm Mụn 30ml,TREATMENT,Bioderma,391000.0,0.0,0.0,0.0,0.0,1.0,0.536,1.0,0.0,0.0
P_1635,1635,Serum Abib Viên Nang Diếp Cá Làm Dịu Da 50ml,SERUM,Abib,350000.0,0.0,1.0,0.0,0.0,0.0,0.4019,1.0,0.0,0.0
P_1637,1637,Serum Eucerin Giảm Dấu Hiệu Lão Hóa 30ml,SERUM,Eucerin,1318000.0,0.0,1.0,0.0,0.0,0.0,2.0063,0.0,0.0,0.0
P_1638,1638,Combo 2 Sữa Rửa Mặt Cetaphil Dịu Lành Cho Da Nhạy Cảm 500ml (Mới),CLEANSER,Cetaphil,657000.0,1.0,0.0,0.0,0.0,0.0,1.1639,0.0,0.0,1.0
P_1651,1651,Combo 2 Sữa Rửa Mặt Senka Tạo Bọt Bổ Sung Collagen 120g,CLEANSER,Senka,165000.0,1.0,0.0,0.0,0.0,0.0,-0.508,0.0,1.0,0.0
P_1652,1652,"Combo 2 Tinh Chất Bí Đao Cocoon Làm Giảm Mụn, Mờ Thâm 70ml",SERUM,Cocoon,313000.0,0.0,1.0,0.0,0.0,0.0,0.2667,1.0,0.0,0.0
P_1657,1657,Sữa Chống Nắng Sunplay Giải Nhiệt Da 30g,SUNSCREEN,Sunplay,78000.0,0.0,0.0,0.0,1.0,0.0,-1.4145,0.0,0.0,0.0
P_1659,1659,Tinh Chất Chống Nắng Sunplay Hiệu Chỉnh Sắc Da 50g (Xanh),SUNSCREEN,Sunplay,143000.0,0.0,0.0,0.0,1.0,0.0,-0.6811,0.0,1.0,0.0
P_1660,1660,Sữa Rửa Mặt Bio-essence Vàng 24K Ngăn Ngừa Lão Hoá 100g,CLEANSER,Bio-essence,103000.0,1.0,0.0,0.0,0.0,0.0,-1.0781,0.0,0.0,0.0
P_1662,1662,"Combo 2 Kem Chống Nắng Beplain Nâng Tông, Cấp Ẩm Căng Bóng 50ml",SUNSCREEN,Beplain,498000.0,0.0,0.0,0.0,1.0,0.0,0.8286,0.0,0.0,0.0
P_1665,1665,Kem Dưỡng B.O.M Chiết Xuất 8 Loại Trà Cấp Ẩm Da 50g,MOISTURIZER,B.O.M,350000.0,0.0,0.0,1.0,0.0,0.0,0.4019,0.0,0.0,0.0
P_1673,1673,Kem Dưỡng Bielenda Giảm Mụn Mờ Thâm Đều Màu Da 50ml,MOISTURIZER,Bielenda,171000.0,0.0,0.0,1.0,0.0,0.0,-0.4647,1.0,0.0,0.0
P_1674,1674,Kem Chống Nắng Vichy Chống Bụi Mịn Cho Da Dầu Mụn 50ml,SUNSCREEN,Vichy,473000.0,0.0,0.0,0.0,1.0,0.0,0.7663,1.0,0.0,0.0
P_1678,1678,Sữa Rửa Mặt Bio-essence Dưỡng Da Tươi Sáng Căng Mọng 100g,CLEANSER,Bio-essence,116000.0,1.0,0.0,0.0,0.0,0.0,-0.9343,0.0,0.0,0.0
P_1685,1685,"Combo 2 Serum Paula’s Choice Sáng Da, Giúp Se Lỗ Chân Lông 20ml",SERUM,Paula's Choice,2500000.0,0.0,1.0,0.0,0.0,0.0,2.7808,0.0,0.0,0.0
P_1686,1686,Sữa Rửa Mặt Hada Labo Dưỡng Ẩm Cao Cấp 100g,CLEANSER,Hada Labo,104000.0,1.0,0.0,0.0,0.0,0.0,-1.0664,0.0,1.0,0.0
P_1690,1690,Gel Rửa Mặt SVR Dành Cho Da Nhạy Cảm 200ml,CLEANSER,SVR,318000.0,1.0,0.0,0.0,0.0,0.0,0.2859,0.0,0.0,1.0
P_1700,1700,Combo 2 Sữa Rửa Mặt d program Tạo Bọt Dưỡng Da 120g,CLEANSER,dProgram,394000.0,1.0,0.0,0.0,0.0,0.0,0.5452,0.0,0.0,0.0
P_1713,1713,"Serum SVR Ngừa Nếp Nhăn, Phục Hồi & Dưỡng Ẩm Da 30ml",SERUM,SVR,805000.0,0.0,1.0,0.0,0.0,0.0,1.4097,0.0,0.0,0.0
P_1724,1724,Serum Olay Giúp Da Săn Chắc Và Mịn Màng 30ml,SERUM,Olay,422000.0,0.0,1.0,0.0,0.0,0.0,0.6283,0.0,0.0,0.0
P_1743,1743,Sữa Rửa Mặt Ducray Cho Da Nhờn Mụn 200ml,CLEANSER,Ducray,428000.0,1.0,0.0,0.0,0.0,0.0,0.6454,1.0,0.0,0.0
P_1745,1745,Kem Dưỡng Dermatix Hỗ Trợ Mờ Sẹo 7g,MOISTURIZER,Dermatix,259000.0,0.0,0.0,1.0,0.0,0.0,0.0376,0.0,0.0,0.0
P_1747,1747,Serum Tẩy Tế Bào Chết Care:Nel Giảm Mụn Đầu Đen 30ml,SERUM,Care:Nel,259000.0,0.0,1.0,0.0,0.0,0.0,0.0376,1.0,0.0,0.0
P_1748,1748,Kem Dưỡng Ẩm Cetaphil Làm Dịu Và Phục Hồi Chuyên Sâu 45ml,MOISTURIZER,Cetaphil,569000.0,0.0,0.0,1.0,0.0,0.0,0.9899,0.0,0.0,0.0
P_1749,1749,"Combo 2 Kem Chống Nắng La Roche-Posay Phổ Rộng, Nâng Tông Kiềm Dầu 50ml",SUNSCREEN,La Roche-Posay,843000.0,0.0,0.0,0.0,1.0,0.0,1.4655,0.0,0.0,0.0
P_1753,1753,Sữa Chống Nắng Bioderma Phổ Rộng Ráo Mịn - Màu Beige 40ml,SUNSCREEN,Bioderma,419000.0,0.0,0.0,0.0,1.0,0.0,0.6196,0.0,0.0,0.0
P_1758,1758,Kem Chống Nắng Eucerin Cho Da Nhạy Cảm 50ml,SUNSCREEN,Eucerin,597000.0,0.0,0.0,0.0,1.0,0.0,1.048,0.0,0.0,1.0
P_1759,1759,Sữa Rửa Mặt Cetaphil Tạo Bọt Dịu Lành Cho Da Nhạy Cảm 236ml,CLEANSER,Cetaphil,278000.0,1.0,0.0,0.0,0.0,0.0,0.1233,0.0,0.0,1.0
P_1761,1761,Kem Dưỡng Naris Luque Dạng Sữa Cấp Ẩm Ngừa Lão Hóa Da 80g,MOISTURIZER,Naris Cosmetics,993000.0,0.0,0.0,1.0,0.0,0.0,1.6637,0.0,0.0,0.0
P_1764,1764,"Gel Dưỡng Azderma Hỗ Trợ Giảm Mụn, Mờ Thâm 15g",TREATMENT,Azderma,146000.0,0.0,0.0,0.0,0.0,1.0,-0.656,1.0,0.0,0.0
P_1780,1780,Gel Rửa Mặt Naris Nature Dưỡng Ẩm Chiết Xuất Sữa 100g,CLEANSER,Naris Cosmetics,176000.0,1.0,0.0,0.0,0.0,0.0,-0.4299,0.0,0.0,0.0
P_1783,1783,Kem Dưỡng CeraVe Cho Da Khô Đến Rất Khô 177ml,MOISTURIZER,CeraVe,370000.0,0.0,0.0,1.0,0.0,0.0,0.4692,0.0,1.0,0.0
P_1786,1786,Sữa Chống Nắng Sunplay Hiệu Chỉnh Sắc Da 50g (Hồng),SUNSCREEN,Sunplay,153000.0,0.0,0.0,0.0,1.0,0.0,-0.5993,1.0,0.0,0.0
P_1789,1789,Kem Chống Nắng A-Derma Mỏng Nhẹ Cho Da Nhạy Cảm 40ml,SUNSCREEN,A-Derma,368000.0,0.0,0.0,0.0,1.0,0.0,0.4626,0.0,0.0,1.0
P_1795,1795,Sữa Rửa Mặt Và Tẩy Trang Naris Cosmetics Dưỡng Ẩm 100g,CLEANSER,Naris Cosmetics,343000.0,1.0,0.0,0.0,0.0,0.0,0.3775,0.0,0.0,0.0
P_1796,1796,Combo CeraVe Kem Dưỡng 340g + Sữa Dưỡng Ẩm Da Khô Đến Rất Khô 30ml,MOISTURIZER,CeraVe,438000.0,0.0,0.0,1.0,0.0,0.0,0.6733,0.0,1.0,0.0
P_1800,1800,Gel Dưỡng Ẩm Colorkey Làm Sáng Và Đều Màu Da 50ml,MOISTURIZER,Colorkey,156000.0,0.0,0.0,1.0,0.0,0.0,-0.5758,0.0,0.0,1.0
P_1810,1810,Sữa Rửa Mặt St.Ives Tẩy Tế Bào Chết Bơ & Mật Ong 170g,CLEANSER,St.Ives,128000.0,1.0,0.0,0.0,0.0,0.0,-0.8152,0.0,1.0,0.0
P_1811,1811,"Serum Bye Bye Blemish Phục Hồi Da, Se Khít Lỗ Chân Lông 30ml",SERUM,Bye Bye Blemish,364000.0,0.0,1.0,0.0,0.0,0.0,0.4494,1.0,0.0,0.0
P_1815,1815,Sữa Rửa Mặt Hazeline Giảm Mụn Chiết Xuất Nghệ Hoa Cúc 100g,CLEANSER,Hazeline,52000.0,1.0,0.0,0.0,0.0,0.0,-1.9051,1.0,0.0,0.0
P_1819,1819,Combo 2 Serum 9Wishes Dưỡng Ẩm & Làm Căng Bóng Da 30ml,SERUM,9Wishes,425000.0,0.0,1.0,0.0,0.0,0.0,0.6368,0.0,1.0,0.0
P_1826,1826,Tinh Chất Cocoon Chiết Xuất Từ Nghệ Hưng Yên 30ml,SERUM,Cocoon,256000.0,0.0,1.0,0.0,0.0,0.0,0.0235,0.0,0.0,0.0
P_1835,1835,Sữa Rửa Mặt Naris Nature Se Khít Lỗ Chân Lông 100g,CLEANSER,Naris Cosmetics,203000.0,1.0,0.0,0.0,0.0,0.0,-0.2572,1.0,0.0,0.0
P_1837,1837,"Kem Dưỡng Azderma Cấp Ẩm, Đều Màu Da 40ml",MOISTURIZER,Azderma,174000.0,0.0,0.0,1.0,0.0,0.0,-0.4437,0.0,0.0,0.0
P_1838,1838,"Sữa Rửa Mặt SVR Dạng Sữa Cấp Ẩm, Không Chứa Xà Phòng 55ml",CLEANSER,SVR,134000.0,1.0,0.0,0.0,0.0,0.0,-0.7597,0.0,1.0,0.0
P_1839,1839,Sữa Rửa Mặt Simple Repair+ Phục Hồi Dịu Da 240ml,CLEANSER,Simple,189000.0,1.0,0.0,0.0,0.0,0.0,-0.3436,0.0,0.0,0.0
P_1851,1851,Miếng Dán Mụn Derma Angel Mờ Thâm Sáng Da 12 Miếng,TREATMENT,Derma Angel,56000.0,0.0,0.0,0.0,0.0,1.0,-1.8154,1.0,0.0,0.0
P_1862,1862,Sữa Rửa Mặt Azderma Dạng Gel Dịu Nhẹ Cho Da Dầu Mụn 60ml,CLEANSER,Azderma,71000.0,1.0,0.0,0.0,0.0,0.0,-1.5283,1.0,0.0,0.0
P_1869,1869,"Gel Rửa Mặt Avène Làm Sạch Da, Giảm Nhờn Mụn 200ml",CLEANSER,Avène,424000.0,1.0,0.0,0.0,0.0,0.0,0.634,1.0,0.0,0.0
P_1871,1871,Sữa Rửa Mặt Senka Tạo Bọt Chiết Xuất Rau Má Dịu Nhẹ 100g,CLEANSER,Senka,78000.0,1.0,0.0,0.0,0.0,0.0,-1.4145,0.0,0.0,1.0
P_1872,1872,Sữa Rửa Mặt Naris Acmedica Chăm Sóc Da Mụn 100g,CLEANSER,Naris Cosmetics,226000.0,1.0,0.0,0.0,0.0,0.0,-0.1273,1.0,0.0,0.0
P_1877,1877,Gel Rửa Mặt Emmié Sạch Sâu & Giảm Mụn 180ml,CLEANSER,Emmié by Happy Skin,179000.0,1.0,0.0,0.0,0.0,0.0,-0.4094,1.0,0.0,0.0
P_1882,1882,"Serum DrCeutics BHA + Zinc Giảm Mụn, Giảm Tiết Dầu 40g",SERUM,DrCeutics,165000.0,0.0,1.0,0.0,0.0,0.0,-0.508,1.0,0.0,0.0
P_1884,1884,Sữa Rửa Mặt St.Ives Tẩy Tế Bào Chết Trái Mơ Tươi Mát 170g,CLEANSER,St.Ives,127000.0,1.0,0.0,0.0,0.0,0.0,-0.8247,0.0,0.0,0.0
P_1889,1889,Serum Jumiso Ốc Sên Giúp Ngăn Ngừa Lão Hóa 140ml,SERUM,Jumiso,254000.0,0.0,1.0,0.0,0.0,0.0,0.014,0.0,0.0,0.0
P_1894,1894,Sữa Chống Nắng Bioré Kiểm Soát Bóng Nhờn 30ml,SUNSCREEN,Bioré,89000.0,0.0,0.0,0.0,1.0,0.0,-1.2549,1.0,0.0,0.0
P_1902,1902,"Serum Acnes Lab C15 Dưỡng Sáng, Mờ Thâm, Ngừa Lão Hóa 15ml",SERUM,Acnes,304000.0,0.0,1.0,0.0,0.0,0.0,0.2314,0.0,0.0,0.0
P_1913,1913,Kem Dưỡng Bio-essence Làm Sáng Da Ban Đêm 50g,MOISTURIZER,Bio-essence,285000.0,0.0,0.0,1.0,0.0,0.0,0.1533,0.0,0.0,0.0
P_1921,1921,Dung Dịch Chấm Mụn Cocoon Bí Đao Làm Giảm Mụn (Mới) 5ml,TREATMENT,Cocoon,103000.0,0.0,0.0,0.0,0.0,1.0,-1.0781,1.0,0.0,0.0
P_1925,1925,"Kem Dưỡng Forencos Peptide Sáng Da, Giảm Nhăn Ban Đêm 10ml",MOISTURIZER,Forencos,94000.0,0.0,0.0,1.0,0.0,0.0,-1.1887,0.0,0.0,0.0
P_1926,1926,Kem Chống Nắng The Lab Nâng Tông Da SPF50+ PA++++ 40ml,SUNSCREEN,The Lab,343000.0,0.0,0.0,0.0,1.0,0.0,0.3775,0.0,1.0,0.0
P_1942,1942,"Combo 2 Kem Chống Nắng Beplain Nâng Tông, Kiềm Dầu Mịn Lì 50ml",SUNSCREEN,Beplain,498000.0,0.0,0.0,0.0,1.0,0.0,0.8286,0.0,0.0,0.0
P_1960,1960,Tinh Chất Chống Nắng Sunplay Hiệu Chỉnh Sắc Da 50g (Hồng),SUNSCREEN,Sunplay,142000.0,0.0,0.0,0.0,1.0,0.0,-0.6896,0.0,1.0,0.0
P_1961,1961,Gel Giảm Mụn Naris Acmedica Ngăn Ngừa Sẹo Thâm 25g,TREATMENT,Naris Cosmetics,349000.0,0.0,0.0,0.0,0.0,1.0,0.3985,1.0,0.0,0.0
P_1968,1968,"Combo 2 Serum Balance Active Formula Làm Sáng Da, Mờ Thâm 30ml",SERUM,Balance Active Formula,238000.0,0.0,1.0,0.0,0.0,0.0,-0.0647,0.0,0.0,0.0
P_1979,1979,Serum Cetaphil Làm Dịu Và Phục Hồi Chuyên Sâu 30ml,SERUM,Cetaphil,970000.0,0.0,1.0,0.0,0.0,0.0,1.6353,0.0,0.0,0.0
P_1990,1990,"Gel Mờ Sẹo Scarz Làm Phẳng, Đều Màu Da Chuyên Sâu 9g",MOISTURIZER,Scarz,131000.0,0.0,0.0,1.0,0.0,0.0,-0.7871,0.0,0.0,0.0
P_1997,1997,Sữa Rửa Mặt Neutrogena Ngăn Ngừa Mụn Đầu Đen 100g,CLEANSER,Neutrogena,118000.0,1.0,0.0,0.0,0.0,0.0,-0.9136,1.0,0.0,0.0
P_2004,2004,Combo 2 Kem Dưỡng La Roche-Posay Giúp Phục Hồi Da Đa Công Dụng 40ml,MOISTURIZER,La Roche-Posay,880000.0,0.0,0.0,1.0,0.0,0.0,1.5175,0.0,1.0,0.0
P_2007,2007,Kem Chống Nắng Hatomugi Nâng Tông & Dưỡng Ẩm Da 70g (Xanh Bạc Hà),SUNSCREEN,Hatomugi,88000.0,0.0,0.0,0.0,1.0,0.0,-1.2685,1.0,0.0,0.0
P_2009,2009,Gel Rửa Mặt Eucerin Cho Da Mụn 150ml,CLEANSER,Eucerin,360000.0,1.0,0.0,0.0,0.0,0.0,0.436,0.0,0.0,0.0
P_2045,2045,"Sáp Chống Nắng Abib Chống Nước, Finish Bán Lì 23g",SUNSCREEN,Abib,311000.0,0.0,0.0,0.0,1.0,0.0,0.259,1.0,0.0,0.0
P_2054,2054,Miếng Dán Mụn Derma Angel Vui Nhộn Hologram 12 Miếng,TREATMENT,Derma Angel,49000.0,0.0,0.0,0.0,0.0,1.0,-1.977,0.0,0.0,0.0
P_2055,2055,"Gel Rửa Mặt SVR Không Xà Phòng Cho Da Khô, Nhạy Cảm 55ml",CLEANSER,SVR,102000.0,1.0,0.0,0.0,0.0,0.0,-1.0899,0.0,0.0,1.0
P_2063,2063,Combo 2 Kem Chống Nắng Skin1004 Cho Da Nhạy Cảm SPF 50+ 50ml,SUNSCREEN,Skin1004,552000.0,0.0,0.0,0.0,1.0,0.0,0.9532,0.0,0.0,1.0
P_2064,2064,Combo 4 Miếng Dán Ciracle Hỗ Trợ Hút Và Đẩy Mụn Đầu Đen,TREATMENT,Ciracle,59000.0,0.0,0.0,0.0,0.0,1.0,-1.7523,1.0,0.0,0.0
P_2068,2068,"Dầu Khô Đa Năng Nuxe Dưỡng Ẩm Cho Da Mặt, Body Và Tóc 50ml",MOISTURIZER,Nuxe,538000.0,0.0,0.0,1.0,0.0,0.0,0.9221,0.0,1.0,0.0
P_2069,2069,Xịt Chống Nắng Sunplay Bảo Vệ Đa Chiều SPF50+ PA++++ 60ml,SUNSCREEN,Sunplay,168000.0,0.0,0.0,0.0,1.0,0.0,-0.4861,0.0,0.0,0.0
P_2075,2075,Dung Dịch Tạo Bọt Acnes Ngăn Ngừa Mụn 150ml,CLEANSER,Acnes,65000.0,1.0,0.0,0.0,0.0,0.0,-1.6351,1.0,0.0,0.0
P_2079,2079,Essence Chống Nắng Bioré Màng Nước Dưỡng Ẩm Da 50g,SUNSCREEN,Bioré,146000.0,0.0,0.0,0.0,1.0,0.0,-0.656,0.0,0.0,0.0
P_2086,2086,Sữa Rửa Mặt Tia'm Ốc Sên Làm Dịu & Phục Hồi Da 400ml,CLEANSER,TIA'M,379000.0,1.0,0.0,0.0,0.0,0.0,0.4982,0.0,0.0,0.0
P_2096,2096,"Serum Hada Labo Dưỡng Ẩm Cho Da Mụn, Nhạy Cảm 30ml",SERUM,Hada Labo,297000.0,0.0,1.0,0.0,0.0,0.0,0.2032,1.0,0.0,0.0
P_2107,2107,[Mini] Sữa Rửa Mặt I'm From Từ Ngải Cứu Sạch Sâu Dịu Nhẹ 30ml,CLEANSER,I'm from,49000.0,1.0,0.0,0.0,0.0,0.0,-1.977,0.0,0.0,0.0
P_2110,2110,Sữa Rửa Mặt Simple Hydrate+ Cấp Ẩm Căng Mướt 240ml,CLEANSER,Simple,189000.0,1.0,0.0,0.0,0.0,0.0,-0.3436,0.0,1.0,0.0
P_2121,2121,Sữa Rửa Mặt Naris Nature Dưỡng Sáng Da 100g,CLEANSER,Naris Cosmetics,252000.0,1.0,0.0,0.0,0.0,0.0,0.0044,0.0,0.0,0.0
P_2122,2122,"Combo 2 Serum Torriden Dưỡng Ẩm Sâu, Sáng Bóng Da 50ml",SERUM,Torriden,774000.0,0.0,1.0,0.0,0.0,0.0,1.3622,0.0,0.0,0.0
P_2123,2123,Combo Serum d'Alba Dạng Xịt Căng Bóng & Cấp Ẩm Dịu Da 100mlx2,SERUM,d'Alba,821000.0,0.0,1.0,0.0,0.0,0.0,1.4335,0.0,0.0,0.0
P_2135,2135,"Combo 3 Serum Garnier Giảm Mụn Mờ Thâm Cho Da Dầu, Mụn 30ml+7.5mlx2",SERUM,Garnier,305000.0,0.0,1.0,0.0,0.0,0.0,0.2354,1.0,0.0,0.0
P_2136,2136,Kem Dưỡng Curél Cấp Ẩm Sáng Mịn 40g,MOISTURIZER,Curél,539000.0,0.0,0.0,1.0,0.0,0.0,0.9244,0.0,1.0,0.0
P_2160,2160,Combo 2 Kem Dưỡng Ẩm Neutrogena Cấp Nước Cho Da Dầu 15g,MOISTURIZER,Neutrogena,188000.0,0.0,0.0,1.0,0.0,0.0,-0.3501,1.0,0.0,0.0
P_2169,2169,Kem Chống Nắng BYS Hiệu Chỉnh Màu Da Tông Da Sáng 30ml,SUNSCREEN,BYS,296000.0,0.0,0.0,0.0,1.0,0.0,0.1992,0.0,0.0,0.0
P_2178,2178,Sữa Rửa Mặt Bioré Thanh Lọc Da - Ngừa Mụn 100g,CLEANSER,Bioré,48000.0,1.0,0.0,0.0,0.0,0.0,-2.0019,1.0,0.0,0.0
P_2179,2179,Gel Rửa Mặt DrCeutics Tạo Bọt Sạch Sâu Cho Mọi Loại Da 250g,CLEANSER,DrCeutics,193000.0,1.0,0.0,0.0,0.0,0.0,-0.3183,0.0,0.0,0.0
P_2182,2182,Gel Rửa Mặt Emmié Dịu Nhẹ & Cấp Ẩm Sâu 180ml,CLEANSER,Emmié by Happy Skin,179000.0,1.0,0.0,0.0,0.0,0.0,-0.4094,0.0,0.0,0.0
P_2183,2183,Serum B.O.M Từ 8 Loại Trà Làm Dịu & Cấp Ẩm Da 38ml,SERUM,B.O.M,438000.0,0.0,1.0,0.0,0.0,0.0,0.6733,0.0,0.0,1.0
P_2185,2185,Serum Acnes Vitamin C Làm Mờ Sẹo & Vết Thâm 15ml,SERUM,Acnes,292000.0,0.0,1.0,0.0,0.0,0.0,0.1827,0.0,0.0,0.0
P_2186,2186,Xịt Chống Nắng Naris Cosmetics Dưỡng Sáng Da 90g,SUNSCREEN,Naris Cosmetics,339000.0,0.0,0.0,0.0,1.0,0.0,0.3633,0.0,0.0,0.0
P_2187,2187,Xịt Chống Nắng Naris Cosmetics Nâng Tông Da 80g,SUNSCREEN,Naris Cosmetics,340000.0,0.0,0.0,0.0,1.0,0.0,0.3668,0.0,0.0,0.0
P_2205,2205,"Combo Serum Balance Active Formula Sáng Da, Mờ Thâm & Cấp Nước Dưỡng Ẩm 30mlx2",SERUM,Balance Active Formula,238000.0,0.0,1.0,0.0,0.0,0.0,-0.0647,0.0,0.0,0.0
P_2206,2206,Combo 2 Tinh Chất Cocoon Chiết Xuất Từ Nghệ Hưng Yên 30ml,SERUM,Cocoon,344000.0,0.0,1.0,0.0,0.0,0.0,0.381,0.0,0.0,0.0
P_2217,2217,Gel Chống Nắng Sunplay Dưỡng Da Khi Vận Động Mạnh 30g,SUNSCREEN,Sunplay,101000.0,0.0,0.0,0.0,1.0,0.0,-1.1018,0.0,0.0,0.0
P_2220,2220,Sữa Rửa Mặt Hazeline Ngừa Mụn Dịu Nhẹ Tràm Trà Cica 100g,CLEANSER,Hazeline,45000.0,1.0,0.0,0.0,0.0,0.0,-2.08,1.0,0.0,0.0
P_2227,2227,Miếng Dán Mụn Derma Angel Vui Nhộn Cute Paws 12 Miếng,TREATMENT,Derma Angel,50000.0,0.0,0.0,0.0,0.0,1.0,-1.9525,0.0,0.0,0.0
P_2235,2235,Sữa Rửa Mặt Cetaphil Dịu Lành Cho Da Dầu Nhạy Cảm 473ml,CLEANSER,Cetaphil,464000.0,1.0,0.0,0.0,0.0,0.0,0.7431,1.0,0.0,0.0
P_2245,2245,Kem Chống Nắng Round Lab Nâng Tông Sáng Hồng Rạng Rỡ 50ml,SUNSCREEN,Round Lab,279000.0,0.0,0.0,0.0,1.0,0.0,0.1276,0.0,0.0,0.0
P_2248,2248,[Mini] Sữa Rửa Mặt Garnier Tạo Bọt Dưỡng Sáng Da 50ml,CLEANSER,Garnier,39000.0,1.0,0.0,0.0,0.0,0.0,-2.2532,0.0,0.0,0.0
P_2259,2259,Combo 2 Kem Dưỡng Ẩm Neutrogena Cấp Nước Cho Da Khô 50g,MOISTURIZER,Neutrogena,674000.0,0.0,0.0,1.0,0.0,0.0,1.1948,0.0,1.0,0.0
P_2263,2263,Tinh Chất Cocoon Cấp Nước & Cấp Ẩm Sâu Từ Hoa Hồng 30ml,SERUM,Cocoon,203000.0,0.0,1.0,0.0,0.0,0.0,-0.2572,0.0,0.0,0.0
P_2268,2268,Sữa Chống Nắng Senka Cho Da Nhạy Cảm 40ml,SUNSCREEN,Senka,179000.0,0.0,0.0,0.0,1.0,0.0,-0.4094,0.0,0.0,1.0
P_2274,2274,Kem Chống Nắng The Lab Cấp Ẩm Cho Da 40ml,SUNSCREEN,The Lab,458000.0,0.0,0.0,0.0,1.0,0.0,0.7273,0.0,1.0,0.0
P_2277,2277,"Kem Dưỡng L'Oreal Cấp Ẩm, Kiềm Dầu & Giảm Bóng Nhờn 8H 50ml",MOISTURIZER,L'Oreal,329000.0,0.0,0.0,1.0,0.0,0.0,0.3271,1.0,0.0,0.0
P_2280,2280,Kem Chống Nắng Neogen Dermalogy Cho Da Treatment 50ml,SUNSCREEN,Neogen Dermalogy,305000.0,0.0,0.0,0.0,1.0,0.0,0.2354,0.0,0.0,1.0
P_2284,2284,"Gel Rửa Mặt Cetaphil Sạch Sâu, Tẩy Tế Bào Chết Dịu Nhẹ 473ml",CLEANSER,Cetaphil,489000.0,1.0,0.0,0.0,0.0,0.0,0.8066,0.0,0.0,1.0
P_2293,2293,Combo 2 Sữa Chống Nắng Anessa Dưỡng Da Kiềm Dầu 60ml+20ml (Bản Mới),SUNSCREEN,Anessa,748000.0,0.0,0.0,0.0,1.0,0.0,1.3209,1.0,0.0,0.0
P_2299,2299,Sữa Rửa Mặt B.O.M Từ 8 Loại Trà Làm Sạch Sâu Da 150ml,CLEANSER,B.O.M,257000.0,1.0,0.0,0.0,0.0,0.0,0.0282,0.0,0.0,0.0
P_2302,2302,"Sữa Rửa Mặt Oxy Sạch Dịu Nhẹ, Kiềm Dầu Cho Nam 100g",CLEANSER,OXY,76000.0,1.0,0.0,0.0,0.0,0.0,-1.4459,1.0,0.0,0.0
P_2312,2312,Sữa Chống Nắng Elixir Dưỡng Da Ngừa Lão Hóa 35ml,SUNSCREEN,Elixir,640000.0,0.0,0.0,0.0,1.0,0.0,1.1322,0.0,0.0,0.0
P_2314,2314,Sữa Chống Nắng CeraVe Dưỡng Ẩm Phục Hồi 52ml,SUNSCREEN,CeraVe,319000.0,0.0,0.0,0.0,1.0,0.0,0.2897,0.0,0.0,0.0
P_2315,2315,"Combo 9Wishes Serum Dưỡng Sáng, Giảm Thâm + Serum Dưỡng Ẩm Căng Bóng Da 25ml+30ml",SERUM,9Wishes,425000.0,0.0,1.0,0.0,0.0,0.0,0.6368,0.0,0.0,0.0
P_2321,2321,"Sữa Rửa Mặt Obagi Làm Sạch Da, Dịu Nhẹ 200ml",CLEANSER,Obagi,875000.0,1.0,0.0,0.0,0.0,0.0,1.5106,0.0,1.0,0.0
P_2322,2322,Miếng Dán Mụn Mayan Ultra Thin Spot Plus 12+8 Miếng,TREATMENT,Mayan,27000.0,0.0,0.0,0.0,0.0,1.0,-2.6981,1.0,0.0,0.0
P_2334,2334,[Mini] Combo 2 Serum Skin1004 Rau Má Làm Dịu & Hỗ Trợ Phục Hồi Da 30ml,SERUM,Skin1004,250000.0,0.0,1.0,0.0,0.0,0.0,-0.0052,0.0,0.0,1.0
P_2335,2335,Kem Dưỡng Naris Luque Cấp Ẩm Căng Mịn Da 30g,MOISTURIZER,Naris Cosmetics,1082000.0,0.0,0.0,1.0,0.0,0.0,1.7675,0.0,0.0,0.0
P_2339,2339,Kem Chống Nắng The Lab Làm Dịu Cho Da Nhạy Cảm 40ml,SUNSCREEN,The Lab,312000.0,0.0,0.0,0.0,1.0,0.0,0.2629,0.0,0.0,1.0
P_2348,2348,Serum Anessa Dưỡng Da Và Phục Hồi Da Sau Nắng 180ml,SERUM,Anessa,412000.0,0.0,1.0,0.0,0.0,0.0,0.5993,0.0,0.0,0.0
P_2350,2350,Serum Acnes Chuyên Biệt Cho Da Mụn 20ml,SERUM,Acnes,88000.0,0.0,1.0,0.0,0.0,0.0,-1.2685,1.0,0.0,0.0
P_2353,2353,Kem Dưỡng Ẩm The Lab Dành Cho Da Khô & Nhạy Cảm 50ml,MOISTURIZER,The Lab,469000.0,0.0,0.0,1.0,0.0,0.0,0.756,0.0,0.0,1.0
P_2354,2354,Tinh Chất Chống Nắng d program Kiềm Dầu SPF 50 PA+++ 40ml,SUNSCREEN,dProgram,354000.0,0.0,0.0,0.0,1.0,0.0,0.4157,1.0,0.0,0.0
P_2362,2362,Kem Chống Nắng B.O.M Che Khuyết Điểm SPF50+ PA++++ 50g,SUNSCREEN,B.O.M,406000.0,0.0,0.0,0.0,1.0,0.0,0.5815,0.0,0.0,0.0
P_2378,2378,Sữa Rửa Mặt Naris Nature Sáng Da Chiết Xuất Hoa Anh Đào 100g,CLEANSER,Naris Cosmetics,174000.0,1.0,0.0,0.0,0.0,0.0,-0.4437,0.0,0.0,0.0
P_2382,2382,"Kem Chống Nắng Cosrx Mỏng Nhẹ, Trong Suốt 50ml",SUNSCREEN,Cosrx,199000.0,0.0,0.0,0.0,1.0,0.0,-0.2813,0.0,0.0,1.0
P_2394,2394,Dung Dịch Jumiso Làm Mềm Mụn Đầu Đen 150ml,TREATMENT,Jumiso,248000.0,0.0,0.0,0.0,0.0,1.0,-0.0149,1.0,0.0,0.0
P_2396,2396,"Kem Dưỡng Torriden Săn Chắc Da, Ngừa Lão Hóa 60ml",MOISTURIZER,Torriden,415000.0,0.0,0.0,1.0,0.0,0.0,0.608,0.0,0.0,0.0
P_2405,2405,"Combo 2 Gel Dưỡng Megaduo Plus Giảm Mụn, Mờ Thâm 15g",TREATMENT,Gamma Chemicals,390000.0,0.0,0.0,0.0,0.0,1.0,0.5329,0.0,0.0,0.0
P_2410,2410,Kem Dưỡng Naris Nature Làm Sáng Da Ban Ngày SPF20 PA+ 40g,MOISTURIZER,Naris Cosmetics,358000.0,0.0,0.0,1.0,0.0,0.0,0.4293,0.0,0.0,0.0
P_2416,2416,Kem Chống Nắng Avène Quang Phổ Rộng Cho Da Nhạy Cảm 50ml,SUNSCREEN,Avène,386000.0,0.0,0.0,0.0,1.0,0.0,0.5204,0.0,0.0,0.0
P_2435,2435,Tinh Chất Chống Nắng Bioré UV Sáng Rạng Rỡ 70g,SUNSCREEN,Bioré,211000.0,0.0,0.0,0.0,1.0,0.0,-0.2104,0.0,0.0,0.0
P_2437,2437,Combo CeraVe Sữa Rửa Mặt Cho Da Khô 473ml + Sữa Dưỡng Ẩm Cho Da Khô 30ml,CLEANSER,CeraVe,379000.0,1.0,0.0,0.0,0.0,0.0,0.4982,0.0,1.0,0.0
P_2440,2440,[Mini] Sữa Rửa Mặt Simple 50ml (Mẫu Ngẫu Nhiên),CLEANSER,Simple,39000.0,1.0,0.0,0.0,0.0,0.0,-2.2532,0.0,0.0,1.0
P_2445,2445,Kem Dưỡng B.O.M Hyaluronic Acid Dưỡng Ẩm Da 50ml,MOISTURIZER,B.O.M,425000.0,0.0,0.0,1.0,0.0,0.0,0.6368,0.0,1.0,0.0
P_2447,2447,Gel Làm Sạch Bioderma Cho Da Rất Khô & Viêm Da Cơ Địa 200ml,CLEANSER,Bioderma,374000.0,1.0,0.0,0.0,0.0,0.0,0.4822,0.0,1.0,0.0
P_2451,2451,"Sáp Chống Nắng Abib Dưỡng Ẩm, Không Mùi, Mỏng Nhẹ 22g",SUNSCREEN,Abib,311000.0,0.0,0.0,0.0,1.0,0.0,0.259,0.0,1.0,0.0
P_2455,2455,"Túi Refill Gel Rửa Mặt La Roche-Posay Cho Da Dầu, Nhạy Cảm 400ml",CLEANSER,La Roche-Posay,534000.0,1.0,0.0,0.0,0.0,0.0,0.9131,1.0,0.0,0.0
P_2461,2461,"Sữa Rửa Mặt Decumar Sạch Sâu Dịu Nhẹ, Sáng Da Ngừa Mụn 50g",CLEANSER,Decumar,95000.0,1.0,0.0,0.0,0.0,0.0,-1.1759,1.0,0.0,0.0
P_2462,2462,Kem Dưỡng Ẩm Curél Chuyên Sâu Cho Da Lão Hóa 40g,MOISTURIZER,Curél,486000.0,0.0,0.0,1.0,0.0,0.0,0.7991,0.0,1.0,0.0
P_2463,2463,Gel Nha Đam Milaganics Dưỡng Ẩm & Làm Mềm Da 150ml,MOISTURIZER,Milaganics,75000.0,0.0,0.0,1.0,0.0,0.0,-1.4619,0.0,0.0,0.0
P_2466,2466,Combo 2 Sữa Rửa Mặt Cetaphil Dịu Lành Cho Da Nhạy Cảm 125ml (Mới),CLEANSER,Cetaphil,370000.0,1.0,0.0,0.0,0.0,0.0,0.4692,0.0,0.0,1.0
P_2469,2469,Sữa Rửa Mặt Acnes Dưỡng Sáng Và Ngăn Ngừa Mụn 100g,CLEANSER,Acnes,58000.0,1.0,0.0,0.0,0.0,0.0,-1.773,0.0,0.0,0.0
P_2476,2476,Sữa Rửa Mặt Nivea Men Giúp Sáng Da Cho Nam 100g,CLEANSER,Nivea,84000.0,1.0,0.0,0.0,0.0,0.0,-1.3248,0.0,0.0,0.0
P_2477,2477,"Kem Dưỡng Acnes Sáng Da, Kiểm Soát Dầu, Ngừa Mụn 40g",MOISTURIZER,Acnes,78000.0,0.0,0.0,1.0,0.0,0.0,-1.4145,1.0,0.0,0.0
P_2478,2478,Sữa Chống Nắng Sunplay Hiệu Chỉnh Sắc Da 50g (Cam),SUNSCREEN,Sunplay,156000.0,0.0,0.0,0.0,1.0,0.0,-0.5758,1.0,0.0,0.0
P_2493,2493,Combo 2 Tinh Chất Chống Nắng Sunplay Hiệu Chỉnh Sắc Da 50g (Tím),SUNSCREEN,Sunplay,270000.0,0.0,0.0,0.0,1.0,0.0,0.0879,0.0,1.0,0.0
P_2499,2499,Kem Chống Nắng Vichy Có Màu Thoáng Mịn Ngăn Sạm Da 50ml,SUNSCREEN,Vichy,480000.0,0.0,0.0,0.0,1.0,0.0,0.7841,0.0,0.0,0.0
P_2512,2512,Gel Dưỡng Ẩm Curél Chuyên Sâu Cho Da Lão Hóa 40g,MOISTURIZER,Curél,603000.0,0.0,0.0,1.0,0.0,0.0,1.0601,0.0,0.0,0.0
P_2516,2516,Kem Chống Nắng Clinicos Dành Cho Da Nhạy Cảm 50ml,SUNSCREEN,Clinicos,489000.0,0.0,0.0,0.0,1.0,0.0,0.8066,0.0,0.0,1.0
P_2521,2521,Gel Rửa Mặt Cocoon Chiết Xuất Từ Hoa Hồng 140ml,CLEANSER,Cocoon,153000.0,1.0,0.0,0.0,0.0,0.0,-0.5993,0.0,0.0,0.0
P_2524,2524,"[HSD 06/2026] Kem Dưỡng Bioderma Hỗ Trợ Phục Hồi, Ngừa Thâm SPF50 30ml",MOISTURIZER,Bioderma,379000.0,0.0,0.0,1.0,0.0,0.0,0.4982,0.0,0.0,0.0
P_2530,2530,Sữa Rửa Mặt Milaganics Tràm Trà Nano Nghệ Ngừa Mụn 135ml,CLEANSER,Milaganics,65000.0,1.0,0.0,0.0,0.0,0.0,-1.6351,1.0,0.0,0.0
P_2570,2570,Sữa Rửa Mặt Bioré Thanh Lọc Da - Sạch Nhờn 100g,CLEANSER,Bioré,48000.0,1.0,0.0,0.0,0.0,0.0,-2.0019,1.0,0.0,0.0
P_2602,2602,"Chấm Mụn Lanbena Hỗ Trợ Giảm Mụn, Xẹp Mụn Trứng Cá 10ml",TREATMENT,Lanbena,164000.0,0.0,0.0,0.0,0.0,1.0,-0.5153,1.0,0.0,0.0
P_2610,2610,Gel Rửa Mặt Acnes Gentle Wash Ngăn Ngừa Mụn 100g,CLEANSER,Acnes,62000.0,1.0,0.0,0.0,0.0,0.0,-1.6923,1.0,0.0,0.0
P_2612,2612,Serum VT Cosmetics Reedle Shot 100 Tăng Cường Dưỡng Chất 50ml,SERUM,VT Cosmetics,459000.0,0.0,1.0,0.0,0.0,0.0,0.73,0.0,0.0,0.0
P_2621,2621,Sữa Rửa Mặt Bio-essence Dưỡng Sáng Da 100g,CLEANSER,Bio-essence,138000.0,1.0,0.0,0.0,0.0,0.0,-0.7242,0.0,0.0,0.0
P_2625,2625,"Kem Rửa Mặt Oxy Sạch Khuẩn Mụn, Kiểm Soát Nhờn 100g",CLEANSER,OXY,67000.0,1.0,0.0,0.0,0.0,0.0,-1.5984,1.0,0.0,0.0
P_2632,2632,Serum DrCeutics 10% Panthenol Cấp Ẩm Và Phục Hồi Da 40g,SERUM,DrCeutics,191000.0,0.0,1.0,0.0,0.0,0.0,-0.3309,0.0,1.0,0.0
P_2634,2634,Sữa Rửa Mặt Naris Luque Tẩy Trang 2 Trong 1 100g,CLEANSER,Naris Cosmetics,827000.0,1.0,0.0,0.0,0.0,0.0,1.4423,0.0,0.0,0.0
P_2648,2648,Kem Chống Nắng Eucerin SPF 50 Ngăn Ngừa Da Lão Hóa 50ml,SUNSCREEN,Eucerin,485000.0,0.0,0.0,0.0,1.0,0.0,0.7966,0.0,0.0,0.0
P_2654,2654,Sữa Rửa Mặt Hazeline Dưỡng Ẩm Sáng Da Yến Mạch & Dâu Tằm 100g,CLEANSER,Hazeline,52000.0,1.0,0.0,0.0,0.0,0.0,-1.9051,0.0,1.0,0.0
P_2659,2659,Serum SVR Ngăn Ngừa Lão Hóa & Giúp Da Mềm Mịn 30ml,SERUM,SVR,912000.0,0.0,1.0,0.0,0.0,0.0,1.5607,0.0,0.0,0.0
P_2670,2670,Combo 2 Sữa Chống Nắng Sunplay Bảo Vệ Vượt Trội SPF50+ PA++++ 30g,SUNSCREEN,Sunplay,154000.0,0.0,0.0,0.0,1.0,0.0,-0.5914,0.0,0.0,0.0
P_2677,2677,Combo 2 Sữa Rửa Mặt Cetaphil Dịu Lành Cho Da Nhạy Cảm 250ml (Mới),CLEANSER,Cetaphil,460000.0,1.0,0.0,0.0,0.0,0.0,0.7326,0.0,0.0,1.0
P_2682,2682,"Combo Anessa Gel Chống Nắng Dưỡng Ẩm & Sữa Chống Nắng Cho Da Nhạy Cảm, Trẻ Em 90g+60ml",SUNSCREEN,Anessa,1032000.0,0.0,0.0,0.0,1.0,0.0,1.7103,0.0,0.0,0.0
P_2701,2701,Sữa Rửa Mặt The Lab Tạo Bọt Sạch Sâu & Dưỡng Ẩm Da 120ml,CLEANSER,The Lab,344000.0,1.0,0.0,0.0,0.0,0.0,0.381,0.0,0.0,1.0
P_2705,2705,Sữa Chống Nắng Sunplay Vật Lý Bảo Vệ Da Giảm Dầu 25g,SUNSCREEN,Sunplay,112000.0,0.0,0.0,0.0,1.0,0.0,-0.9767,1.0,0.0,0.0
P_2707,2707,"Kem Dưỡng Urgo Hỗ Trợ Giảm Viêm, Cấp Ẩm & Phục Hồi Da 50ml",MOISTURIZER,Urgo,239000.0,0.0,0.0,1.0,0.0,0.0,-0.0596,0.0,1.0,0.0
P_2717,2717,Kem Dưỡng Axis-Y Sáng Da & Giảm Thâm 50ml,MOISTURIZER,Axis-Y,341000.0,0.0,0.0,1.0,0.0,0.0,0.3704,0.0,0.0,0.0
P_2723,2723,Sữa Rửa Mặt Elixir Tạo Bọt Ngừa Lão Hóa 145g,CLEANSER,Elixir,350000.0,1.0,0.0,0.0,0.0,0.0,0.4019,0.0,0.0,0.0
P_2727,2727,Gel Chống Nắng Anessa Cho Da Nhạy Cảm & Trẻ Em 90g (Mới),SUNSCREEN,Anessa,478000.0,0.0,0.0,0.0,1.0,0.0,0.779,0.0,0.0,1.0
P_2739,2739,Tinh Chất The Lab Vitamin C Dưỡng Sáng Da 50ml,SERUM,The Lab,524000.0,0.0,1.0,0.0,0.0,0.0,0.8902,0.0,0.0,0.0
P_2740,2740,Bọt Rửa Mặt DrCeutics Sạch Sâu Dịu Nhẹ Cho Mọi Loại Da 420g,CLEANSER,DrCeutics,202000.0,1.0,0.0,0.0,0.0,0.0,-0.2631,0.0,0.0,0.0
P_2748,2748,Tinh Chất Chống Nắng Sunplay Hiệu Chỉnh Sắc Da 50g (Cam),SUNSCREEN,Sunplay,142000.0,0.0,0.0,0.0,1.0,0.0,-0.6896,0.0,1.0,0.0
P_2749,2749,Sữa Chống Nắng Cetaphil SPF 50+ Dịu Lành Cho Bé 150ml,SUNSCREEN,Cetaphil,398000.0,0.0,0.0,0.0,1.0,0.0,0.5574,0.0,0.0,1.0
P_2754,2754,Sữa Rửa Mặt Bio-essence Cho Da Dầu & Hỗn Hợp 100g,CLEANSER,Bio-essence,120000.0,1.0,0.0,0.0,0.0,0.0,-0.8933,1.0,0.0,0.0
P_2765,2765,"Kem Dưỡng Bioderma Phục Hồi, Ngừa Sẹo & Giảm Tăng Sắc Tố 40ml",MOISTURIZER,Bioderma,420000.0,0.0,0.0,1.0,0.0,0.0,0.6225,0.0,0.0,0.0
P_2780,2780,[Mini] Serum 9Wishes Dưỡng Ẩm Căng Bóng Da 8ml,SERUM,9Wishes,49000.0,0.0,1.0,0.0,0.0,0.0,-1.977,0.0,0.0,0.0
P_2794,2794,Kem Chống Nắng Paula’s Choice Dưỡng Ngày Siêu Nhẹ 60ml,SUNSCREEN,Paula's Choice,825000.0,0.0,0.0,0.0,1.0,0.0,1.4394,1.0,0.0,0.0
P_2811,2811,"Sữa Rửa Mặt Obagi 2% BHA Sạch Sâu, Tẩy Tế Bào Chết 118ml",CLEANSER,Obagi,873000.0,1.0,0.0,0.0,0.0,0.0,1.5078,0.0,0.0,0.0
P_2824,2824,Kem Dưỡng Bio-essence Làm Sáng Da Ban Ngày 50g,MOISTURIZER,Bio-essence,398000.0,0.0,0.0,1.0,0.0,0.0,0.5574,0.0,0.0,0.0
P_2834,2834,Gel Chống Nắng Sunplay Dưỡng Da Sáng Mịn 30g,SUNSCREEN,Sunplay,88000.0,0.0,0.0,0.0,1.0,0.0,-1.2685,0.0,1.0,0.0
P_2847,2847,"Dầu Olive Milaganics Nguyên Chất Dưỡng Da, Dưỡng Tóc 100ml",MOISTURIZER,Milaganics,50000.0,0.0,0.0,1.0,0.0,0.0,-1.9525,0.0,1.0,0.0
P_2851,2851,Sữa Chống Nắng Sunplay Cho Bé Và Da Nhạy Cảm 30g,SUNSCREEN,Sunplay,78000.0,0.0,0.0,0.0,1.0,0.0,-1.4145,0.0,0.0,1.0
P_2853,2853,Kem Rửa Mặt Oxy Có Hạt Làm Sạch Sâu Giảm Nhờn 100g,CLEANSER,OXY,65000.0,1.0,0.0,0.0,0.0,0.0,-1.6351,1.0,0.0,0.0
P_2856,2856,[Mua 1 Tặng 1] Naris Cosmetics Kem Chống Nắng Dưỡng Sáng Da 90g Tặng Son Thỏi Màu Ngẫu Nhiên 3g,SUNSCREEN,Naris Cosmetics,437000.0,0.0,0.0,0.0,1.0,0.0,0.6705,0.0,0.0,0.0
P_2877,2877,Combo 2 Sữa Chống Nắng Sunplay Hiệu Chỉnh Sắc Da 50g (Xanh Dương),SUNSCREEN,Sunplay,316000.0,0.0,0.0,0.0,1.0,0.0,0.2783,0.0,0.0,0.0
P_2891,2891,"Sữa Rửa Mặt Obagi Làm Sạch Da, Dịu Nhẹ 60ml",CLEANSER,Obagi,350000.0,1.0,0.0,0.0,0.0,0.0,0.4019,0.0,1.0,0.0
P_2893,2893,"Sữa Rửa Mặt Lanbena Kiểm Soát Dầu, Sạch Sâu Lỗ Chân Lông 236ml",CLEANSER,Lanbena,70000.0,1.0,0.0,0.0,0.0,0.0,-1.5454,1.0,0.0,0.0
P_2895,2895,"Tinh Chất Peel Da Bye Bye Blemish Mờ Thâm, Mịn Da 30ml",SERUM,Bye Bye Blemish,369000.0,0.0,1.0,0.0,0.0,0.0,0.4659,0.0,0.0,0.0
P_2899,2899,Combo 2 Gel Chống Nắng Anessa Dưỡng Sáng Nâng Tông 90g (Mới),SUNSCREEN,Anessa,745000.0,0.0,0.0,0.0,1.0,0.0,1.316,0.0,1.0,0.0
P_2909,2909,Sữa Rửa Mặt Bio-essence HA Cấp Ẩm Sâu Cho Da Khô 100g,CLEANSER,Bio-essence,99000.0,1.0,0.0,0.0,0.0,0.0,-1.126,0.0,1.0,0.0
P_2928,2928,[Mini] Combo 2 Sữa Rửa Mặt CeraVe Sạch Sâu Cho Da Thường Đến Da Dầu 30ml,CLEANSER,CeraVe,80000.0,1.0,0.0,0.0,0.0,0.0,-1.3839,0.0,0.0,0.0
P_2936,2936,Sữa Chống Nắng Bioré Dịu Nhẹ Cho Trẻ Em 70ml,SUNSCREEN,Bioré,197000.0,0.0,0.0,0.0,1.0,0.0,-0.2935,0.0,0.0,1.0
P_2939,2939,Sữa Rửa Mặt Bioré Cho Nam Hạt Tác Động Kép Sạch Nhờn 100g,CLEANSER,Bioré,53000.0,1.0,0.0,0.0,0.0,0.0,-1.882,1.0,0.0,0.0
P_2947,2947,Serum B.O.M Hyaluronic Acid Dưỡng Ẩm Da 50ml,SERUM,B.O.M,440000.0,0.0,1.0,0.0,0.0,0.0,0.6788,0.0,1.0,0.0
P_2951,2951,Sữa Chống Nắng Sunplay Bảo Vệ Vượt Trội SPF50+ PA++++ 30g,SUNSCREEN,Sunplay,85000.0,0.0,0.0,0.0,1.0,0.0,-1.3105,0.0,0.0,0.0
P_2956,2956,Combo 2 Sữa Chống Nắng Anessa Dưỡng Da Kiềm Dầu 20ml (Mới),SUNSCREEN,Anessa,350000.0,0.0,0.0,0.0,1.0,0.0,0.4019,1.0,0.0,0.0
P_3014,3014,Combo 2 Sữa Chống Nắng Sunplay Skin Aqua Dưỡng Da Sáng Mịn 25g,SUNSCREEN,Sunplay,169000.0,0.0,0.0,0.0,1.0,0.0,-0.479,1.0,0.0,0.0
P_3015,3015,"Serum The Lab Dưỡng Ẩm, Làm Dịu Da 30ml",SERUM,The Lab,332000.0,0.0,1.0,0.0,0.0,0.0,0.338,0.0,0.0,1.0
P_3026,3026,Serum VT Cosmetics Reedle Shot 300 Tăng Cường Dưỡng Chất 50ml,SERUM,VT Cosmetics,555000.0,0.0,1.0,0.0,0.0,0.0,0.9598,0.0,0.0,0.0
P_3038,3038,Miếng Dán Ciracle Hỗ Trợ Hút Và Đẩy Mụn Đầu Đen (1 Miếng),TREATMENT,Ciracle,15000.0,0.0,0.0,0.0,0.0,1.0,-3.4092,1.0,0.0,0.0
P_3066,3066,Kem Chống Nắng Judydoll Cấp Ẩm Nâng Tông - 01 Tông Sáng 40g,SUNSCREEN,Judydoll,209000.0,0.0,0.0,0.0,1.0,0.0,-0.2219,0.0,0.0,0.0
P_3068,3068,Combo 2 Sữa Rửa Mặt Senka Dành Cho Da Mụn 100g,CLEANSER,Senka,159000.0,1.0,0.0,0.0,0.0,0.0,-0.5528,1.0,0.0,0.0
P_3088,3088,Sữa Rửa Mặt Nivea Tinh Chất Ngọc Trai Làm Sáng Da 100g,CLEANSER,Nivea,68000.0,1.0,0.0,0.0,0.0,0.0,-1.5805,0.0,0.0,0.0
P_3091,3091,"Sữa Rửa Mặt Melano CC Dưỡng Sáng, Sạch Sâu 130g",CLEANSER,Melano CC,153000.0,1.0,0.0,0.0,0.0,0.0,-0.5993,0.0,0.0,0.0
P_3103,3103,Serum Skin1004 Rau Má Làm Dịu & Hỗ Trợ Phục Hồi Da 100ml (HSD: 30 Tháng),SERUM,Skin1004,302000.0,0.0,1.0,0.0,0.0,0.0,0.2234,0.0,0.0,0.0
P_3164,3164,Kem Rửa Mặt Oxy Làm Sạch Sâu Sảng Khoái 100g,CLEANSER,OXY,63000.0,1.0,0.0,0.0,0.0,0.0,-1.6729,1.0,0.0,0.0
P_3215,3215,Sữa Chống Nắng Bioré Bảo Vệ Hoàn Hảo - Mát Lạnh 25ml,SUNSCREEN,Bioré,65000.0,0.0,0.0,0.0,1.0,0.0,-1.6351,1.0,0.0,0.0
P_3216,3216,Sữa Rửa Mặt Cetaphil Dạng Bọt Siêu Mịn Dịu Da Nhạy Cảm 200ml,CLEANSER,Cetaphil,590000.0,1.0,0.0,0.0,0.0,0.0,1.0338,0.0,0.0,1.0
P_3223,3223,Gel Dưỡng Fixderma Giúp Làm Mờ Sẹo 15ml,MOISTURIZER,Fixderma,269000.0,0.0,0.0,1.0,0.0,0.0,0.0834,0.0,0.0,0.0
P_3237,3237,Serum Chống Nắng Sunplay Skin Aqua Dưỡng Da Chuyên Sâu 30g,SUNSCREEN,Sunplay,175000.0,0.0,0.0,0.0,1.0,0.0,-0.4368,0.0,0.0,0.0
P_3254,3254,Sữa Rửa Mặt Evoluderm Bổ Sung Vitamin E Cấp Ẩm Dịu Nhẹ 250ml,CLEANSER,Evoluderm,89000.0,1.0,0.0,0.0,0.0,0.0,-1.2549,0.0,0.0,0.0
P_3259,3259,Sữa Rửa Mặt Meishoku Ngăn Ngừa Mụn 80g,CLEANSER,MEISHOKU,174000.0,1.0,0.0,0.0,0.0,0.0,-0.4437,1.0,0.0,0.0
P_3269,3269,Sữa Rửa Mặt Nivea Men Giúp Giảm Mụn & Hư Tổn Da 100g,CLEANSER,Nivea,82000.0,1.0,0.0,0.0,0.0,0.0,-1.354,1.0,0.0,0.0
P_3272,3272,Tinh Chất The Lab Dưỡng Ẩm Chuyên Sâu Cho Da 30ml,SERUM,The Lab,571000.0,0.0,1.0,0.0,0.0,0.0,0.9941,0.0,1.0,0.0
P_3273,3273,Miếng Dán Mũi Lột Mụn Bioré Không Hương (4 Miếng),TREATMENT,Bioré,21000.0,0.0,0.0,0.0,0.0,1.0,-3.0021,1.0,0.0,0.0
P_3300,3300,Combo Kem Dưỡng Neutrogena Cấp Nước Cho Da Dầu 50g+15g,MOISTURIZER,Neutrogena,478000.0,0.0,0.0,1.0,0.0,0.0,0.779,1.0,0.0,0.0
P_3307,3307,Combo Serum Garnier Tăng Cường Sáng Da Mờ Thâm Ngày & Đêm 30mlx2,SERUM,Garnier,475000.0,0.0,1.0,0.0,0.0,0.0,0.7714,0.0,0.0,0.0
P_3315,3315,"Sữa Chống Nắng Elixir Nâng Tông, Kiềm Dầu 35g",SUNSCREEN,Elixir,379000.0,0.0,0.0,0.0,1.0,0.0,0.4982,1.0,0.0,0.0
P_3318,3318,Combo 2 Kem Chống Nắng Beplain Vật Lý Hỗ Trợ Kiềm Dầu Mịn Lì 50ml,SUNSCREEN,Beplain,498000.0,0.0,0.0,0.0,1.0,0.0,0.8286,0.0,0.0,0.0
P_3324,3324,Sữa Chống Nắng Bioré Bảo Vệ Hoàn Hảo - Sáng Mịn 25ml,SUNSCREEN,Bioré,64000.0,0.0,0.0,0.0,1.0,0.0,-1.6539,0.0,0.0,0.0
P_3331,3331,Combo CeraVe Sữa Rửa Mặt Cho Da Dầu 473ml + Sữa Dưỡng Ẩm Cho Da Khô 30ml,CLEANSER,CeraVe,466000.0,1.0,0.0,0.0,0.0,0.0,0.7483,0.0,0.0,0.0
P_3341,3341,Kem Chống Nắng Axis-Y Vật Lý Dịu Nhẹ 50ml,SUNSCREEN,Axis-Y,412000.0,0.0,0.0,0.0,1.0,0.0,0.5993,0.0,0.0,0.0
P_3344,3344,"Sữa Rửa Mặt CeraVe Dạng Kem Tạo Bọt Cho Da Thường, Khô 236ml",CLEANSER,CeraVe,438000.0,1.0,0.0,0.0,0.0,0.0,0.6733,0.0,0.0,0.0
P_3351,3351,Serum Bio-essence Dưỡng Sáng Da Chuyên Sâu 30ml,SERUM,Bio-essence,352000.0,0.0,1.0,0.0,0.0,0.0,0.4088,0.0,0.0,0.0
P_3358,3358,Gel Rửa Mặt Eucerin Cho Da Mụn 75ml,CLEANSER,Eucerin,228000.0,1.0,0.0,0.0,0.0,0.0,-0.1167,0.0,0.0,0.0
P_3366,3366,Combo 2 Serum La Bonita Hyaluronic Acid Cấp Ẩm Dịu Da 50ml,SERUM,La Bonita,446000.0,0.0,1.0,0.0,0.0,0.0,0.6952,0.0,0.0,1.0
P_3378,3378,Kem Chống Nắng Dermablock Phổ Rộng Mỏng Nhẹ Vô Hình 35ml,SUNSCREEN,Dermablock,148000.0,0.0,0.0,0.0,1.0,0.0,-0.6395,0.0,0.0,0.0
P_3391,3391,[Mua 1 Tặng 1] Naris Cosmetics Kem Chống Nắng Nâng Tone Da 80g Tặng Son Thỏi Màu Ngẫu Nhiên 3g,SUNSCREEN,Naris Cosmetics,437000.0,0.0,0.0,0.0,1.0,0.0,0.6705,0.0,0.0,0.0
P_3398,3398,Sữa Rửa Mặt Cetaphil Dịu Lành Cho Da Nhạy Cảm 473ml,CLEANSER,Cetaphil,433000.0,1.0,0.0,0.0,0.0,0.0,0.6594,0.0,0.0,1.0
P_3413,3413,Sữa Rửa Mặt Shimbi Method Dạng Bọt Làm Sạch Sâu 120g,CLEANSER,Shimbi,197000.0,1.0,0.0,0.0,0.0,0.0,-0.2935,1.0,0.0,0.0
P_3420,3420,Gel Rửa Mặt Eucerin Hỗ Trợ Sáng Da Mịn Màng 200ml,CLEANSER,Eucerin,427000.0,1.0,0.0,0.0,0.0,0.0,0.6425,0.0,0.0,0.0
P_3428,3428,Gel Rửa Mặt Acnes Giúp Kiểm Soát Nhờn 50g,CLEANSER,Acnes,35000.0,1.0,0.0,0.0,0.0,0.0,-2.3841,1.0,0.0,0.0
P_3458,3458,Combo 4 Gel Rửa Mặt SVR Không Chứa Xà Phòng Cho Da Dầu 55ml,CLEANSER,SVR,452000.0,1.0,0.0,0.0,0.0,0.0,0.7114,1.0,0.0,0.0
P_3459,3459,Kem Dưỡng Pond's Sáng Hồng Rạng Rỡ Cho Ban Đêm 45g,MOISTURIZER,Pond's,128000.0,0.0,0.0,1.0,0.0,0.0,-0.8152,0.0,0.0,0.0
P_3465,3465,[Mini] Sữa Rửa Mặt Senka Tạo Bọt Chiết Xuất Tơ Tằm Trắng 50g,CLEANSER,Senka,40000.0,1.0,0.0,0.0,0.0,0.0,-2.2225,0.0,0.0,0.0
P_3466,3466,"[Mini] Serum Elixir Hỗ Trợ Săn Chắc Da, Ngừa Lão Hóa 18ml",SERUM,Elixir,200000.0,0.0,1.0,0.0,0.0,0.0,-0.2752,0.0,0.0,0.0
P_3504,3504,"Sữa Rửa Mặt CeraVe Dạng Kem Tạo Bọt Cho Da Thường, Khô 100ml",CLEANSER,CeraVe,181000.0,1.0,0.0,0.0,0.0,0.0,-0.396,0.0,0.0,0.0
P_3510,3510,Combo 10 Sữa Rửa Mặt Cetaphil Dịu Lành Cho Da Nhạy Cảm 59ml,CLEANSER,Cetaphil,379000.0,1.0,0.0,0.0,0.0,0.0,0.4982,0.0,0.0,1.0
P_3530,3530,Tinh Chất Chống Nắng Nivea Vitamin C&E Dưỡng Sáng Khỏe 30ml,SUNSCREEN,Nivea,93000.0,0.0,0.0,0.0,1.0,0.0,-1.2017,0.0,0.0,0.0
P_3531,3531,Combo CeraVe Sữa Rửa Mặt Cho Da Dầu 88ml + Sữa Dưỡng Ẩm Cho Da Khô 30ml,CLEANSER,CeraVe,186000.0,1.0,0.0,0.0,0.0,0.0,-0.363,0.0,0.0,0.0
P_3532,3532,"Gel Rửa Mặt Elixir Hỗ Trợ Làm Sạch Sâu, Ngừa Lão Hóa 105g",CLEANSER,Elixir,372000.0,1.0,0.0,0.0,0.0,0.0,0.4757,0.0,0.0,0.0
P_3536,3536,"Gel Rửa Mặt Elixir Hỗ Trợ Làm Sạch, Dưỡng Ẩm 180g",CLEANSER,Elixir,345000.0,1.0,0.0,0.0,0.0,0.0,0.3845,0.0,0.0,0.0
P_3544,3544,Combo 2 Serum L'Oreal Hyaluronic Acid Cấp Ẩm Sáng Da 15ml,SERUM,L'Oreal,365000.0,0.0,1.0,0.0,0.0,0.0,0.4527,0.0,0.0,0.0
P_3545,3545,Sữa Rửa Mặt Nivea Men Bùn Khoáng Sạch Nhờn Mát Lạnh 100g,CLEANSER,Nivea,73000.0,1.0,0.0,0.0,0.0,0.0,-1.4947,1.0,0.0,0.0
P_3568,3568,Tinh Chất Chống Nắng Nivea Dưỡng Sáng & Kiểm Soát Dầu 30ml,SUNSCREEN,Nivea,88000.0,0.0,0.0,0.0,1.0,0.0,-1.2685,1.0,0.0,0.0
P_3576,3576,Miếng Dán Mũi Lột Mụn Bioré Than Hoạt Tính Cho Nam (4 Miếng),TREATMENT,Bioré,23000.0,0.0,0.0,0.0,0.0,1.0,-2.8921,1.0,0.0,0.0
P_3605,3605,"Lotion Chấm Mụn Bye Bye Blemish Cho Mụn Trắng, Sưng Đỏ 30ml",TREATMENT,Bye Bye Blemish,336000.0,0.0,0.0,0.0,0.0,1.0,0.3525,1.0,0.0,0.0
P_3606,3606,Lotion Chống Nắng Australis Le Tan SPF50+ Cho Da Nhạy Cảm 50ml,SUNSCREEN,australis,335000.0,0.0,0.0,0.0,1.0,0.0,0.3489,0.0,0.0,1.0
P_3617,3617,Gel Rửa Mặt Ngăn Ngừa Mụn Acnes 100g,CLEANSER,Acnes,66000.0,1.0,0.0,0.0,0.0,0.0,-1.6166,0.0,0.0,0.0
P_3625,3625,Gel Chống Nắng Sunplay Skin Aqua Cho Da Nhạy Cảm 25g,SUNSCREEN,Sunplay,109000.0,0.0,0.0,0.0,1.0,0.0,-1.0096,0.0,0.0,1.0
P_3658,3658,Sữa Rửa Mặt Bio-essence AHA-BHA Tẩy Da Chết Dịu Nhẹ 100g,CLEANSER,Bio-essence,99000.0,1.0,0.0,0.0,0.0,0.0,-1.126,0.0,0.0,0.0
P_3673,3673,Kem Rửa Mặt Acnes Giúp Ngừa Mụn 50g,CLEANSER,Acnes,38000.0,1.0,0.0,0.0,0.0,0.0,-2.2846,0.0,0.0,0.0
P_3688,3688,Serum Chống Nắng Sunplay Ngừa Sạm Nám Dạng Tinh Chất 50g,SUNSCREEN,Sunplay,298000.0,0.0,0.0,0.0,1.0,0.0,0.2073,0.0,0.0,0.0
P_3708,3708,Combo Cetaphil Sữa Rửa Mặt 125ml + Kem Dưỡng Ẩm 50g Dịu Lành Cho Da Nhạy Cảm,CLEANSER,Cetaphil,292000.0,1.0,0.0,0.0,0.0,0.0,0.1827,0.0,0.0,1.0
P_3712,3712,"Serum Shimbi Method Dưỡng Sáng, Se Khít Lỗ Chân Lông 30ml",SERUM,Shimbi,256000.0,0.0,1.0,0.0,0.0,0.0,0.0235,0.0,0.0,0.0
P_3718,3718,Combo CeraVe Sữa Rửa Mặt Cho Da Khô 88ml + Sữa Dưỡng Ẩm Cho Da Khô 30ml,CLEANSER,CeraVe,145000.0,1.0,0.0,0.0,0.0,0.0,-0.6643,0.0,1.0,0.0
P_3719,3719,Gel Dưỡng Ẩm Bioderma Làm Dịu Cho Da Rất Khô 75ml,MOISTURIZER,Bioderma,289000.0,0.0,0.0,1.0,0.0,0.0,0.1702,0.0,1.0,0.0
P_3729,3729,Combo 2 Serum Chống Nắng Garnier 12H Kiềm Dầu & Hỗ Trợ Giảm Mụn 30ml,SUNSCREEN,Garnier,342000.0,0.0,0.0,0.0,1.0,0.0,0.3739,1.0,0.0,0.0
P_3766,3766,"Gel Rửa Mặt OXY Ngừa Mụn, Da Sáng Khoẻ 100g",CLEANSER,OXY,67000.0,1.0,0.0,0.0,0.0,0.0,-1.5984,1.0,0.0,0.0
P_3767,3767,Gel Rửa Mặt OXY 3X Cấp Ẩm Chuyên Sâu 100g,CLEANSER,OXY,67000.0,1.0,0.0,0.0,0.0,0.0,-1.5984,0.0,0.0,0.0
P_3772,3772,Combo 2 Sữa Chống Nắng Sunplay Hiệu Chỉnh Sắc Da 50g (Tím),SUNSCREEN,Sunplay,265000.0,0.0,0.0,0.0,1.0,0.0,0.0653,1.0,0.0,0.0
P_3779,3779,Kem Chống Nắng Clinicos Nâng Tông Tự Nhiên 50ml,SUNSCREEN,Clinicos,264000.0,0.0,0.0,0.0,1.0,0.0,0.0607,0.0,0.0,0.0
P_3780,3780,Kem Rửa Mặt & Mặt Nạ Acnes Ngăn Ngừa Mụn Đầu Đen 100g,CLEANSER,Acnes,66000.0,1.0,0.0,0.0,0.0,0.0,-1.6166,0.0,0.0,0.0
P_3795,3795,Kem Chống Nắng Nivea Dạng Sữa Trong Suốt Mỏng Nhẹ SPF50+ 40ml,SUNSCREEN,Nivea,230000.0,0.0,0.0,0.0,1.0,0.0,-0.1061,0.0,0.0,0.0
P_3838,3838,Combo 3 Miếng Dán Mũi Lột Mụn Bioré Than Hoạt Tính (4 Miếng),TREATMENT,Bioré,80000.0,0.0,0.0,0.0,0.0,1.0,-1.3839,1.0,0.0,0.0
P_3850,3850,Gel Rửa Mặt Hada Labo Dưỡng Ẩm Cho Da Nhạy Cảm 80g,CLEANSER,Hada Labo,79000.0,1.0,0.0,0.0,0.0,0.0,-1.3991,0.0,0.0,1.0
P_3897,3897,Kem Chống Nắng Nivea Dạng Sữa Ngừa Mụn Kiềm Dầu SPF50+ 40ml,SUNSCREEN,Nivea,220000.0,0.0,0.0,0.0,1.0,0.0,-0.1599,1.0,0.0,0.0
P_3949,3949,Sữa Rửa Mặt Nivea Dạng Gel Tạo Bọt Sạch Sâu Ngừa Mụn 90ml,CLEANSER,Nivea,74000.0,1.0,0.0,0.0,0.0,0.0,-1.4782,1.0,0.0,0.0
P_3950,3950,Sữa Chống Nắng Bioré Bảo Vệ Hoàn Hảo - Dưỡng Ẩm 25ml,SUNSCREEN,Bioré,63000.0,0.0,0.0,0.0,1.0,0.0,-1.6729,1.0,0.0,0.0
P_3970,3970,"Gel Dưỡng Urgo Hỗ Trợ Mờ Sẹo, Đều Màu Da 7g",MOISTURIZER,Urgo,213000.0,0.0,0.0,1.0,0.0,0.0,-0.199,0.0,0.0,0.0
P_3973,3973,"Dầu Olive Milaganics Nguyên Chất Dưỡng Da, Dưỡng Tóc 250ml",MOISTURIZER,Milaganics,98000.0,0.0,0.0,1.0,0.0,0.0,-1.1383,0.0,1.0,0.0
P_4028,4028,Gel Dưỡng Oxy Cấp Ẩm Chuyên Sâu Và Làm Dịu Da Cho Nam 50g,MOISTURIZER,OXY,175000.0,0.0,0.0,1.0,0.0,0.0,-0.4368,0.0,1.0,0.0
P_4029,4029,Kem Dưỡng Forencos Dầu Marula Dưỡng Sáng Da Ban Đêm 15g,MOISTURIZER,Forencos,175000.0,0.0,0.0,1.0,0.0,0.0,-0.4368,0.0,0.0,0.0
P_4111,4111,Sữa Rửa Mặt Nivea Men Than Đen Hoạt Tính Sáng Da 100g,CLEANSER,Nivea,76000.0,1.0,0.0,0.0,0.0,0.0,-1.4459,0.0,0.0,0.0
P_4118,4118,Miếng Dán Mũi Lột Mụn Mayan Than Hoạt Tính (4 Miếng),TREATMENT,Mayan,24000.0,0.0,0.0,0.0,0.0,1.0,-2.8406,1.0,0.0,0.0
P_4120,4120,Sữa Rửa Mặt The Cafuné Chiết Xuất Gừng Làm Sạch Sâu 120ml,CLEANSER,The Cafuné,80000.0,1.0,0.0,0.0,0.0,0.0,-1.3839,0.0,0.0,0.0
P_4126,4126,Gel Rửa Mặt Evoluderm Từ Bưởi Hồng Và Hoa Cúc 250ml,CLEANSER,Evoluderm,145000.0,1.0,0.0,0.0,0.0,0.0,-0.6643,0.0,0.0,0.0
P_4190,4190,Combo Miếng Dán Mụn Acnes Giúp Giảm Mụn Sưng Viêm 2x24 Miếng,TREATMENT,Acnes,116000.0,0.0,0.0,0.0,0.0,1.0,-0.9343,1.0,0.0,0.0
P_4191,4191,Miếng Dán Mũi Lột Mụn Bioré Mát Lạnh Cho Nam (4 Miếng),TREATMENT,Bioré,21000.0,0.0,0.0,0.0,0.0,1.0,-3.0021,1.0,0.0,0.0
P_4225,4225,[Mini] Kem Dưỡng Keyshu Sáng Da Dưỡng Ẩm 10ml,MOISTURIZER,Keyshu,99000.0,0.0,0.0,1.0,0.0,0.0,-1.126,0.0,0.0,0.0
P_4261,4261,"Gel Rửa Mặt Oxy Sạch Dịu Nhẹ, Giảm Khô Căng Cho Nam 100g",CLEANSER,OXY,76000.0,1.0,0.0,0.0,0.0,0.0,-1.4459,0.0,1.0,0.0
P_4271,4271,Sữa Rửa Mặt Nivea Men Bọt Mịn Sạch Nhờn Mát Lạnh 100g,CLEANSER,Nivea,71000.0,1.0,0.0,0.0,0.0,0.0,-1.5283,1.0,0.0,0.0
P_4274,4274,Miếng Dán Mũi Lột Mụn Purederm Nha Đam (3 Miếng),TREATMENT,Purederm,23000.0,0.0,0.0,0.0,0.0,1.0,-2.8921,1.0,0.0,0.0
P_4284,4284,[Mini] Sữa Rửa Mặt Colorkey Bùn Khoáng Sạch Sâu Cấp Ẩm 20g,CLEANSER,Colorkey,34000.0,1.0,0.0,0.0,0.0,0.0,-2.4192,0.0,0.0,0.0
P_4309,4309,[Mini] Kem Dưỡng Ẩm Hada Labo Cho Mọi Loại Da (Ngẫu Nhiên) 12g,MOISTURIZER,Hada Labo,50000.0,0.0,0.0,1.0,0.0,0.0,-1.9525,0.0,0.0,0.0
P_4349,4349,Miếng Dán Mũi Lột Mụn Mayan Lô Hội (4 Miếng),TREATMENT,Mayan,24000.0,0.0,0.0,0.0,0.0,1.0,-2.8406,1.0,0.0,0.0
P_4365,4365,"Gel Rửa Mặt Cosrx Tràm Trà, 0.5% BHA Có Độ pH Thấp 150ml",CLEANSER,Cosrx,129000.0,1.0,0.0,0.0,0.0,0.0,-0.8058,0.0,0.0,0.0
P_4373,4373,Combo 2 Sữa Chống Nắng Sunplay Bảo Vệ Vượt Trội SPF50+ PA++++ 70g,SUNSCREEN,Sunplay,270000.0,0.0,0.0,0.0,1.0,0.0,0.0879,0.0,0.0,0.0
P_4389,4389,Combo Cocoon Sữa Chống Nắng + Kem Chống Nắng Bí Đao Quang Phổ Rộng 50mlx2,SUNSCREEN,Cocoon,479000.0,0.0,0.0,0.0,1.0,0.0,0.7816,0.0,0.0,0.0
P_4411,4411,Combo 2 Kem Dưỡng L'Oreal Siêu Cấp Ẩm Căng Mịn Da 50ml+15ml,MOISTURIZER,L'Oreal,329000.0,0.0,0.0,1.0,0.0,0.0,0.3271,0.0,1.0,0.0
P_4422,4422,Combo Anessa Gel Chống Nắng Dưỡng Ẩm & Sữa Chống Nắng Kiềm Dầu 90g+60ml,SUNSCREEN,Anessa,861000.0,0.0,0.0,0.0,1.0,0.0,1.4911,0.0,0.0,0.0
P_4424,4424,Kem Chống Nắng Beplain Nâng Tông Hồng Đào 50ml,SUNSCREEN,Beplain,245000.0,0.0,0.0,0.0,1.0,0.0,-0.0296,0.0,0.0,0.0
P_4450,4450,Kem Dưỡng Ẩm Klairs Làm Dịu & Phục Hồi Da Ban Đêm 60g,MOISTURIZER,Klairs,308000.0,0.0,0.0,1.0,0.0,0.0,0.2473,0.0,0.0,1.0
P_4451,4451,"Sữa Rửa Mặt Laboratorios Babé Dịu Êm Cho Da Dầu, Mụn 200ml",CLEANSER,Laboratorios Babé,353000.0,1.0,0.0,0.0,0.0,0.0,0.4123,1.0,0.0,0.0
P_4457,4457,Kem Dưỡng Beplain Peptide Đậu Xanh Chăm Sóc Lỗ Chân Lông 60ml,MOISTURIZER,Beplain,210000.0,0.0,0.0,1.0,0.0,0.0,-0.2162,0.0,0.0,0.0
P_4460,4460,"Kem Chống Nắng Beplain Vật Lý, Nâng Tông, Giảm Đỏ 50ml",SUNSCREEN,Beplain,245000.0,0.0,0.0,0.0,1.0,0.0,-0.0296,1.0,0.0,0.0
P_4476,4476,"Sữa Rửa Mặt Hatomugi Ý Dĩ Hỗ Trợ Ngừa Mụn, Sáng Da 130g",CLEANSER,Hatomugi,44000.0,1.0,0.0,0.0,0.0,0.0,-2.1072,1.0,0.0,0.0
P_4479,4479,Combo 3 Sữa Chống Nắng Anessa Dưỡng Da Kiềm Dầu 60ml+20mlx2 (Bản Mới),SUNSCREEN,Anessa,902000.0,0.0,0.0,0.0,1.0,0.0,1.5474,1.0,0.0,0.0
P_4480,4480,Combo Kem Dưỡng L'Oreal Ngừa Rãnh Nhăn Lão Hóa Sớm Ngày Đêm 50mlx2,MOISTURIZER,L'Oreal,463000.0,0.0,0.0,1.0,0.0,0.0,0.7405,0.0,1.0,0.0
P_4481,4481,Combo 2 Gel Chống Nắng L'Oreal Watergel Thế Hệ Mới 50ml,SUNSCREEN,L'Oreal,457000.0,0.0,0.0,0.0,1.0,0.0,0.7247,0.0,0.0,0.0
P_4500,4500,Combo 2 Gel Chống Nắng Anessa Dưỡng Ẩm Bảo Vệ Hoàn Hảo 90g (Mới),SUNSCREEN,Anessa,993000.0,0.0,0.0,0.0,1.0,0.0,1.6637,0.0,1.0,0.0
P_4501,4501,Sữa Rửa Mặt Beplain Đậu Xanh Sạch Sâu Cho Mọi Loại Da 80ml,CLEANSER,Beplain,213000.0,1.0,0.0,0.0,0.0,0.0,-0.199,0.0,0.0,0.0
P_4507,4507,Combo 2 Kem Chống Nắng Beplain Nâng Tông Hồng Đào 50ml,SUNSCREEN,Beplain,970000.0,0.0,0.0,0.0,1.0,0.0,1.6353,1.0,0.0,0.0
P_4508,4508,Bộ Sản Phẩm L'Oreal Kem Dưỡng Ngừa Rãnh Nhăn Ngày Đêm 50mlx2 + Nước Tẩy Trang Căng Mịn Da 95ml + Serum Cấp Ẩm Sáng Da 7.5ml,MOISTURIZER,L'Oreal,459000.0,0.0,0.0,1.0,0.0,0.0,0.73,0.0,0.0,0.0
P_4520,4520,Combo 2 Tinh Chất Chống Nắng Sunplay Hiệu Chỉnh Sắc Da 50g (Xanh Dương),SUNSCREEN,Sunplay,254000.0,0.0,0.0,0.0,1.0,0.0,0.014,0.0,0.0,0.0
P_4526,4526,"Serum Beplain Rau Má PDRN Phục Hồi, Cấp Ẩm, Căng Bóng Da 30ml",SERUM,Beplain,307000.0,0.0,1.0,0.0,0.0,0.0,0.2433,0.0,0.0,1.0
P_4544,4544,Combo 2 Kem Dưỡng Bioderma Giúp Se Khít Lỗ Chân Lông 30ml,MOISTURIZER,Bioderma,950000.0,0.0,0.0,1.0,0.0,0.0,1.6101,1.0,0.0,0.0
P_4545,4545,Sữa Rửa Mặt Beplain Đậu Xanh Sạch Sâu Cho Mọi Loại Da 160ml,CLEANSER,Beplain,241000.0,1.0,0.0,0.0,0.0,0.0,-0.0496,0.0,0.0,0.0
P_4550,4550,Kem Dưỡng The Lab Sáng Da Cấp Ẩm Căng Mướt 50ml,MOISTURIZER,The Lab,220000.0,0.0,0.0,1.0,0.0,0.0,-0.1599,0.0,0.0,0.0
P_4562,4562,"Combo 2 Kem Chống Nắng Beplain Vật Lý, Nâng Tông, Giảm Đỏ 50ml",SUNSCREEN,Beplain,970000.0,0.0,0.0,0.0,1.0,0.0,1.6353,1.0,0.0,0.0
P_4569,4569,Combo 6 Kem Chống Nắng Cell Fusion C Nâng Tông Da 50ml,SUNSCREEN,Cell Fusion C,2900000.0,0.0,0.0,0.0,1.0,0.0,2.9604,0.0,0.0,0.0
P_4573,4573,Bộ Sản Phẩm Axis-Y Mờ Thâm Bật Sáng Chống Nắng 2 Món,SERUM,Axis-Y,350000.0,0.0,1.0,0.0,0.0,0.0,0.4019,0.0,0.0,0.0
P_4579,4579,Kem Chống Nắng The Lab Nâng Tông SPF50+ PA++++ 40ml (Mới),SUNSCREEN,The Lab,548000.0,0.0,0.0,0.0,1.0,0.0,0.9444,0.0,0.0,0.0
P_4584,4584,Kem Dưỡng Axis-Y Chiết Xuất Diếp Cá Cấp Ẩm Dịu Da 60ml,MOISTURIZER,Axis-Y,465000.0,0.0,0.0,1.0,0.0,0.0,0.7457,0.0,0.0,1.0
P_4592,4592,Serum Shimbi Method Dạng Xịt Dưỡng Ẩm Da 50ml,SERUM,Shimbi,398000.0,0.0,1.0,0.0,0.0,0.0,0.5574,0.0,1.0,0.0
P_4600,4600,Serum Shimbi Method Dạng Xịt Tẩy Tế Bào Chết 60ml,SERUM,Shimbi,313000.0,0.0,1.0,0.0,0.0,0.0,0.2667,0.0,0.0,0.0
P_4635,4635,"Combo Torriden Serum Dưỡng Ẩm Sâu, Sáng Bóng 50ml + Serum Se Khít Lỗ Chân Lông 30ml",SERUM,Torriden,959000.0,0.0,1.0,0.0,0.0,0.0,1.6215,0.0,1.0,0.0
P_4636,4636,Combo 2 Serum Olay Sức Mạnh Từ 5 Dưỡng Chất Trong 1 30ml,SERUM,Olay,1019000.0,0.0,1.0,0.0,0.0,0.0,1.6949,0.0,0.0,0.0
P_4649,4649,Serum Swiss Image Dưỡng Ẩm Chuyên Sâu & Sáng Da 30ml,SERUM,Swiss Image,616000.0,0.0,1.0,0.0,0.0,0.0,1.0859,0.0,0.0,0.0
P_4654,4654,Kem Chống Nắng Garnier Watergel Tươi Mát Da 30ml,SUNSCREEN,Garnier,104000.0,0.0,0.0,0.0,1.0,0.0,-1.0664,0.0,0.0,0.0
P_4655,4655,Combo 2 Tinh Chất Cocoon Nghệ Hưng Yên x2.2 Sáng Da Chuyên Sâu 30ml,SERUM,Cocoon,838000.0,0.0,1.0,0.0,0.0,0.0,1.4583,0.0,0.0,0.0
P_4658,4658,"Combo 2 Kem Dưỡng Bio-essence Cấp Ẩm Sâu, Ngăn Bụi Bẩn 50g",MOISTURIZER,Bio-essence,878000.0,0.0,0.0,1.0,0.0,0.0,1.5147,0.0,0.0,0.0
P_4661,4661,Sữa Rửa Mặt Klairs Dưỡng Sáng & Cải Thiện Lỗ Chân Lông 150ml,CLEANSER,Klairs,161000.0,1.0,0.0,0.0,0.0,0.0,-0.5376,1.0,0.0,0.0
P_4675,4675,Serum Chống Nắng Sunplay Ngừa Sạm Nám Dạng Sữa 50g,SUNSCREEN,Sunplay,298000.0,0.0,0.0,0.0,1.0,0.0,0.2073,1.0,0.0,0.0
P_4688,4688,Serum Eucerin Dưỡng Cho Da Mụn 40ml,SERUM,Eucerin,415000.0,0.0,1.0,0.0,0.0,0.0,0.608,1.0,0.0,0.0
P_4699,4699,Combo 2 Tinh Chất Chống Nắng Sunplay Hiệu Chỉnh Sắc Da 50g (Hồng),SUNSCREEN,Sunplay,298000.0,0.0,0.0,0.0,1.0,0.0,0.2073,0.0,1.0,0.0
P_4711,4711,Gel Rửa Mặt Swiss Image Dưỡng Ẩm Chuyên Sâu 200ml,CLEANSER,Swiss Image,440000.0,1.0,0.0,0.0,0.0,0.0,0.6788,0.0,0.0,0.0
P_4714,4714,Combo 2 Kem Chống Nắng Bio-essence Dưỡng Ẩm Da 40ml,SUNSCREEN,Bio-essence,340000.0,0.0,0.0,0.0,1.0,0.0,0.3668,0.0,0.0,0.0
P_4716,4716,Kem Chống Nắng Australis Le Tan SPF50 Cho Da Nhạy Cảm 70ml,SUNSCREEN,australis,282000.0,0.0,0.0,0.0,1.0,0.0,0.1405,0.0,0.0,1.0
P_4722,4722,Serum Garnier Tăng Cường Sáng Da Mờ Thâm 1.5mlx12,SERUM,Garnier,199000.0,0.0,1.0,0.0,0.0,0.0,-0.2813,0.0,0.0,0.0
P_4728,4728,Gel Dưỡng Oxy Dưỡng Sáng Và Bảo Vệ Da Cho Nam 50g,MOISTURIZER,OXY,175000.0,0.0,0.0,1.0,0.0,0.0,-0.4368,0.0,0.0,0.0
P_4730,4730,Serum Freeplus Cấp Ẩm Sâu & Làm Mềm Da Khô 80ml,SERUM,Freeplus,435000.0,0.0,1.0,0.0,0.0,0.0,0.665,0.0,1.0,0.0
P_4735,4735,Tinh Chất Cocoon Bí Đao N15 Giảm Bóng Nhờn Và Giảm Mụn 70ml,SERUM,Cocoon,396000.0,0.0,1.0,0.0,0.0,0.0,0.5513,1.0,0.0,0.0
P_4756,4756,Serum Bioderma Dưỡng Ẩm Và Làm Dịu Dành Cho Da Nhạy Cảm 30ml,SERUM,Bioderma,682000.0,0.0,1.0,0.0,0.0,0.0,1.2091,0.0,0.0,1.0
P_4761,4761,Kem Dưỡng Swiss Image Cấp Ẩm Sâu Cho Da Căng Mướt 50ml,MOISTURIZER,Swiss Image,560000.0,0.0,0.0,1.0,0.0,0.0,0.9706,0.0,0.0,0.0
P_4770,4770,"Serum The Lab Cấp Ẩm Sâu Cho Da Khô, Nhạy Cảm 50ml",SERUM,The Lab,623000.0,0.0,1.0,0.0,0.0,0.0,1.0996,0.0,0.0,1.0
P_4782,4782,Combo Vichy Chống Nắng Giảm Thâm Nám + Gel Rửa Mặt Da Dầu 50ml+50ml,SUNSCREEN,Vichy,438000.0,0.0,0.0,0.0,1.0,0.0,0.6733,0.0,0.0,0.0
P_4783,4783,Combo Vichy Kem Dưỡng Ngừa Lão Hóa + Gel Rửa Mặt Sạch Sâu 50ml+50ml,MOISTURIZER,Vichy,889000.0,0.0,0.0,1.0,0.0,0.0,1.5298,0.0,0.0,0.0
P_4797,4797,Kem Dưỡng Bio-essence Làm Giảm Đốm Nâu & Sáng Da 25g,MOISTURIZER,Bio-essence,336000.0,0.0,0.0,1.0,0.0,0.0,0.3525,0.0,0.0,0.0
P_4807,4807,Kem Rửa Mặt Oxy Tút Sáng Từ Đất Sét Trắng 100g,CLEANSER,OXY,63000.0,1.0,0.0,0.0,0.0,0.0,-1.6729,0.0,0.0,0.0
P_4815,4815,Combo 2 Kem Chống Nắng Cell Fusion C Nâng Tông Cấp Ẩm 35ml,SUNSCREEN,Cell Fusion C,539000.0,0.0,0.0,0.0,1.0,0.0,0.9244,0.0,0.0,0.0
P_4816,4816,Kem Dưỡng Ẩm innisfree Nâng Tông Da Hoa Anh Đào 50ml,MOISTURIZER,innisfree,361000.0,0.0,0.0,1.0,0.0,0.0,0.4394,0.0,0.0,0.0
P_4841,4841,Miếng Dán Mũi Lột Mụn Bioré Hương Anh Đào (4 Miếng),TREATMENT,Bioré,27000.0,0.0,0.0,0.0,0.0,1.0,-2.6981,1.0,0.0,0.0
P_4842,4842,"Serum innisfree Trà Xanh Dưỡng Ẩm, Cấp Nước 80ml (Mới)",SERUM,innisfree,472000.0,0.0,1.0,0.0,0.0,0.0,0.7638,0.0,0.0,0.0
P_4856,4856,Sữa Dưỡng d program Dành Cho Da Mụn 11ml,SERUM,dProgram,135000.0,0.0,1.0,0.0,0.0,0.0,-0.7508,0.0,0.0,0.0
P_4857,4857,Combo 2 Gel Dưỡng Oxy Cấp Ẩm Chuyên Sâu Và Làm Dịu Da Cho Nam 50g,MOISTURIZER,OXY,273000.0,0.0,0.0,1.0,0.0,0.0,0.1013,0.0,1.0,0.0
P_4867,4867,Combo 2 Sữa Chống Nắng Sunplay Hiệu Chỉnh Sắc Da 50g (Hồng),SUNSCREEN,Sunplay,396000.0,0.0,0.0,0.0,1.0,0.0,0.5513,1.0,0.0,0.0
P_4873,4873,Combo 2 Kem Dưỡng Olay Cải Thiện 5 Dấu Hiệu Lão Hóa Phức Tạp 45g,MOISTURIZER,Olay,844000.0,0.0,0.0,1.0,0.0,0.0,1.467,0.0,0.0,0.0
P_4877,4877,Serum d program Dưỡng Da Bảo Vệ Chuyên Sâu 40ml,SERUM,dProgram,353000.0,0.0,1.0,0.0,0.0,0.0,0.4123,0.0,0.0,1.0
P_4880,4880,"Sữa Rửa Mặt Teenilicious Sạch Sâu, Hỗ Trợ Giảm Mụn 60g",CLEANSER,Teenilicious,120000.0,1.0,0.0,0.0,0.0,0.0,-0.8933,1.0,0.0,0.0
P_4882,4882,Gel Chấm Mụn Teenilicious Giúp Khô Nhân & Giảm Viêm 15g,TREATMENT,Teenilicious,92000.0,0.0,0.0,0.0,0.0,1.0,-1.2148,1.0,0.0,0.0
P_4912,4912,Combo 2 Gel Dưỡng Oxy Dưỡng Sáng Và Bảo Vệ Da Cho Nam 50g,MOISTURIZER,OXY,273000.0,0.0,0.0,1.0,0.0,0.0,0.1013,0.0,0.0,0.0
P_4924,4924,Sữa Chống Nắng Banana Boat Cho Da Nhạy Cảm 50ml,SUNSCREEN,Banana Boat,164000.0,0.0,0.0,0.0,1.0,0.0,-0.5153,0.0,0.0,1.0
P_4925,4925,Kem Chống Nắng Hatomugi Nâng Tông & Dưỡng Ẩm Da 70g (Xanh Bạc Hà) (HSD: 36 Tháng),SUNSCREEN,Hatomugi,88000.0,0.0,0.0,0.0,1.0,0.0,-1.2685,1.0,0.0,0.0
P_4933,4933,Kem Chống Nắng Pyunkang Yul Phục Hồi Cho Da Nhạy Cảm 75ml,SUNSCREEN,Pyunkang Yul,358000.0,0.0,0.0,0.0,1.0,0.0,0.4293,0.0,0.0,1.0
P_4938,4938,Dưỡng Chất d program Ngăn Lão Hóa Sớm 45ml,SERUM,dProgram,527000.0,0.0,1.0,0.0,0.0,0.0,0.8971,0.0,0.0,0.0
P_4948,4948,Kem Dưỡng innisfree Ngăn Lão Hóa Từ Trà Đen Ban Đêm 50ml,MOISTURIZER,innisfree,577000.0,0.0,0.0,1.0,0.0,0.0,1.0068,0.0,0.0,0.0
P_4966,4966,Sữa Rửa Mặt La Roche-Posay Cho Da Hỗn Hợp & Da Dầu 125ml,CLEANSER,La Roche-Posay,529000.0,1.0,0.0,0.0,0.0,0.0,0.9017,1.0,0.0,0.0
P_4967,4967,Serum SVR Giúp Làm Sáng Da Và Ngăn Ngừa Nếp Nhăn 30ml,SERUM,SVR,935000.0,0.0,1.0,0.0,0.0,0.0,1.5908,0.0,0.0,0.0
P_4969,4969,Kem Dưỡng innisfree Cấp Ẩm Từ Chiết Xuất Trà Xanh 50ml (Mới),MOISTURIZER,innisfree,423000.0,0.0,0.0,1.0,0.0,0.0,0.6311,0.0,0.0,0.0
P_4976,4976,"Serum Celimax Dưỡng Ẩm Hỗ Trợ Phục Hồi, Làm Dịu 30ml",SERUM,Celimax,370000.0,0.0,1.0,0.0,0.0,0.0,0.4692,0.0,0.0,1.0
P_5000,5000,Kem Dưỡng B.O.M Sáng Da Ngừa Mụn 50ml,MOISTURIZER,B.O.M,225000.0,0.0,0.0,1.0,0.0,0.0,-0.1327,0.0,0.0,0.0
P_5003,5003,Sữa Rửa Mặt oh!oh! Detox Làm Sạch Sâu Cho Mọi Loại Da 150g,CLEANSER,oh!oh!,496000.0,1.0,0.0,0.0,0.0,0.0,0.8238,0.0,0.0,0.0
P_5008,5008,"Serum Cathy Doll Vitamin C Dưỡng Sáng, Mờ Thâm 30ml",SERUM,Cathy Doll,580000.0,0.0,1.0,0.0,0.0,0.0,1.0131,0.0,0.0,0.0
P_5027,5027,Kem Dưỡng Elixir Retinol Hỗ Trợ Giảm Nếp Nhăn 15g,MOISTURIZER,Elixir,1330000.0,0.0,0.0,1.0,0.0,0.0,2.0172,0.0,0.0,0.0
P_5030,5030,Kem Chống Nắng Hyaestic SF64 Bảo Vệ Tối Đa 50ml,SUNSCREEN,Hyaestic,1190000.0,0.0,0.0,0.0,1.0,0.0,1.8826,0.0,0.0,0.0
P_5040,5040,Combo 2 Serum Olay Giúp Da Săn Chắc Và Mịn Màng 30ml,SERUM,Olay,844000.0,0.0,1.0,0.0,0.0,0.0,1.467,0.0,0.0,0.0
P_5042,5042,"Serum d'Alba Dạng Xịt Cấp Ẩm, Làm Mát Da 100ml",SERUM,d'Alba,371000.0,0.0,1.0,0.0,0.0,0.0,0.4724,0.0,0.0,0.0
P_5053,5053,Kem Chống Nắng Tenamyd Vật Lý SPF50+ PA++++ 50g,SUNSCREEN,Tenamyd,471000.0,0.0,0.0,0.0,1.0,0.0,0.7612,0.0,0.0,0.0
P_5054,5054,"[Mini] Kem Chống Nắng Beplain Nâng Tông, Cấp Ẩm Căng Bóng 10ml",SUNSCREEN,Beplain,80000.0,0.0,0.0,0.0,1.0,0.0,-1.3839,0.0,0.0,0.0
P_5061,5061,Tinh Chất SkinCeuticals Hỗ Trợ Cấp Ẩm & Tái Tạo Da 30ml,SERUM,SkinCeuticals,1955000.0,0.0,1.0,0.0,0.0,0.0,2.4833,0.0,0.0,0.0
P_5070,5070,Kem Dưỡng d program Ngăn Ngừa Lão Hóa 45g,MOISTURIZER,dProgram,789000.0,0.0,0.0,1.0,0.0,0.0,1.3854,0.0,0.0,0.0
P_5073,5073,Gel Rửa Mặt Cocoon Cà Phê Đắk Lắk Cho Làn Da Tươi Mới 140ml,CLEANSER,Cocoon,173000.0,1.0,0.0,0.0,0.0,0.0,-0.4507,0.0,0.0,0.0
P_5092,5092,Kem Dưỡng Bio-essence Vàng 24K Ngừa Lão Hóa Ban Ngày 40g,MOISTURIZER,Bio-essence,411000.0,0.0,0.0,1.0,0.0,0.0,0.5963,0.0,0.0,0.0
P_5097,5097,Kem Dưỡng Ẩm Isis Pharma Ngăn Ngừa Khô Da 40ml (NEW),MOISTURIZER,Isis Pharma,509000.0,0.0,0.0,1.0,0.0,0.0,0.8551,0.0,1.0,0.0
P_5107,5107,"Serum Uriage Dưỡng Sáng, Giảm Thâm Sạm, Đốm Nâu 30ml",SERUM,Uriage,969000.0,0.0,1.0,0.0,0.0,0.0,1.6341,0.0,0.0,0.0
P_5110,5110,Kem Chống Nắng Mernard UV Nâng Tông Dưỡng Sáng 65g,SUNSCREEN,Menard,825000.0,0.0,0.0,0.0,1.0,0.0,1.4394,0.0,0.0,0.0
P_5113,5113,Combo 2 Sữa Chống Nắng La Roche-Posay Cho Da Dầu Mụn 50ml,SUNSCREEN,La Roche-Posay,1007000.0,0.0,0.0,0.0,1.0,0.0,1.6806,1.0,0.0,0.0
P_5115,5115,"Kem Dưỡng Menard Fairlucent Sáng Da, Mờ Thâm Nám 40g",MOISTURIZER,Menard,2370000.0,0.0,0.0,1.0,0.0,0.0,2.7162,0.0,0.0,0.0
P_5116,5116,Sữa Rửa Mặt Bio-essence Từ Sữa Ong Chúa Cho Da Khô 100g,CLEANSER,Bio-essence,169000.0,1.0,0.0,0.0,0.0,0.0,-0.479,0.0,1.0,0.0
P_5139,5139,"Kem Dưỡng Menard Fairlucent Sáng Da, Mờ Thâm 30g",MOISTURIZER,Menard,2475000.0,0.0,0.0,1.0,0.0,0.0,2.7687,0.0,0.0,0.0
P_5157,5157,Sữa Rửa Mặt Tẩy Trang Momopuri Dạng Gel Hương Đào 150g,CLEANSER,Momopuri,319000.0,1.0,0.0,0.0,0.0,0.0,0.2897,0.0,0.0,0.0
P_5167,5167,"Sữa Chống Nắng Elixir Hỗ Trợ Dưỡng Sáng, Ngừa Lão Hóa 35ml",SUNSCREEN,Elixir,643000.0,0.0,0.0,0.0,1.0,0.0,1.1378,0.0,0.0,0.0
P_5175,5175,Sữa Chống Nắng Cathy Doll Dưỡng Da SPF50 PA++++ 40ml,SUNSCREEN,Cathy Doll,440000.0,0.0,0.0,0.0,1.0,0.0,0.6788,0.0,0.0,0.0
P_5181,5181,Serum B.O.M Just One Chiết Xuất Diếp Cá Cho Da Mụn 30ml,SERUM,B.O.M,220000.0,0.0,1.0,0.0,0.0,0.0,-0.1599,1.0,0.0,0.0
P_5187,5187,Serum Pond's Age Miracle Ngăn Ngừa Lão Hóa 30ml,SERUM,Pond's,251000.0,0.0,1.0,0.0,0.0,0.0,-0.0004,0.0,0.0,0.0
P_5189,5189,Kem Chống Nắng Vichy Dành Cho Da Dầu Mụn 40ml,SUNSCREEN,Vichy,524000.0,0.0,0.0,0.0,1.0,0.0,0.8902,1.0,0.0,0.0
P_5203,5203,Sữa Chống Nắng Elixir Dưỡng Da Kiềm Dầu 35g,SUNSCREEN,Elixir,346000.0,0.0,0.0,0.0,1.0,0.0,0.388,0.0,0.0,0.0
P_5211,5211,Bộ Sản Phẩm Acnes Chăm Sóc Da Mụn Cho Mặt Và Cơ Thể 4 Món,CLEANSER,Acnes,105000.0,1.0,0.0,0.0,0.0,0.0,-1.0548,1.0,0.0,0.0
P_5212,5212,Kem Dưỡng Obagi Cấp Ẩm Dịu Nhẹ 50ml,MOISTURIZER,Obagi,999000.0,0.0,0.0,1.0,0.0,0.0,1.671,0.0,0.0,0.0
P_5251,5251,"Sữa Rửa Mặt Elixir 2 Trong 1 Dưỡng Ẩm, Ngừa Lão Hóa 140ml",CLEANSER,Elixir,406000.0,1.0,0.0,0.0,0.0,0.0,0.5815,0.0,0.0,0.0
P_5262,5262,Kem Dưỡng MartiDerm Tái Tạo & Phục Hồi Da Nhạy Cảm 30ml,MOISTURIZER,Martiderm,644000.0,0.0,0.0,1.0,0.0,0.0,1.1397,0.0,0.0,1.0
P_5266,5266,Combo SVR Serum Làm Giảm Mụn 30ml + Gel Rửa Mặt Cho Da Dầu 55ml,SERUM,SVR,730000.0,0.0,1.0,0.0,0.0,0.0,1.2914,1.0,0.0,0.0
P_5287,5287,Serum Vichy 89 Khoáng Chất Phục Hồi Chuyên Sâu 75ml,SERUM,Vichy,1400000.0,0.0,1.0,0.0,0.0,0.0,2.0793,0.0,0.0,1.0
P_5294,5294,Sữa Rửa Mặt B.O.M Tạo Bọt Ngăn Ngừa Mụn 150ml,CLEANSER,B.O.M,171000.0,1.0,0.0,0.0,0.0,0.0,-0.4647,1.0,0.0,0.0
P_5315,5315,Tinh Chất Curél Dưỡng Ẩm Sáng Mịn 30g,SERUM,Curél,755000.0,0.0,1.0,0.0,0.0,0.0,1.3321,0.0,1.0,0.0
P_5337,5337,Bộ Sản Phẩm d program Ngăn Ngừa Lão Hoá Sache 2 Món,MOISTURIZER,dProgram,255000.0,0.0,0.0,1.0,0.0,0.0,0.0188,0.0,0.0,0.0
P_5354,5354,Kem Rửa Mặt OXY Giảm Mụn Đầu Đen 100g,CLEANSER,OXY,77000.0,1.0,0.0,0.0,0.0,0.0,-1.4301,1.0,0.0,0.0
P_5356,5356,Gel Chống Nắng Bioré Màng Nước Dưỡng Ẩm Hương Hoa Mẫu Đơn 90ml,SUNSCREEN,Bioré,172000.0,0.0,0.0,0.0,1.0,0.0,-0.4577,0.0,0.0,0.0
P_5364,5364,Nước Dưỡng Bio-essence Ngừa Lão Hóa Vàng & Hoa Hồng 100ml,SERUM,Bio-essence,423000.0,0.0,1.0,0.0,0.0,0.0,0.6311,0.0,0.0,0.0
P_5389,5389,Serum Eucerin 3 Tác Động Giúp Ngăn Ngừa Lão Hóa 30ml,SERUM,Eucerin,1611000.0,0.0,1.0,0.0,0.0,0.0,2.2491,0.0,0.0,0.0
P_5400,5400,Combo 2 Serum Vichy Giải Cứu Làn Da Tức Thì 10ml,SERUM,Vichy,299000.0,0.0,1.0,0.0,0.0,0.0,0.2114,0.0,0.0,1.0
P_5423,5423,Dưỡng Chất Vichy Giảm Nếp Nhăn Và Giúp Trẻ Hoá Da 30ml,SERUM,Vichy,1125000.0,0.0,1.0,0.0,0.0,0.0,1.8147,0.0,0.0,0.0
P_5435,5435,Tinh Chất Chống Nắng Bioré UV Dịu Nhẹ SPF50+ PA++++ 60g,SUNSCREEN,Bioré,251000.0,0.0,0.0,0.0,1.0,0.0,-0.0004,0.0,0.0,1.0
P_5440,5440,Kem Chống Nắng La Roche-Posay Giúp Giảm Mụn & Bóng Nhờn 50ml,SUNSCREEN,La Roche-Posay,522000.0,0.0,0.0,0.0,1.0,0.0,0.8856,1.0,0.0,0.0
P_5461,5461,Kem Dưỡng By Wishtrend Kết Hợp Tẩy Da Chết Dạng Kem 50ml,MOISTURIZER,By Wishtrend,289000.0,0.0,0.0,1.0,0.0,0.0,0.1702,0.0,0.0,0.0
P_5465,5465,Kem Dưỡng Hyaestic Hỗ Trợ Phục Hồi Da Hư Tổn 30ml,MOISTURIZER,Hyaestic,1250000.0,0.0,0.0,1.0,0.0,0.0,1.9422,0.0,0.0,1.0
P_5474,5474,Sữa Rửa Mặt Care:Nel Hỗ Trợ Se Khít Lỗ Chân Lông 150g,CLEANSER,Care:Nel,255000.0,1.0,0.0,0.0,0.0,0.0,0.0188,0.0,0.0,0.0
P_5514,5514,Combo 2 Sữa Chống Nắng Sunplay Hiệu Chỉnh Sắc Da 50g (Cam),SUNSCREEN,Sunplay,319000.0,0.0,0.0,0.0,1.0,0.0,0.2897,1.0,0.0,0.0
P_5519,5519,Gel Dưỡng By Wishtrend Hỗ Trợ Giảm Và Ngừa Mụn 30g,TREATMENT,By Wishtrend,322000.0,0.0,0.0,0.0,0.0,1.0,0.301,1.0,0.0,0.0
P_5537,5537,Sữa Rửa Mặt Nuxe Tạo Bọt Dịu Nhẹ Cho Mọi Loại Da 150ml,CLEANSER,Nuxe,401000.0,1.0,0.0,0.0,0.0,0.0,0.5665,0.0,0.0,1.0
P_5566,5566,Sữa Rửa Mặt On: The Body Chiết Xuất Ô Liu Cho Da Khô 200g,CLEANSER,On: The Body,98000.0,1.0,0.0,0.0,0.0,0.0,-1.1383,0.0,1.0,0.0
P_5571,5571,Kem Chống Nắng BYS Hiệu Chỉnh Màu Da Tông Tự Nhiên 30ml,SUNSCREEN,BYS,296000.0,0.0,0.0,0.0,1.0,0.0,0.1992,0.0,0.0,0.0
P_5590,5590,Sữa Rửa Mặt Vegick Thuần Chay Tẩy Trang Làm Sạch Sâu 195ml,CLEANSER,Vegick,279000.0,1.0,0.0,0.0,0.0,0.0,0.1276,0.0,0.0,1.0
P_5595,5595,Kem Chống Nắng Embryolisse Chống UV Phổ Rộng 100ml,SUNSCREEN,Embryolisse,364000.0,0.0,0.0,0.0,1.0,0.0,0.4494,0.0,0.0,0.0
P_5611,5611,Kem Dưỡng MartiDerm Tái Tạo Ban Đêm Cho Da Dầu Mụn 40ml,TREATMENT,Martiderm,880000.0,0.0,0.0,0.0,0.0,1.0,1.5175,1.0,0.0,0.0
P_5616,5616,Kem Tẩy Trang Freeplus Dưỡng Ẩm Dịu Nhẹ Cho Da 125g,CLEANSER,Freeplus,437000.0,1.0,0.0,0.0,0.0,0.0,0.6705,0.0,0.0,0.0
P_5618,5618,Combo La Roche-Posay Gel Dưỡng Làm Mờ Sẹo 40ml + Gel Rửa Mặt Da Dầu Mụn 50ml,MOISTURIZER,La Roche-Posay,520000.0,0.0,0.0,1.0,0.0,0.0,0.8809,0.0,0.0,0.0
P_5639,5639,[Mua 1 Tặng 1] Eucerin Serum Giảm Thâm Mụn 40ml + Gel Rửa Mặt Cho Da Mụn 75ml,CLEANSER,Eucerin,584000.0,1.0,0.0,0.0,0.0,0.0,1.0214,1.0,0.0,0.0
P_5655,5655,Serum Obagi Vitamin C 15% Sáng Da & Chống Oxy Hóa 12.5ml,SERUM,Obagi,890000.0,0.0,1.0,0.0,0.0,0.0,1.5312,0.0,0.0,0.0
P_5668,5668,"Kem Dưỡng Prettyskin B5 Phục Hồi, Dưỡng Sáng Da 52ml",MOISTURIZER,Prettyskin,365000.0,0.0,0.0,1.0,0.0,0.0,0.4527,0.0,0.0,0.0
P_5687,5687,Serum Neutrogena Niacinamide Cấp Ẩm Sáng Da 30ml,SERUM,Neutrogena,288000.0,0.0,1.0,0.0,0.0,0.0,0.166,0.0,0.0,0.0
P_5707,5707,"Kem Dưỡng Skintific 5X Ceramide Cấp Ẩm, Phục Hồi Da 6g",MOISTURIZER,Skintific,82000.0,0.0,0.0,1.0,0.0,0.0,-1.354,0.0,0.0,1.0
P_5708,5708,Sữa Rửa Mặt On: The Body Chiết Xuất Chanh Cho Da Dầu 200g,CLEANSER,On: The Body,98000.0,1.0,0.0,0.0,0.0,0.0,-1.1383,1.0,0.0,0.0
P_5713,5713,Sữa Rửa Mặt innisfree Dành Cho Da Mụn 150g (Mới),CLEANSER,innisfree,170000.0,1.0,0.0,0.0,0.0,0.0,-0.4718,1.0,0.0,0.0
P_5727,5727,Kem Dưỡng Paula’s Choice Căng Mọng Và Giảm Nếp Nhăn 50ml,MOISTURIZER,Paula's Choice,1339000.0,0.0,0.0,1.0,0.0,0.0,2.0254,0.0,0.0,0.0
P_5732,5732,Serum Bio-essence 2 Trong 1 Ngăn Ngừa Lão Hóa 36g,SERUM,Bio-essence,559000.0,0.0,1.0,0.0,0.0,0.0,0.9684,0.0,0.0,0.0
P_5736,5736,Gel Chống Nắng Sunplay Vật Lý Bảo Vệ Da Dưỡng Ẩm 25g,SUNSCREEN,Sunplay,112000.0,0.0,0.0,0.0,1.0,0.0,-0.9767,0.0,1.0,0.0
P_5747,5747,Sữa Rửa Mặt Tẩy Trang Momopuri Làm Sạch Da Hương Đào 150g,CLEANSER,Momopuri,119000.0,1.0,0.0,0.0,0.0,0.0,-0.9034,0.0,0.0,0.0
P_5748,5748,Xịt Chống Nắng Skintific Cho Mặt Và Cơ Thể 50ml,SUNSCREEN,Skintific,128000.0,0.0,0.0,0.0,1.0,0.0,-0.8152,0.0,0.0,0.0
P_5752,5752,Sữa Rửa Mặt Happy Event Dịu Nhẹ Cho Da 120ml,CLEANSER,Happy Event,69000.0,1.0,0.0,0.0,0.0,0.0,-1.5628,0.0,0.0,1.0
P_5778,5778,Kem Chống Nắng Hatomugi Dưỡng Ẩm & Làm Sáng Da 80g,SUNSCREEN,Hatomugi,98000.0,0.0,0.0,0.0,1.0,0.0,-1.1383,0.0,0.0,0.0
P_5783,5783,"Gel Chống Nắng Fixderma Cho Da Nhờn, Mụn, Nhạy Cảm 75g",SUNSCREEN,Fixderma,251000.0,0.0,0.0,0.0,1.0,0.0,-0.0004,1.0,0.0,0.0
P_5785,5785,Sữa Rửa Mặt Avander Tảo Biển Dưỡng Ẩm Sáng Da 100g,CLEANSER,Avander,69000.0,1.0,0.0,0.0,0.0,0.0,-1.5628,0.0,0.0,0.0
P_5788,5788,Serum Cosmedica Hyaluronic Acid Cấp Nước Cho Da 60ml,SERUM,Cosmedica,279000.0,0.0,1.0,0.0,0.0,0.0,0.1276,0.0,0.0,0.0
P_5791,5791,"Combo Vichy Giúp Giảm Dầu Mụn, Phục Hồi & Nuôi Dưỡng Da",TREATMENT,Vichy,515000.0,0.0,0.0,0.0,0.0,1.0,0.8693,1.0,0.0,0.0
P_5797,5797,Combo Vichy Kem Chống Nắng Thoáng Nhẹ Không Bóng Dầu 50ml + Xịt Khoáng Cấp Ẩm 50ml,SUNSCREEN,Vichy,479000.0,0.0,0.0,0.0,1.0,0.0,0.7816,0.0,0.0,0.0
P_5807,5807,Bọt Rửa Mặt Freeplus Sạch Sâu Và Dưỡng Ẩm Da 150ml,CLEANSER,Freeplus,298000.0,1.0,0.0,0.0,0.0,0.0,0.2073,0.0,0.0,0.0
P_5808,5808,Gel Rửa Mặt Topicrem Không Xà Phòng Làm Sạch Dịu Nhẹ 200ml,CLEANSER,Topicrem,239000.0,1.0,0.0,0.0,0.0,0.0,-0.0596,0.0,0.0,1.0
P_5816,5816,Kem Rửa Mặt Oxy Làm Sạch Sâu Sảng Khoái 50g,CLEANSER,OXY,46000.0,1.0,0.0,0.0,0.0,0.0,-2.0534,1.0,0.0,0.0
P_5819,5819,Sữa Rửa Mặt Vichy Dạng Gel Làm Sạch Sâu & Giảm Nhờn 400ml,CLEANSER,Vichy,624000.0,1.0,0.0,0.0,0.0,0.0,1.1015,1.0,0.0,0.0
P_5823,5823,Sữa Rửa Mặt Vichy Từ Đất Sét Và Đá Khoáng Núi Lửa 125ml,CLEANSER,Vichy,432000.0,1.0,0.0,0.0,0.0,0.0,0.6566,1.0,0.0,0.0
P_5825,5825,Gel Rửa Mặt Isis Pharma Giảm Nhờn Mụn Cho Da Nhạy Cảm 250ml,CLEANSER,Isis Pharma,415000.0,1.0,0.0,0.0,0.0,0.0,0.608,0.0,0.0,1.0
P_5830,5830,Sữa Chống Nắng Bioré Chống Thấm Nước SPF 50+/PA++++ 40ml,SUNSCREEN,Bioré,92000.0,0.0,0.0,0.0,1.0,0.0,-1.2148,1.0,0.0,0.0
P_5835,5835,"Serum Timeless Hyaluronic Acid Cấp Nước, Dưỡng Ẩm Da 30ml",SERUM,Timeless,280000.0,0.0,1.0,0.0,0.0,0.0,0.1319,0.0,0.0,0.0
P_5865,5865,Kem Chống Nắng Bioré Kiểm Soát Bóng Nhờn 30g,SUNSCREEN,Bioré,109000.0,0.0,0.0,0.0,1.0,0.0,-1.0096,1.0,0.0,0.0
P_5881,5881,Thanh Lăn Chống Nắng B.O.M Cấp Ẩm Sâu SPF50+ PA++++ 19g,SUNSCREEN,B.O.M,220000.0,0.0,0.0,0.0,1.0,0.0,-0.1599,0.0,0.0,0.0
P_5902,5902,Kem Chống Nắng Bioré Sáng Da Rạng Rỡ - Che Phủ Tức Thì 30g,SUNSCREEN,Bioré,109000.0,0.0,0.0,0.0,1.0,0.0,-1.0096,0.0,0.0,0.0
P_5904,5904,Kem Dưỡng Forencos Dầu Marula Dưỡng Sáng Da Ban Đêm 10ml,MOISTURIZER,Forencos,94000.0,0.0,0.0,1.0,0.0,0.0,-1.1887,0.0,0.0,0.0
P_5916,5916,Combo 2 Sữa Rửa Mặt Vichy Dạng Gel Làm Sạch Sâu Da Dầu Mụn 50ml,CLEANSER,Vichy,150000.0,1.0,0.0,0.0,0.0,0.0,-0.6233,1.0,0.0,0.0
P_5925,5925,Gel Chống Nắng Hada Labo Dưỡng Ẩm Mịn Mượt Da 50g,SUNSCREEN,Hada Labo,274000.0,0.0,0.0,0.0,1.0,0.0,0.1057,0.0,0.0,0.0
P_5928,5928,"Kem Dưỡng Paula’s Choice Làm Sáng Da, Ngừa Lão Hóa 50ml",MOISTURIZER,Paula's Choice,609000.0,0.0,0.0,1.0,0.0,0.0,1.0721,1.0,0.0,0.0
P_5936,5936,"[Mini] Gel Chống Nắng Vichy Bảo Vệ Da, Ngừa Thâm Nám 15ml",SUNSCREEN,Vichy,59000.0,0.0,0.0,0.0,1.0,0.0,-1.7523,0.0,0.0,0.0
P_5939,5939,Miếng Dán Mụn Cosrx 24 Miếng,TREATMENT,Cosrx,65000.0,0.0,0.0,0.0,0.0,1.0,-1.6351,1.0,0.0,0.0
P_5963,5963,Kem Dưỡng Hasi Kokeshi Làm Sáng Da Cho Ban Ngày 30g,MOISTURIZER,HASI,198000.0,0.0,0.0,1.0,0.0,0.0,-0.2873,0.0,0.0,0.0
P_5974,5974,Kem Dưỡng Skintific MSH Niacinamide Dưỡng Sáng Da 30g,MOISTURIZER,Skintific,208000.0,0.0,0.0,1.0,0.0,0.0,-0.2277,0.0,0.0,0.0
P_5979,5979,Combo 2 Kem Chống Nắng Cell Fusion C Cấp Ẩm Dịu Da 35ml/ Tuýp,SUNSCREEN,Cell Fusion C,650000.0,0.0,0.0,0.0,1.0,0.0,1.1509,0.0,1.0,0.0
P_5999,5999,Kem Dưỡng Topicrem Giảm Bóng Nhờn Cho Da Mụn 40ml,MOISTURIZER,Topicrem,351000.0,0.0,0.0,1.0,0.0,0.0,0.4054,1.0,0.0,0.0
P_6000,6000,Kem Chống Nắng Cell Fusion C Cấp Ẩm Dịu Da 50ml,SUNSCREEN,Cell Fusion C,416000.0,0.0,0.0,0.0,1.0,0.0,0.6109,0.0,1.0,0.0
P_6011,6011,"Serum Naruko Tràm Trà Giảm Sẹo, Thâm Rỗ Sau Mụn 10ml",SERUM,Naruko,230000.0,0.0,1.0,0.0,0.0,0.0,-0.1061,0.0,0.0,0.0
P_6021,6021,Gel Rửa Mặt Garnier Vitamin C Sạch Sâu Dịu Nhẹ Sáng Da 120ml,CLEANSER,Garnier,159000.0,1.0,0.0,0.0,0.0,0.0,-0.5528,0.0,0.0,0.0
P_6029,6029,Sữa Rửa Mặt Freeplus Dưỡng Ẩm Dịu Nhẹ Cho Da 100g,CLEANSER,Freeplus,224000.0,1.0,0.0,0.0,0.0,0.0,-0.1381,0.0,1.0,0.0
P_6034,6034,Serum d program Dưỡng Sáng Da Dạng Jelly 60g,SERUM,dProgram,765000.0,0.0,1.0,0.0,0.0,0.0,1.348,0.0,0.0,0.0
P_6094,6094,Essence Chống Nắng Bioré Màng Nước Dưỡng Ẩm Da 85g,SUNSCREEN,Bioré,228000.0,0.0,0.0,0.0,1.0,0.0,-0.1167,0.0,1.0,0.0
P_6097,6097,Kem Dưỡng Ẩm Freeplus Màng Nước Mỏng Nhẹ Tươi Mát 50g,MOISTURIZER,Freeplus,472000.0,0.0,0.0,1.0,0.0,0.0,0.7638,0.0,0.0,0.0
P_6098,6098,Dưỡng Chất Pond's Ngăn Ngừa Lão Hóa Chuyên Sâu 30ml,SERUM,Pond's,288000.0,0.0,1.0,0.0,0.0,0.0,0.166,0.0,0.0,0.0
P_6102,6102,[Mini] Serum Laneige Cao Cấp Thúc Đẩy Dưỡng Sáng Da 15ml,SERUM,Laneige,49000.0,0.0,1.0,0.0,0.0,0.0,-1.977,0.0,0.0,0.0
P_6106,6106,Kem Chống Nắng Altruist Dưỡng Ẩm & Chống Oxy Hóa 50ml,SUNSCREEN,Altruist,307000.0,0.0,0.0,0.0,1.0,0.0,0.2433,0.0,0.0,0.0
P_6113,6113,[Mini] Kem Chống Nắng La Roche-Posay Kiểm Soát Dầu SPF50+ 15ml (Mới),SUNSCREEN,La Roche-Posay,259000.0,0.0,0.0,0.0,1.0,0.0,0.0376,1.0,0.0,0.0
P_6126,6126,Serum innisfree Dưỡng Sáng Da Trông Căng Mướt 20ml,SERUM,innisfree,469000.0,0.0,1.0,0.0,0.0,0.0,0.756,0.0,0.0,0.0
P_6137,6137,"Gel Chấm Mụn Oxy Hỗ Trợ Sạch Mụn, Mờ Thâm 10g",TREATMENT,OXY,60000.0,0.0,0.0,0.0,0.0,1.0,-1.7319,1.0,0.0,0.0
P_6140,6140,Gel Rửa Mặt Topicrem Không Xà Phòng Cho Da Dầu Hỗn Hợp 200ml,CLEANSER,Topicrem,303000.0,1.0,0.0,0.0,0.0,0.0,0.2274,1.0,0.0,0.0
P_6151,6151,"Serum La Roche-Posay Giúp Phục Hồi, Bảo Vệ & Cấp Ẩm Da 30ml",SERUM,La Roche-Posay,1135000.0,0.0,1.0,0.0,0.0,0.0,1.8254,0.0,0.0,1.0
P_6161,6161,Sữa Rửa Mặt Clean & Clear Giảm Nhờn Tác Dụng Sâu 100g,CLEANSER,Clean & Clear,62000.0,1.0,0.0,0.0,0.0,0.0,-1.6923,1.0,0.0,0.0
P_6171,6171,"Serum Timeless HA + Vitamin C Cấp Ẩm, Làm Sáng Da 30ml",SERUM,Timeless,389000.0,0.0,1.0,0.0,0.0,0.0,0.5298,0.0,0.0,0.0
P_6176,6176,Combo Vichy Kem Chống Nắng + Gel Rửa Mặt Dành Cho Da Dầu Mụn 50ml+50ml,CLEANSER,Vichy,439000.0,1.0,0.0,0.0,0.0,0.0,0.6761,1.0,0.0,0.0
P_6182,6182,Sữa Rửa Mặt Bioré Thanh Lọc Da - Sáng Da 100g,CLEANSER,Bioré,49000.0,1.0,0.0,0.0,0.0,0.0,-1.977,0.0,0.0,0.0
P_6194,6194,"[Mini] Sữa Rửa Mặt Klairs Dưỡng Ẩm, Dịu Nhẹ, Sạch Sâu 20ml",CLEANSER,Klairs,49000.0,1.0,0.0,0.0,0.0,0.0,-1.977,0.0,0.0,0.0
P_6227,6227,BB Chống Nắng Trang Điểm d program Tông Tự Nhiên 30ml,SUNSCREEN,dProgram,359000.0,0.0,0.0,0.0,1.0,0.0,0.4326,0.0,0.0,0.0
P_6274,6274,Sữa Rửa Mặt Curél Dạng Bọt Cấp Ẩm Chuyên Sâu Túi 130ml,CLEANSER,Curél,216000.0,1.0,0.0,0.0,0.0,0.0,-0.1821,1.0,0.0,0.0
P_6279,6279,Bộ Tinh Chất innisfree Dưỡng Sáng Da Trông Căng Mướt 30ml+7ml,SERUM,innisfree,506000.0,0.0,1.0,0.0,0.0,0.0,0.8479,0.0,0.0,0.0
P_6283,6283,"Bộ Serum innisfree Trà Xanh Dưỡng Ẩm, Cấp Nước 80ml+15ml",SERUM,innisfree,670000.0,0.0,1.0,0.0,0.0,0.0,1.1876,0.0,0.0,0.0
P_6286,6286,Serum Hyaestic B5 Phục Hồi Dưỡng Ẩm Da 30ml,SERUM,Hyaestic,1360000.0,0.0,1.0,0.0,0.0,0.0,2.0442,0.0,0.0,1.0
P_6289,6289,Combo 2 Serum Chống Nắng Anessa Dưỡng Da Nâng Tông 30ml,SUNSCREEN,Anessa,1440000.0,0.0,0.0,0.0,1.0,0.0,2.1134,0.0,0.0,0.0
P_6300,6300,"Kem Chống Nắng innisfree Lâu Trôi Cho Da Dầu, Hỗn Hợp 60ml (Mới)",SUNSCREEN,innisfree,306000.0,0.0,0.0,0.0,1.0,0.0,0.2394,1.0,0.0,0.0
P_6306,6306,Gel Rửa Mặt Freeplus Làm Sạch Dịu Nhẹ Cho Da Dầu 100ml,CLEANSER,Freeplus,426000.0,1.0,0.0,0.0,0.0,0.0,0.6397,1.0,0.0,0.0
P_6309,6309,"Serum La Roche-Posay Giúp Giảm Thâm Nám, Làm Đều Màu Da 30ml",SERUM,La Roche-Posay,979000.0,0.0,1.0,0.0,0.0,0.0,1.6465,0.0,0.0,0.0
P_6315,6315,Serum Pond's Dưỡng Sáng Mịn Và Làm Mờ Thâm Da 30g,SERUM,Pond's,208000.0,0.0,1.0,0.0,0.0,0.0,-0.2277,0.0,0.0,0.0
P_6324,6324,"Lotion Chấm Mụn Bye Bye Blemish Cho Mụn Trắng, Nhạy Cảm 30ml",TREATMENT,Bye Bye Blemish,335000.0,0.0,0.0,0.0,0.0,1.0,0.3489,0.0,0.0,1.0
P_6334,6334,Serum Vichy Làm Dịu Da Và Giảm Mụn 30ml,SERUM,Vichy,1035000.0,0.0,1.0,0.0,0.0,0.0,1.7138,1.0,0.0,0.0
P_6335,6335,Kem Chống Nắng Cell Fusion C Nâng Tông Da 35ml,SUNSCREEN,Cell Fusion C,258000.0,0.0,0.0,0.0,1.0,0.0,0.0329,0.0,0.0,0.0
P_6336,6336,"Kem Giảm Mụn Topicrem Dưỡng Ẩm, Làm Mềm Mịn Da 40ml",TREATMENT,Topicrem,369000.0,0.0,0.0,0.0,0.0,1.0,0.4659,1.0,0.0,0.0
P_6339,6339,Kem Chống Nắng Cell Fusion C Giúp Làm Dịu Tổn Thương 50ml,SUNSCREEN,Cell Fusion C,329000.0,0.0,0.0,0.0,1.0,0.0,0.3271,0.0,0.0,1.0
P_6350,6350,"Serum Elixir Hỗ Trợ Săn Chắc Da, Ngừa Lão Hóa 40ml",SERUM,Elixir,1041000.0,0.0,1.0,0.0,0.0,0.0,1.7208,0.0,0.0,0.0
