product_id,product_name,raw_ingredient_text,parsed_output,parser_flags
P_2524,"[HSD 06/2026] Kem Dưỡng Bioderma Hỗ Trợ Phục Hồi, Ngừa Thâm SPF50 30ml",,,MISSING_INGREDIENT
P_2939,Sữa Rửa Mặt Bioré Cho Nam Hạt Tác Động Kép Sạch Nhờn 100g,,,MISSING_INGREDIENT
P_3544,Combo 2 Serum L'Oreal Hyaluronic Acid Cấp Ẩm Sáng Da 15ml,,,MISSING_INGREDIENT
P_4225,[Mini] Kem Dưỡng Keyshu Sáng Da Dưỡng Ẩm 10ml,,,MISSING_INGREDIENT
P_4389,Combo Cocoon Sữa Chống Nắng + Kem Chống Nắng Bí Đao Quang Phổ Rộng 50mlx2,,,MISSING_INGREDIENT
P_4635,"Combo Torriden Serum Dưỡng Ẩm Sâu, Sáng Bóng 50ml + Serum Se Khít Lỗ Chân Lông 30ml",,,MISSING_INGREDIENT
P_4856,Sữa Dưỡng d program Dành Cho Da Mụn 11ml,,,MISSING_INGREDIENT
P_5110,Kem Chống Nắng Mernard UV Nâng Tông Dưỡng Sáng 65g,,,MISSING_INGREDIENT
P_225,Gel Rửa Mặt Cocoon Bí Đao Giúp Giảm Dầu & Mụn 310ml,"Water/Aqua, Potassium Laureth Phosphate, Cocamidopropyl Betaine, Acrylates/Steareth
-20 Methacrylate Copolymer, Sodium Cocoyl Glycinate, Cocoyl Methyl Glucamide, PEG
-7
-Glyceryl Cocoate, Glycerin, Be...",potassium_laureth_phosphate; cocamidopropyl_betaine; acrylates/steareth_20_methacrylate_copolymer; sodium_cocoyl_glycinate; cocoyl_methyl_glucamide; peg_7_glyceryl_cocoate; glycerin; benincasa_cerifera_bí_đao_fruit_extract; salicylic_acid; niacinamide_vitamin_b3; panthenol_vitamin_b5; centella_asiatica_extract_rau_má; betaine; propanediol; butylene_glycol...,UNCERTAIN|PARSED_STANDARD
P_2451,"Sáp Chống Nắng Abib Dưỡng Ẩm, Không Mùi, Mỏng Nhẹ 22g","Octyldodecanol, Butylene Glycol Dicaprylate/Dicaprate, Ethylhexyl Methoxycinnamate, Dibutyl Ethylhexanoyl Glutamide, Dibutyl Lauroyl Glutamide, Diisostearyl Malate, Ethylhexyl Salicylate, Diethylamino...",octyldodecanol; butylene_glycol_dicaprylate/dicaprate; ethylhexyl_methoxycinnamate; dibutyl_ethylhexanoyl_glutamide; dibutyl_lauroyl_glutamide; diisostearyl_malate; ethylhexyl_salicylate; diethylamino_hydroxybenzoyl_hexyl_benzoate; bisethylhexyloxyphenol_methoxyphenyl_triazine; dextrin_palmitate; octocrylene; nước; butylene_glycol; saccharide_isomerate; glycerin...,UNCERTAIN|PARSED_STANDARD|PRESERVED_COMPOUND
P_4649,Serum Swiss Image Dưỡng Ẩm Chuyên Sâu & Sáng Da 30ml,"Aqua (Water), Pentylene Glycol, Glycerin, Polysorbate 20, Xanthan Gum, Phenoxyethanol, Mannitol, Sodium Hyaluronate, Disodium Edta, Ethylhexylglycerin, Niacinamide, Parfum / Fragrance, Microcrystallin...",aqua_water; pentylene_glycol; glycerin; polysorbate_20; xanthan_gum; phenoxyethanol; mannitol; sodium_hyaluronate; disodium_edta; ethylhexylglycerin; niacinamide; fragrance; microcrystalline_cellulose; citrus_limon_peel_oil; citrus_limon_lemon_peel_oil...,PARSED_STANDARD
P_1262,Sữa Chống Nắng La Roche-Posay Bảo Vệ Khỏi Tia UVA Dài 50ml,"Aqua/Water/Eau, Alcohol Denat, Triethyl Citrate, Diisopropyl Sebacate, Silica, Ethylhexyl Salicylate, Bis
-Ethylhexyloxyphenol Methoxyphenyl Triazine, Ethylhexyl Triazone, Butyl Methoxydibenzoylmethan...",alcohol_denat; triethyl_citrate; diisopropyl_sebacate; silica; ethylhexyl_salicylate; bis_ethylhexyloxyphenol_methoxyphenyl_triazine; ethylhexyl_triazone; butyl_methoxydibenzoylmethane; glycerin; propanediol; c12_22_alkyl_acrylate/hydroxyethylacrylate_copolymer; methoxypropylamino_cyclohexenylidene_ethoxyethylcyanoacetate; perlite; tocopherol; caprylic/capric_triglyceride...,UNCERTAIN|PARSED_STANDARD|PRESERVED_COMPOUND
P_3688,Serum Chống Nắng Sunplay Ngừa Sạm Nám Dạng Tinh Chất 50g,"Water, Isononyl Isononanoate, Dimethicone, Diethylhexyl Succinate, Zinc Oxide (Nano), Butylene Glycol, Triethylhexyl Trimellitate, Silica, Titanium Dioxide (Nano), Methylene Bis
-Benzotriazolyl Tetram...",isononyl_isononanoate; dimethicone; diethylhexyl_succinate; zinc_oxide; butylene_glycol; triethylhexyl_trimellitate; silica; titanium_dioxide; methylene_bis_benzotriazolyl_tetramethylbutylphenol; ethylhexyl_triazone; bis_ethylhexyloxyphenol_methoxyphenyl_triazine; glycerin; polyhydroxystearic_acid; diethylamino_hydroxybenzoyl_hexyl_benzoate; tocopherol...,UNCERTAIN|PARSED_STANDARD|PRESERVED_COMPOUND
P_1651,Combo 2 Sữa Rửa Mặt Senka Tạo Bọt Bổ Sung Collagen 120g,"Water, Potassium Stearate, PEG
-8, Potassium Myristate, Glycerin, Potassium Laurate, Dipropylene Glycol, Stearic Acid, Butylene Glucol, Glyceryl Stearate Se, Myristic Acid, Lauric Acid, Polyquaternium...",potassium_stearate; peg_8; potassium_myristate; glycerin; potassium_laurate; dipropylene_glycol; stearic_acid; butylene_glucol; glyceryl_stearate_se; myristic_acid; lauric_acid; polyquaternium_7; beeswax_phytosteryl/octyldodecyl_lauroyl_glotamate; disodium_edta; fragrance,PARSED_STANDARD|PRESERVED_COMPOUND
P_579,Kem Dưỡng Caryophy Cấp Ẩm Và Phục Hồi Da 50ml,"Water, Glycerin, Caprylic/Capric Triglyceride, Butylene Glycol, Cyclopentasiloxane, Polyglyceryl
-4 Laurate, Polyglyceryl
-6 Laurate, Centella asiatica Extract, Portulaca Oleracea Extract, Vitis Vinif...",glycerin; caprylic/capric_triglyceride; butylene_glycol; cyclopentasiloxane; polyglyceryl_4_laurate; polyglyceryl_6_laurate; centella_asiatica_extract; portulaca_oleracea_extract; vitis_vinifera_grape_fruit_extract; hamamelis_virginiana_witch_hazel_bark/leaf/twig_extract; guai_azulene; panthenol; propanediol; sodium_acrylate/sodium_acryloyldimethyl_taurate_copolymer; am_monium_acryloyldimethyltaurate/vp_copolymer...,RESOLVED_NUMERIC_COMMA|PARSED_STANDARD|PRESERVED_COMPOUND
P_811,"Sữa Chống Nắng Acnes Ngăn Ngừa Mụn Cho Da Mụn, Nhạy Cảm 50g","Water, Cyclopentasiloxane, Zinc Oxide, Ethylhexyl Methoxycinnamate, Methyl Methacrylate Crosspolymer, Isononyl Isononanoate, Lauryl PEG
-9 Polydimethylsiloxyethyl Dimethicone, Dimethicone, Talc, Polym...",cyclopentasiloxane; zinc_oxide; ethylhexyl_methoxycinnamate; methyl_methacrylate_crosspolymer; isononyl_isononanoate; lauryl_peg_9_polydimethylsiloxyethyl_dimethicone; dimethicone; talc; polymethylsilsesquioxane; glycerin; propylene_glycol; triethylhexyl_trimellitate; phenyl_trimethicone; titanium_dioxide; 4_terpineol...,PARSED_STANDARD|PRESERVED_COMPOUND
P_6126,Serum innisfree Dưỡng Sáng Da Trông Căng Mướt 20ml,"Purified Water, Propanediol, Glycerin, 1,2
-Hexanediol, 3
-O
-Ethyl Ascorbic Acid (20,000 Ppm), Betaine, Erythritol, Butylene Glycol, Lactobacillus Fermentation Lysate, Squalane, Sunflower Seed Oil , ...",purified_water; propanediol; glycerin; 1_2_hexanediol; 3_o_ethyl_ascorbic_acid_20_000_ppm; betaine; erythritol; butylene_glycol; lactobacillus_fermentation_lysate; squalane; sunflower_seed_oil; acrylate/c10_30_alkyl_acrylate_crosspolymer; dextrin; xanthan_gum; tromethamine...,RESOLVED_NUMERIC_COMMA|PARSED_STANDARD|PRESERVED_COMPOUND|UNCERTAIN
P_1110,Serum Some By Mi AHA-BHA-PHA Cho Da Mụn 50ml,"Caprylic/Capric Triglyceride, Cetyl Ethylhexanoate, Centella Asiatica Extract (14.51%), Purified Water, Olea Europaea Fruit Oil, Glycerin, Propanediol, Butylene Glycol, Alcohol, 1,2
-Hexanediol, Melal...",caprylic/capric_triglyceride; cetyl_ethylhexanoate; centella_asiatica_extract; purified_water; olea_europaea_fruit_oil; glycerin; propanediol; butylene_glycol; alcohol; 1_2_hexanediol; melaleuca_alternifolia_leaf_water_10_000ppm; niacinamide; camellia_sinensis_leaf_extract; scutellaria_baicalensis_root_extract; polygonum_cuspidatum_root_extract...,RESOLVED_NUMERIC_COMMA|PARSED_STANDARD|PRESERVED_COMPOUND|UNCERTAIN
P_4190,Combo Miếng Dán Mụn Acnes Giúp Giảm Mụn Sưng Viêm 2x24 Miếng,"Acrylates Copolymer, Alcohol, Vinyl Caprolactam/VP/ Dimethylaminoethyl Methacrylate Copolymer, Salicylic Acid (BHA), Water, Melaleuca Alternifolia (Tea Tree) Leaf Oil, Vitis Vinifera (Grape) Seed Extr...",acrylates_copolymer; alcohol; vinyl_caprolactam/vp/_dimethylaminoethyl_methacrylate_copolymer; salicylic_acid_bha; melaleuca_alternifolia_tea_tree_leaf_oil; vitis_vinifera_grape_seed_extract; anthemis_nobilis_chamomile_flower_extract; butylene_glycol; phytosphingosine; propylene_glycol; sodium_hydroxide; pvp; sodium_hyaluronate; phenoxyethanol; allantoin,UNCERTAIN|PARSED_STANDARD
P_51,"Kem Chống Nắng Beplain Nâng Tông, Cấp Ẩm Căng Bóng 50ml","Water(Aqua), Ethylhexyl Triazone 4, Dibutyl Adipate, Propanediol, Diethylamino Hydroxybenzoyl Hexyl Benzoate 3, Butyloctyl Salicylate, Niacinamide, Bis
-Ethylhexyloxyphenol Methoxyphenyl Triazine 2, T...",water_aqua; ethylhexyl_triazone_4; dibutyl_adipate; propanediol; diethylamino_hydroxybenzoyl_hexyl_benzoate_3; butyloctyl_salicylate; niacinamide; bis_ethylhexyloxyphenol_methoxyphenyl_triazine_2; titanium_dioxide_ci_77891_1_9012; coco_caprylate/caprate; 1_2_hexanediol; polyglyceryl_3_methylglucose_distearate; ultramarines_ci_77007; tromethamine_0_6; daucus_carota_sativa_carrot_root_extract...,RESOLVED_NUMERIC_COMMA|PARSED_STANDARD|PRESERVED_COMPOUND|UNCERTAIN
P_1390,Kem Dưỡng La Roche-Posay Làm Dịu Da Cho Trẻ Em 75ml,"Aqua / Water, Butyrospermum Parkii Butter / Shea Butter, Glycerin, Dimethicone, Niacinamide, Paraffinum Liquidum / Mineral Oil, Cetearyl Alcohol, Brassica Campestris Oleifera Oil / Rapeseed Seed Oil, ...",butyrospermum_parkii_butter; shea_butter; glycerin; dimethicone; niacinamide; paraffinum_liquidum; mineral_oil; cetearyl_alcohol; brassica_campestris_oleifera_oil; rapeseed_seed_oil; ammonium_polyacryldimethyltauramide; ammonium_polyacryloyldimethyl_taurate; peg_100ear_glyceryl_stearate; peg_20_methyl_glucose_sesquistearate; cera_microcrystallina...,PARSED_STANDARD
P_55,Kem Chống Nắng Vichy Thoáng Nhẹ Không Bóng Dầu SPF 50 50ml,"Alcohol Denat., Diisopropyl Sebacate, Silica, Butyl Methoxydibenzoylmethane, Ci 77891 / Titanium Dioxide, C12
-15 Alkyl Benzoate, Octocrylene, Isopropyl Lauroyl Sarcosinate, Aqua / Water, Zea Mays Sta...",alcohol_denat; diisopropyl_sebacate; silica; butyl_methoxydibenzoylmethane; ci_77891; titanium_dioxide; c12_15_alkyl_benzoate; octocrylene; isopropyl_lauroyl_sarcosinate; zea_mays_starch; corn_starch; ethylhexyl_triazone; poly_c10_30_alkyl_acrylate; glyceryl_stearate; behenyl_alcohol...,PARSED_STANDARD
P_1921,Dung Dịch Chấm Mụn Cocoon Bí Đao Làm Giảm Mụn (Mới) 5ml,"Thành phần sản phẩm Aqua/Water, Potassium Azeloyl Diglycinate, Butylene Glycol, 1,2
-Hexanediol, Nelumbo Nucifera Leaf Extract, Glycerin, Propanediol, Betaine, Benincasa Cerifera Fruit Extract, Centel...",thành_phần_sản_phẩm_water; potassium_azeloyl_diglycinate; butylene_glycol; 1_2_hexanediol; nelumbo_nucifera_leaf_extract; glycerin; propanediol; betaine; benincasa_cerifera_fruit_extract; centella_asiatica_extract; phellodendron_amurense_bark_extract; camellia_sinensis_leaf_extract; psidium_guajava_leaf_extract; angelica_gigas_extract; dipotassium_glycyrrhizate...,UNCERTAIN|PARSED_STANDARD|RESOLVED_NUMERIC_COMMA
P_462,"Kem Dưỡng Torriden Làm Dịu, Phục Hồi Da Bị Tổn Thương 80ml","Water, Butylene Glycol, Glycerin, Heptyl Undecylenate, 1,2
-Hexanediol, Centella Asiatica Extract, Madecassic Acid, Asiaticoside, Asiatic Acid, Madecassoside, Panthenol, Allantoin, Hydrolyzed Hyaluron...",butylene_glycol; glycerin; heptyl_undecylenate; 1_2_hexanediol; centella_asiatica_extract; madecassic_acid; asiaticoside; asiatic_acid; madecassoside; panthenol; allantoin; hydrolyzed_hyaluronic_acid; swertia_japonica_extract; nymphaea_caerulea_flower_extract; lactobacillus_ferment...,RESOLVED_NUMERIC_COMMA|PARSED_STANDARD|PRESERVED_COMPOUND|UNCERTAIN
P_5537,Sữa Rửa Mặt Nuxe Tạo Bọt Dịu Nhẹ Cho Mọi Loại Da 150ml,"Thành phần sản phẩm Aqua/Water, Rosa Damascena Flower Water, Sodium Lauroyl Sarcosinate, Pentylene Glycol, Glycerin, Sodium Cocoamphoacetate, Sodium Cocoyl Glutamate, Maltooligosyl Glucoside, Caprylyl...",thành_phần_sản_phẩm_water; rosa_damascena_flower_water; sodium_lauroyl_sarcosinate; pentylene_glycol; glycerin; sodium_cocoamphoacetate; sodium_cocoyl_glutamate; maltooligosyl_glucoside; caprylyl/capryl_glucoside; fragrance; citric_acid; hydrogenated_starch_hydrolysate; sodium_chloride; phenoxyethanol; propylene_glycol...,UNCERTAIN|PARSED_STANDARD
P_934,"Serum Tia'm Căng Bóng, Trẻ Hoá Da 40ml","Water, Butylene Glycol, Glycerin, Helianthus Annuus (Sunflower) Seed Oil, 1,2
-Hexanediol, Polysorbate 60, Betaine, Dimethicone, Cetearyl Alcohol, Cetearyl Olivate, Panthenol, Sorbitan Olivate, Allant...",butylene_glycol; glycerin; helianthus_annuus_sunflower_seed_oil; 1_2_hexanediol; polysorbate_60; betaine; dimethicone; cetearyl_alcohol; cetearyl_olivate; panthenol; sorbitan_olivate; allantoin; retinyl_palmitate_2_775ppm; arachis_hypogaea_peanut_oil; tocopheryl_acetate...,RESOLVED_NUMERIC_COMMA|PARSED_STANDARD|PRESERVED_COMPOUND
P_2186,Xịt Chống Nắng Naris Cosmetics Dưỡng Sáng Da 90g,"Lpg, Water, Ethylhexyl Methoxycinnamate, Isododecane, Cyclopentasiloxane, Ethanol, Neopentyl Glycol Diethylhexanoate, Caprylyl Methicone, (Vinyl Dimethicone/Methicone Silsesquioxane) Crosspolymer, Hyd...",lpg; ethylhexyl_methoxycinnamate; isododecane; cyclopentasiloxane; ethanol; neopentyl_glycol_diethylhexanoate; caprylyl_methicone; vinyl_dimethicone/methicone_silsesquioxane_crosspolymer; hydrolyzed_hyaluronic_acid; hydrolyzed_collagen; ascorbyl_phosphate_3na; ceramide_3; serine; ubiquinone; royal_jelly_extract...,UNCERTAIN|PARSED_STANDARD|PRESERVED_COMPOUND
P_4658,"Combo 2 Kem Dưỡng Bio-essence Cấp Ẩm Sâu, Ngăn Bụi Bẩn 50g","Water, Butylene Glycol, Glycerin, Cyclopentasiloxane, Dimethicone/Vinyl Dimethicone Crosspolymer, Biosaccharide Gum
-1, Dimethicone, Dimethiconol, Ammonium Polyacrylate, Pentylene Glycol, Caprylyl Gly...",butylene_glycol; glycerin; cyclopentasiloxane; dimethicone/vinyl_dimethicone_crosspolymer; biosaccharide_gum_1; dimethicone; dimethiconol; ammonium_polyacrylate; pentylene_glycol; caprylyl_glycol; menthyl_lactate; peg_40_hydrogenated_castor_oil; vaccinium_macrocarpon_cranberry_seed_oil; olive_oil_peg_7_esters; 1_2_hexanediol...,RESOLVED_NUMERIC_COMMA|PARSED_STANDARD|PRESERVED_COMPOUND
P_1583,"Kem Dưỡng Acnes Vitamin Sáng Da, Mờ Sẹo Thâm 40g","Water, Glycerin, Paraffinum Liquidum (Mineral Oil), Dimethicone, Isopropyl Palmitate, Stearic Acid, Cetyl Alcohol, Polysorbate 60, Niacinamide, Glyceryl Stearate, Ascorbyl Glucoside, Tocopheryl Acetat...",glycerin; paraffinum_liquidum_mineral_oil; dimethicone; isopropyl_palmitate; stearic_acid; cetyl_alcohol; polysorbate_60; niacinamide; glyceryl_stearate; ascorbyl_glucoside; tocopheryl_acetate; pyridoxine_hcl; panthenol; acrylates/c10_30_alkyl_acrylate_crosspolymer; carbomer...,PARSED_STANDARD|PRESERVED_COMPOUND
P_1871,Sữa Rửa Mặt Senka Tạo Bọt Chiết Xuất Rau Má Dịu Nhẹ 100g,"Water, Potassium Stearate, PEG
-8, Potassium Myristate, Glycerin, Potassium Laurate, Dipropylene Glycol, Stearic Acid, Butylene Glucol, Glyceryl Stearate Se, Myristic Acid, Lauric Acid, Polyquaternium...",potassium_stearate; peg_8; potassium_myristate; glycerin; potassium_laurate; dipropylene_glycol; stearic_acid; butylene_glucol; glyceryl_stearate_se; myristic_acid; lauric_acid; polyquaternium_7; beeswax_phytosteryl/octyldodecyl_lauroyl_glotamate; disodium_edta; fragrance,PARSED_STANDARD|PRESERVED_COMPOUND
P_2499,Kem Chống Nắng Vichy Có Màu Thoáng Mịn Ngăn Sạm Da 50ml,"Aqua/Water, Homosalate, Silica, Ethylhexyl Salicylate, Ethylhexyl Triazone, Glycerin, C12
-15 Alkyl Benzoate, Bis
-Ethylhexyloxyphenol Methoxyphenyl Triazine, Drometrizole Trisiloxane, Butyl Methoxydi...",homosalate; silica; ethylhexyl_salicylate; ethylhexyl_triazone; glycerin; c12_15_alkyl_benzoate; bis_ethylhexyloxyphenol_methoxyphenyl_triazine; drometrizole_trisiloxane; butyl_methoxydibenzoylmethane; saccharomyces/_xylinum/_black_tea_ferment; aluminym_starch_octenylsuccinate; octocrylene; pentylene_glycol; styrene/_acrylates_copolymer; potassium_cetyl_phosphate...,UNCERTAIN|PARSED_STANDARD|PRESERVED_COMPOUND
P_1009,"Gel Dưỡng Ẩm Hada Labo Ngừa Mụn, Làm Dịu Da 50g","Water, Diglycerin, Dipropylene Glycol, Glycerin, Pentylene Glycol, Squalane, Tranexamic Acid, Caprylic/Capric Triglyceride, Carbomer, PEG
-20 Sorbitan Isostearate, Glyceryl Stearate, Limnanthes Alba S...",diglycerin; dipropylene_glycol; glycerin; pentylene_glycol; squalane; tranexamic_acid; caprylic/capric_triglyceride; carbomer; peg_20_sorbitan_isostearate; glyceryl_stearate; limnanthes_alba_seed_oil; phytosteryl/octyldodecyl_lauroyl_glutamate; sodium_hyaluronate_ha; hydrolyzed_hyaluronic_acid_nano_ha; tocopherol...,UNCERTAIN|PARSED_STANDARD|PRESERVED_COMPOUND|RESOLVED_NUMERIC_COMMA
P_5819,Sữa Rửa Mặt Vichy Dạng Gel Làm Sạch Sâu & Giảm Nhờn 400ml,"Aqua / Water, Sodium Laureth Sulfate, Peg
-8, Coco
-Betaine, Hexylene Glycol, Sodium Chloride, Peg
-120 Methyl Glucose Dioleate, Ci 19140 / Yellow 5, Ci 42053 / Green 3, Glycolic Acid, Triethanolamine...",sodium_laureth_sulfate; peg_8; coco_betaine; hexylene_glycol; sodium_chloride; peg_120_methyl_glucose_dioleate; ci_19140; yellow_5; ci_42053; green_3; glycolic_acid; triethanolamine; salicylic_acid; sodium_benzoate; sodium_hydroxide...,PARSED_STANDARD
P_2007,Kem Chống Nắng Hatomugi Nâng Tông & Dưỡng Ẩm Da 70g (Xanh Bạc Hà),"Water, Ethylhexyl Methoxycinnamate, Alcohol, Butyl Methoxydibenzoylmethane, Octocrylene, Steareth
-6, Dimethicone, Butylene Glycol, Carbomer, Coix Lacryma
-Jobi Ma
-yuen Seed Extract, Rosmarinus Offic...",ethylhexyl_methoxycinnamate; alcohol; butyl_methoxydibenzoylmethane; octocrylene; steareth_6; dimethicone; butylene_glycol; carbomer; coix_lacryma_jobi_ma_yuen_seed_extract; rosmarinus_officinalis_rosemary_leaf_extract; prunus_persica_peach_leaf_extract; aloe_barbadensis_leaf_extract; citrus_junos_peel_oil; cocos_nucifera_coconut_oil; sodium_hyaluronate...,UNCERTAIN|PARSED_STANDARD|PRESERVED_COMPOUND
P_1088,"Kem Dưỡng Swiss Image Sáng Da, Giảm Thâm Nám Ban Đêm 50ml","Nước Băng Tan từ dãy núi Alpine và Phức Hợp Thực Vật Dưỡng Sáng Thụy Sĩ. Aqua (Water), Caprylic/Capric Triglyceride, Gyceryl Stearate Citrate, Cetearyl Alcohol, Theobroma Cacao Seed Butter/[Theobroma ...",nước_băng_tan_từ_dãy_núi_alpine_và_phức_hợp_thực_vật_dưỡng_sáng_thụy_sĩ._aqua_water; caprylic/capric_triglyceride; gyceryl_stearate_citrate; cetearyl_alcohol; theobroma_cacao_seed_butter/_theobroma_cacao_cocoa_seed_butter; stearic_acid; niacinamide; butyrospermum_parkii_butter/_butyrospermum_parkii_shea_butter; centella_asiatica_extract; camellia_japonica_leaf_extract; camellia_sinensis_leaf_extract; broussonetia_kazinoki_root_extract; pyrus_malus_fruit_extract/_pyrus_malus_apple_fruit_extract; galactoarabinan; allantoin...,UNCERTAIN|PARSED_STANDARD|PRESERVED_COMPOUND
P_2182,Gel Rửa Mặt Emmié Dịu Nhẹ & Cấp Ẩm Sâu 180ml,"Aqua, Sodium Lauryl Sulfate, Cocamide DEA, PEG
-7 Glyceryl Cocoate, Salicylic Acid (2%), Cocamidopropyl Betaine, Hamamelis Virginiana (Witch Hazel) Water, Sodium Hydroxide, Propylene Glycol, Polyquate...",sodium_lauryl_sulfate; cocamide_dea; peg_7_glyceryl_cocoate; salicylic_acid; cocamidopropyl_betaine; hamamelis_virginiana_witch_hazel_water; sodium_hydroxide; propylene_glycol; polyquaternium_7; allantoin; alcohol; propanediol; mentha_piperita_peppermint_oil; calendula_officinalis_flower_extract; chamomilla_recutita_matricaria_flower_extract...,UNCERTAIN|PARSED_STANDARD|PRESERVED_COMPOUND
P_404,Sữa Rửa Mặt Cetaphil Dịu Lành Cho Da Dầu Nhạy Cảm 500ml,"Aqua, Glycerin, Cocamidopropyl Betaine, Disodium Laureth Sulfosuccinate, Sodium Cocoamphoacetate, Panthenol, Niacinamide, Pantolactone, Acrylates/C10
-30 Alkyl Acrylate Crosspolymer, Sodium Benzoate, ...",glycerin; cocamidopropyl_betaine; disodium_laureth_sulfosuccinate; sodium_cocoamphoacetate; panthenol; niacinamide; pantolactone; acrylates/c10_30_alkyl_acrylate_crosspolymer; sodium_benzoate; parfum; amyl_cinnamal; citronellol; geraniol; hydroxycitronellal; linalool...,PARSED_STANDARD|PRESERVED_COMPOUND
P_187,Kem Chống Nắng Cell Fusion C Nâng Tông Da 50ml,"Water, Zinc Oxide (CI 77947), Propylheptylcaprylate, Titanium Dioxide (CI 77891), Butyloctyl Salicylate, Caprylyl Methicone, Dibutyl Adipate, Propanediol, Ethylhexyl Stearate, Niacinamide, Disiloxane,...",zinc_oxide_ci_77947; propylheptylcaprylate; titanium_dioxide_ci_77891; butyloctyl_salicylate; caprylyl_methicone; dibutyl_adipate; propanediol; ethylhexyl_stearate; niacinamide; disiloxane; polyglyceryl_4_diisostearate/polyhydroxystearate/sebacate; polymethylsilsesquioxane; triethoxycaprylylsilane; magnesium_sulfate; aluminum_hydroxide...,UNCERTAIN|PARSED_STANDARD|PRESERVED_COMPOUND|RESOLVED_NUMERIC_COMMA
P_1113,"Kem Dưỡng Forencos Peptide Sáng Da, Giảm Nhăn Ban Đêm 15g","Water, Propanediol, Dipropylene Glycol, Cyclopentasiloxane, Glycersth
-26, Tanium Dioxide (CI 77891) Niacinamide Cycl Chess lexane, Sodium Acrylate Sodium Acryloyldimethyl Taurate Copolymer, Copos Jap...",propanediol; dipropylene_glycol; cyclopentasiloxane; glycersth_26; tanium_dioxide_ci_77891_niacinamide_cycl_chess_lexane; sodium_acrylate_sodium_acryloyldimethyl_taurate_copolymer; copos_japonica_rost_extract_dimethicone/vinyl_dimethicone_crosspolymer; dimethicone._isohexadecane; dimethiconol_hydroxyethyl_acrylate/sodium_acryloyldimethyl_taurate_copolymer_sodium_polyacrylate; glycerin; phenoxyethanol; chlorphenesin_polysorbate_80_caprylyl_glycol; ethylhexylglycerin_sorbitan_oleate_triethoxycaprylylsilane._benzophenone; adenosine; disodium_edta_fragrance_sclerocarya_seed_oil_ci_17200...,UNCERTAIN|PARSED_STANDARD|PRESERVED_COMPOUND|RESOLVED_NUMERIC_COMMA
P_772,Serum Torriden Se Khít Lỗ Chân Lông 30ml,"Water, Butylene Glycol, Glycerin, Caprylic/Capric Triglyceride, Niacinamide, 1,2
-Hexanediol, Cetearyl Olivate, Cetyl Ethylhexanoate, Collagen Extract, Soluble Collagen, Collagen Amino Acids, Collagen...",butylene_glycol; glycerin; caprylic/capric_triglyceride; niacinamide; 1_2_hexanediol; cetearyl_olivate; cetyl_ethylhexanoate; collagen_extract; soluble_collagen; collagen_amino_acids; collagen; hydrolyzed_collagen; hexapeptide_2; panthenol; allantoin...,RESOLVED_NUMERIC_COMMA|PARSED_STANDARD|PRESERVED_COMPOUND|UNCERTAIN
P_1913,Kem Dưỡng Bio-essence Làm Sáng Da Ban Đêm 50g,"Water, Glycerin, Cetyl Ethylhexanoate, Cyclopentasiloxane, Propanediol, Caprylic/Capric Triglyceride, Olive Oil Peg
-7 Esters, Dimethicone, Dimethiconol, Dimethicone/Vinyl Dimethicone Crosspolymer, Ce...",glycerin; cetyl_ethylhexanoate; cyclopentasiloxane; propanediol; caprylic/capric_triglyceride; olive_oil_peg_7_esters; dimethicone; dimethiconol; dimethicone/vinyl_dimethicone_crosspolymer; cetearyl_olivate; sorbitan_olivate; cetyl_alcohol; sodium_polyacrylate; ppg_5_laureth_5; polyglycerin_10...,PARSED_STANDARD|PRESERVED_COMPOUND
P_761,Serum Balance Active Formula Cấp Nước Dưỡng Ẩm Da 30ml,"Aqua / Water, Chondrus Crispus (Carrageenan) Powder, Disodium Edta, Ethylhexylglycerin, Glycerin, Panthenol, Phenoxyethanol, Sodium Hyaluronate",chondrus_crispus_carrageenan_powder; disodium_edta; ethylhexylglycerin; glycerin; panthenol; phenoxyethanol; sodium_hyaluronate,PARSED_STANDARD
P_4661,Sữa Rửa Mặt Klairs Dưỡng Sáng & Cải Thiện Lỗ Chân Lông 150ml,"Glycerin, Water (Aqua), Myristic Acid, Potassium Hydroxide, Palmitic Acid, Stearic Acid, Glyceryl Stearate SE, Sorbitan Olivate, Lauric Acid, Sodium Methyl Cocoyl Taurate, Hydroxypropyl Starch Phospha...",glycerin; water_aqua; myristic_acid; potassium_hydroxide; palmitic_acid; stearic_acid; glyceryl_stearate_se; sorbitan_olivate; lauric_acid; sodium_methyl_cocoyl_taurate; hydroxypropyl_starch_phosphate; potassium_cocoyl_glycinate; lauryl_hydroxysultaine; glycol_distearate; citrus_unshiu_peel_powder...,RESOLVED_NUMERIC_COMMA|PARSED_STANDARD|PRESERVED_COMPOUND
P_2394,Dung Dịch Jumiso Làm Mềm Mụn Đầu Đen 150ml,"Water, 1,2
-Hexanediol, Hamamelis Virginiana (Witch Hazel) Water, Salvia Officinalis (Sage) Leaf Extract, Butylene Glycol, Arctium Majus Root Extract, Chamaecyparis Obtusa Water, Eucalyptus Globulus L...",1_2_hexanediol; hamamelis_virginiana_witch_hazel_water; salvia_officinalis_sage_leaf_extract; butylene_glycol; arctium_majus_root_extract; chamaecyparis_obtusa_water; eucalyptus_globulus_leaf_extract; melissa_officinalis_leaf_extract; glycerin; hypericum_perforatum_flower/leaf/stem_extract; saponaria_officinalis_leaf_extract; sorbitol; gluconolactone; ethylhexylglycerin; propanediol...,RESOLVED_NUMERIC_COMMA|PARSED_STANDARD|PRESERVED_COMPOUND
P_607,Kem Dưỡng Ẩm Cetaphil Dịu Lành Cho Da Nhạy Cảm 50g,"Aqua, Glycerin, Petrolatum, Dicaprylyl Ether, Dimethicone, Glyceryl Stearate, Cetyl Alcohol, Helianthus Annuus Seed Oil, Peg
-30 Stearate, Panthenol, Niacinamide, Prunus Amygdalus Dulcis Oil, Tocopher...",glycerin; petrolatum; dicaprylyl_ether; dimethicone; glyceryl_stearate; cetyl_alcohol; helianthus_annuus_seed_oil; peg_30_stearate; panthenol; niacinamide; prunus_amygdalus_dulcis_oil; tocopherol; tocopheryl_acetate; pantolactone; dimethiconol...,PARSED_STANDARD|PRESERVED_COMPOUND
P_1141,Sữa Rửa Mặt Cocoon Chiết Xuất Từ Nghệ Hưng Yên 140ml,"Aqua/Water, Disodium Cocoyl Glutamate, Potassium Laureth Phosphate, Sodium Laurylglucosides Hydroxypropylsulfonate, Lactic Acid, Glycerin, Polysorbate 20, PEG
-120 Methyl Glucose Dioleate, Cetearyl Al...",disodium_cocoyl_glutamate; potassium_laureth_phosphate; sodium_laurylglucosides_hydroxypropylsulfonate; lactic_acid; glycerin; polysorbate_20; peg_120_methyl_glucose_dioleate; cetearyl_alcohol; curcuma_longa_turmeric_root_extract; glycolic_acid; beta_carotene; daucus_carota_sativa_carrot_root_extract; betaine; allantoin; propanediol...,PARSED_STANDARD
P_78,"Kem Dưỡng Torriden Làm Dịu Mát, Dưỡng Ẩm, Sáng Bóng Da 100ml","Water, Butylene Glycol, Glycerin, 1,2
-Hexanediol, Hydrogenated Didecene, Allantoin, Trehalose, Hamamelis Virginiana (Witch Hazel) Extract, Panthenol, Hydrolyzed Hyaluronic Acid, Sodium Hyaluronate, S...",butylene_glycol; glycerin; 1_2_hexanediol; hydrogenated_didecene; allantoin; trehalose; hamamelis_virginiana_witch_hazel_extract; panthenol; hydrolyzed_hyaluronic_acid; sodium_hyaluronate; sodium_hyaluronate_crosspolymer; sodium_acetylated_hyaluronate; hydrolyzed_sodium_hyaluronate; glyceryl_acrylate/acrylic_acid_copolymer; pvm/ma_copolymer...,RESOLVED_NUMERIC_COMMA|PARSED_STANDARD|PRESERVED_COMPOUND|UNCERTAIN
P_2277,"Kem Dưỡng L'Oreal Cấp Ẩm, Kiềm Dầu & Giảm Bóng Nhờn 8H 50ml","Aqua / Nước, Glycerin, Alcohol Denat., Dimethicone, Isononyl Isononanoate, Capryloyl Salicylic Acid, Menthoxypropanediol, Chiết Xuất Lên Men Pseudoalteromonas, Sodium Hyaluronate, Sodium Hydroxide, Te...",nước; glycerin; alcohol_denat; dimethicone; isononyl_isononanoate; capryloyl_salicylic_acid; menthoxypropanediol; chiết_xuất_lên_men_pseudoalteromonas; sodium_hyaluronate; sodium_hydroxide; tetrasodium_edta; tocopheryl_acetate; biosaccharide_gum_1; rylyl_glycol; carbomer...,UNCERTAIN|PARSED_STANDARD
P_2268,Sữa Chống Nắng Senka Cho Da Nhạy Cảm 40ml,"Cyclopentasiloxane, Water (Aqua), Zinc Oxide (10.44%), Alcohol, Isododecane, Ethylhexyl Methoxycinnamate (7.49475%), Talc, Octocrylene (3%), Methyl Methacrylate Crosspolymer, Polysilicone
-15 (3%), Di...",cyclopentasiloxane; water_aqua; zinc_oxide; alcohol; isododecane; ethylhexyl_methoxycinnamate; talc; octocrylene; methyl_methacrylate_crosspolymer; polysilicone_15; dimethicone; sorbitan_sesquiisostearate; polymethylsilsesquioxane; ethylhexyl_salicylate; titanium_dioxide...,UNCERTAIN|PARSED_STANDARD|PRESERVED_COMPOUND
P_561,"Kem Dưỡng Angel's Liquid Dưỡng Sáng Da, Mờ Thâm Nám 50ml","Thành phần sản phẩm
• Kojyl Dipeptide
-23: dưỡng sáng da vượt trội, xóa mờ nếp nhăn, hỗ trợ nâng cơ, ngăn ngừa lão hóa.
• Niacinamide đột phá tiên tiến mới nhất: làm mờ thâm nám chuyên sâu, hỗ trợ se ...",thành_phần_sản_phẩm; kojyl_dipeptide_23:_dưỡng_sáng_da_vượt_trội; xóa_mờ_nếp_nhăn; hỗ_trợ_nâng_cơ; ngăn_ngừa_lão_hóa; niacinamide_đột_phá_tiên_tiến_mới_nhất:_làm_mờ_thâm_nám_chuyên_sâu; hỗ_trợ_se_khít_lỗ_chân_lông; kháng_viêm; giúp_phục_hồi_da; góp_phần_ngăn_ngừa_lão_hóa; glutathione_700mg_dưới_dạng_micro_nano:_giúp_làm_sáng_da_ở_tận_gốc_tế_bào; loại_bỏ_hắc_sắc_tố_thâm_sạm; làm_đều_màu_da._water; caprylic/capric_triglyceride; dipropylene_glycol...,UNCERTAIN|PARSED_STANDARD|PRESERVED_COMPOUND|RESOLVED_NUMERIC_COMMA
P_4877,Serum d program Dưỡng Da Bảo Vệ Chuyên Sâu 40ml,"Thành phần sản phẩm Water, Propanediol, Dipropylene Glycol, Ammonium Acryloyldimethyltaurate/Beheneth
-25 Methacrylate Crosspolymer, Erythritol, PPG
-13
-Decyltetradeceth
-24, Acrylates/C10
-30 Alkyl ...",thành_phần_sản_phẩm_water; propanediol; dipropylene_glycol; ammonium_acryloyldimethyltaurate/beheneth_25_methacrylate_crosspolymer; erythritol; ppg_13_decyltetradeceth_24; acrylates/c10_30_alkyl_acrylate_crosspolymer; sodium_metaphosphate,UNCERTAIN|PARSED_STANDARD|PRESERVED_COMPOUND
P_81,"Serum GoodnDoc Dưỡng Ẩm, Hỗ Trợ Phục Hồi Da 30ml","Water, Pentylene Glycol, 1,2
-Hexanediol, Niacinamide, Butylene Glycol, Sodium Hyaluronate, Allantoin, Panthenol, Adeno sine, Polysorbate 60, Ammonium Acryloyldim ethyltaurate/VP Copolymer, Triticum V...",pentylene_glycol; 1_2_hexanediol; niacinamide; butylene_glycol; sodium_hyaluronate; allantoin; panthenol; adeno_sine; polysorbate_60; ammonium_acryloyldim_ethyltaurate/vp_copolymer; triticum_vulgare_wheat_sprout_extract; brassica_oleracea_‘la_lica_broccoli_sprout_extract; carthamus_tinc_torius_safflower_sprout_extract; brassica_ca_ropes_tris_rapeseed_sprout_extract; glycine_max_soybean_sprout_extract...,RESOLVED_NUMERIC_COMMA|PARSED_STANDARD|UNCERTAIN
P_3950,Sữa Chống Nắng Bioré Bảo Vệ Hoàn Hảo - Dưỡng Ẩm 25ml,"Cyclopentasiloxane, Water, Alcohol, Zinc Oxide, Ethylhexyl Methoxycinnamate, Lauryl Methacrylate/Sodium Methacrylate Crosspolymer, Dimethicone, Hydrogenated Polyisobutene, Isopropyl Palmitate, Talc, G...",cyclopentasiloxane; alcohol; zinc_oxide; ethylhexyl_methoxycinnamate; lauryl_methacrylate/sodium_methacrylate_crosspolymer; dimethicone; hydrogenated_polyisobutene; isopropyl_palmitate; talc; glycerin; hydrogen_dimethicone; titanium_dioxide; diethylamino_hydroxybenzoyl_hexyl_benzoate; bis_ethylhexyloxyphenol_methoxyphenyl_triazine; peg_12_dimethicone...,UNCERTAIN|PARSED_STANDARD|PRESERVED_COMPOUND
P_1104,Miếng Dán Mụn Acnes Giúp Giảm Mụn Sưng Viêm 24 Miếng,"Acrylates Copolymer, Alcohol, Vinyl Caprolactam/VP/ Dimethylaminoethyl Methacrylate Copolymer, Salicylic Acid (BHA), Water, Melaleuca Alternifolia (Tea Tree) Leaf Oil, Vitis Vinifera (Grape) Seed Extr...",acrylates_copolymer; alcohol; vinyl_caprolactam/vp/_dimethylaminoethyl_methacrylate_copolymer; salicylic_acid_bha; melaleuca_alternifolia_tea_tree_leaf_oil; vitis_vinifera_grape_seed_extract; anthemis_nobilis_chamomile_flower_extract; butylene_glycol; phytosphingosine; propylene_glycol; sodium_hydroxide; pvp; sodium_hyaluronate; phenoxyethanol; allantoin,UNCERTAIN|PARSED_STANDARD
P_2570,Sữa Rửa Mặt Bioré Thanh Lọc Da - Sạch Nhờn 100g,"Water (Aqua), Sorbitol, Myristic Acid, Lauryl Hydroxysultaine, Laureth
-4 Carboxylic Acid, Ethylhexylglycerin, Potassium Hydroxide, Cellulose, Zea Mays (Corn) Starch, Laureth
-6 Carboxylic Acid, Lauri...",water_aqua; sorbitol; myristic_acid; lauryl_hydroxysultaine; laureth_4_carboxylic_acid; ethylhexylglycerin; potassium_hydroxide; cellulose; zea_mays_corn_starch; laureth_6_carboxylic_acid; lauric_acid; palmitic_acid; 2._sữa_rửa_mặt_bioré_thanh_lọc_da_ngừa_mụn_thành_phần_chính; hoạt_chất_o_cymen_5_ol:_ngăn_ngừa; làm_giảm_sự_tích_tụ_của_vi_khuẩn_gây_mụn...,UNCERTAIN|PARSED_STANDARD|PRESERVED_COMPOUND
P_940,Gel Rửa Mặt Garnier Sạch Thoáng Dịu Nhẹ Cho Da Dầu Mụn 120ml,"Aqua/Water, Sodium Laureth Sulfate, Glycerin, Decyl Glucoside, Sodium Chloride, Peg
-150 Pentaerythrityl Tetrastearate, Citric Acid, Hexylene Glycol, Peg
-6 Caprylic/Capric Glycerides, Tetrasodium Glu...",sodium_laureth_sulfate; glycerin; decyl_glucoside; sodium_chloride; peg_150_pentaerythrityl_tetrastearate; citric_acid; hexylene_glycol; peg_6_caprylic/capric_glycerides; tetrasodium_glutamate_diacetate; zinc_pca; citrus_limon_fruit_extract/lemon_fruit_extract; capryloyl_salicylic_acid; linalool; benzyl_salicylate; limonene...,UNCERTAIN|PARSED_STANDARD|PRESERVED_COMPOUND
P_1004,Gel Rửa Mặt Cocoon Bí Đao Giúp Giảm Dầu & Mụn 140ml,"Water/Aqua, Potassium Laureth Phosphate, Cocamidopropyl Betaine, Acrylates/Steareth
-20 Methacrylate Copolymer, Sodium Cocoyl Glycinate, Cocoyl Methyl Glucamide, PEG
-7
-Glyceryl Cocoate, Glycerin, Be...",potassium_laureth_phosphate; cocamidopropyl_betaine; acrylates/steareth_20_methacrylate_copolymer; sodium_cocoyl_glycinate; cocoyl_methyl_glucamide; peg_7_glyceryl_cocoate; glycerin; benincasa_cerifera_bí_đao_fruit_extract; salicylic_acid; niacinamide_vitamin_b3; panthenol_vitamin_b5; centella_asiatica_extract_rau_má; betaine; propanediol; butylene_glycol...,UNCERTAIN|PARSED_STANDARD
P_1637,Serum Eucerin Giảm Dấu Hiệu Lão Hóa 30ml,"Aqua, Alcohol Denat., Butylene Glycol, Glycerin, Ricinus Communis Seed Oil, Octyldodecanol, Dibutyl Adipate, Glyceryl Stearate, Cetearyl Alcohol, Dihydromyricetin, Sodium Hyaluronate, Glycine Soja Ger...",alcohol_denat; butylene_glycol; glycerin; ricinus_communis_seed_oil; octyldodecanol; dibutyl_adipate; glyceryl_stearate; cetearyl_alcohol; dihydromyricetin; sodium_hyaluronate; glycine_soja_germ_extract; glycyrrhetinic_acid; tocopherol; propylheptyl_caprylate; caprylic/capric_triglyceride...,PARSED_STANDARD|PRESERVED_COMPOUND
P_5655,Serum Obagi Vitamin C 15% Sáng Da & Chống Oxy Hóa 12.5ml,"Propylene glycol, water (aqua), L
-ascorbic acid, alcohol, ascorbyl glucoside, fragrance.",propylene_glycol; water_aqua; l_ascorbic_acid; alcohol; ascorbyl_glucoside; fragrance,PARSED_STANDARD
P_3718,Combo CeraVe Sữa Rửa Mặt Cho Da Khô 88ml + Sữa Dưỡng Ẩm Cho Da Khô 30ml,"Purified Water (Aqua), Cocamidopropyl Hydroxysultaine, Glycerin, Sodium Lauroyl Sarcosinate, Peg
-150 Pentaerythrityl Tetrastearate (And) Peg
-6 Caprylic/Capric Glycerides, Niacinamide, Propylene Glyc...",purified_water_aqua; cocamidopropyl_hydroxysultaine; glycerin; sodium_lauroyl_sarcosinate; peg_150_pentaerythrityl_tetrastearate; peg_6_caprylic/capric_glycerides; niacinamide; propylene_glycol; sodium_methyl_cocoyl_taurate; ceramide_3; ceramide_6_ii; ceramide_1; hyaluronic_acid; cholesterol; sodium_chloride...,UNCERTAIN|PARSED_STANDARD|PRESERVED_COMPOUND
P_3458,Combo 4 Gel Rửa Mặt SVR Không Chứa Xà Phòng Cho Da Dầu 55ml,"Aqua (Purified Water), Disodium Laureth Sulfosuccinate, Coco
-Betaine, Peg
-7 Glyceryl Cocoate, Glycerin, Sodium Laureth Sulfate, Gluconolactone, Peg
-120 Methyl Glucose Dioleate, Calcium Gluconate, S...",aqua_purified_water; disodium_laureth_sulfosuccinate; coco_betaine; peg_7_glyceryl_cocoate; glycerin; sodium_laureth_sulfate; gluconolactone; peg_120_methyl_glucose_dioleate; calcium_gluconate; sarcosine; butylene_glycol; lactic_acid; pentylene_gly,PARSED_STANDARD
P_459,"Kem Dưỡng Ẩm Bioderma Giảm Khô Căng, Bong Tróc Da Mụn 40ml","Aqua (Water), Glycerin (Khóa Ẩm), Mineral Oil (Paraffinum Liquidum) (Dưỡng Ẩm), Ethylhexyl Palmitate, Dipropylene Glycol (Tăng Cường Thẩm Thấu), Xylitol, Bis
-Peg/Ppg
-16/16 Peg/Ppg
-16/16 Dimethicone...",aqua_water; glycerin_khóa_ẩm; mineral_oil_paraffinum_liquidum_dưỡng_ẩm; ethylhexyl_palmitate; dipropylene_glycol_tăng_cường_thẩm_thấu; xylitol; bis_peg/ppg_16/16_peg/ppg_16/16_dimethicone; sodium_acrylate/sodium_acryloyldimethyl_taurate_copolymer; mannitol; rhamnose; fructooligosaccharides; laminaria_ochroleuca_extract_giảm_sưng; glycyrrhetinic_acid_kháng_sưng_viêm; allantoin_giảm_đỏ; ceramide_3_giữ_nước...,UNCERTAIN|PARSED_STANDARD|PRESERVED_COMPOUND
P_1363,Gel Rửa Mặt Acnes Giúp Kiểm Soát Nhờn 100g,"Water, Sodium Laureth Sulfate, Glycerin, Sodium Cocoyl Glycinate, Potassium Laureth Phosphate, Potassium Cocoyl Glycinate, Acrylates Copolymer, Sorbitol, Niacinamide, Sodium Chloride, Maltooligosyl Gl...",sodium_laureth_sulfate; glycerin; sodium_cocoyl_glycinate; potassium_laureth_phosphate; potassium_cocoyl_glycinate; acrylates_copolymer; sorbitol; niacinamide; sodium_chloride; maltooligosyl_glucoside; peg_200_hydrogenated_glyceryl_palmate; potassium_cocoate; sodium_hyaluronate; zinc_pca; hydrogenated_starch_hydrolysate...,PARSED_STANDARD
P_384,Kem Dưỡng Olay Ban Ngày Ngăn Ngừa 7 Dấu Hiệu Lão Hóa 50g,"• Kem Dưỡng Olay Total Effects Ngừa Lão Hóa Da Ban Ngày 50g: Water, Glycerin, Niacinamide, Ethylhexyl Salicylate, Butyl Methoxydibenzoylmethane, Isopropyl Isostearate, Octocrylene, Panthenol, Phenylbe...",kem_dưỡng_olay_total_effects_ngừa_lão_hóa_da_ban_ngày_50g:_water; glycerin; niacinamide; ethylhexyl_salicylate; butyl_methoxydibenzoylmethane; isopropyl_isostearate; octocrylene; panthenol; phenylbenzimidazole_sulfonic_acid; acrylamide/sodium_acryloyldimethyltaurate_copolymer; triethanolamine; stearyl_alcohol; tocopheryl_acetate; benzyl_alcohol; ptfe...,UNCERTAIN|PARSED_STANDARD
P_5187,Serum Pond's Age Miracle Ngăn Ngừa Lão Hóa 30ml,"Water/Aqua, Glycerin, Dimethicone, Pentylene Glycol, Niacinamide, Butylene Glycol, Ethylhexyl Methoxycinnamate, Polysorbate 20, Ammonium Acryloyldimethyltaurate/VP Copolymer, Mica, Titanium Dioxide, T...",glycerin; dimethicone; pentylene_glycol; niacinamide; butylene_glycol; ethylhexyl_methoxycinnamate; polysorbate_20; ammonium_acryloyldimethyltaurate/vp_copolymer; mica; titanium_dioxide; tin_oxide; ammonium_acryloyldimethyltaurate/beheneth_25_methacrylate_crosspolymer; hexylresorcinol; xanthan_gum; butyl_methoxydibenzoylmethane...,UNCERTAIN|PARSED_STANDARD|PRESERVED_COMPOUND
P_2621,Sữa Rửa Mặt Bio-essence Dưỡng Sáng Da 100g,"Water, Glycerin, Stearic Acid, Myristic Acid, Palmitic Acid, Potassium Hydroxide, Tea
-Lauroyl Collagen Amino Acids, Lauric Acid, Glycol Stearate, Polyquaternium
-43, Hydroxyethylcellulose, Limonia Ac...",glycerin; stearic_acid; myristic_acid; palmitic_acid; potassium_hydroxide; tea_lauroyl_collagen_amino_acids; lauric_acid; glycol_stearate; polyquaternium_43; hydroxyethylcellulose; limonia_acidissima_extract; niacinamide; pentylene_glycol; broussonetia_papyrifera_bark_extract; acetyl_glucosamine...,PARSED_STANDARD
P_155,Kem Chống Nắng Naris Cosmetics Dạng Gel Nâng Tone Da 80g,"Water, Ethylhexyl Methoxycinnamate, Alcohol, Silica, Butylene Glycol, Bis
-Ethylhexyloxyphenol Methoxyphenyl Triazine, Diethylamino Hydroxybenzoyl Hexyl Benzoate, Dimethicone, Glycerin, Vp/Eicosene Co...",ethylhexyl_methoxycinnamate; alcohol; silica; butylene_glycol; bis_ethylhexyloxyphenol_methoxyphenyl_triazine; diethylamino_hydroxybenzoyl_hexyl_benzoate; dimethicone; glycerin; vp/eicosene_copolymer; titanium_dioxide; magnesium_ascorbyl_phosphate; ascorbyl_tetraisopalmitate; trisodium_ascorbyl_isopalmitate_phosphate; arbutin; placental_protein...,UNCERTAIN|PARSED_STANDARD
P_249,"Serum Klairs Cấp Ẩm Cho Da Khô, Nhạy Cảm 80ml","Water, Sodium hyaluronate, Butylene glycol, Peg
-60 hydrogenated castor oil, Dimethyl sulfone, Betaine, Natto gum, Disodium edta, Centella asiatica extract, Glycyrrhiza glabra (licorice) root extract,...",sodium_hyaluronate; butylene_glycol; peg_60_hydrogenated_castor_oil; dimethyl_sulfone; betaine; natto_gum; disodium_edta; centella_asiatica_extract; glycyrrhiza_glabra_licorice_root_extract; carbomer; arginine; lysine_hcl; proline; sodium_ascorbyl_phosphate; acetyl_methionine...,PARSED_STANDARD|PRESERVED_COMPOUND
P_602,Serum Hada Labo Retinol B3 Ngừa Lão Hóa 30ml (Mới),"Hydrolyzed Collagen, Sodium Hyaluronate, Hydrolyzed Hyaluronic Acid, Sodium Acetylated Hyaluronate, Retinyl Palmitate, Water, Dipropylene Glycol, Glycerin, Dimethicone, Squalane, Triethylhexanoin, Pul...",hydrolyzed_collagen; sodium_hyaluronate; hydrolyzed_hyaluronic_acid; sodium_acetylated_hyaluronate; retinyl_palmitate; dipropylene_glycol; glycerin; dimethicone; squalane; triethylhexanoin; pullulan; hydrolyzed_soy_protein; beta_carotene; tocopheryl_acetate; tocopherol...,UNCERTAIN|PARSED_STANDARD|PRESERVED_COMPOUND|RESOLVED_NUMERIC_COMMA
P_392,Lotion Chấm Mụn Bye Bye Blemish Cho Da Mụn Thâm 30ml,"Water (Aqua, Eau), Zinc Oxide 10%, Sulfur, Salicylic Acid 2%, Melaleuca Alternifolia (Tea Tree) Leaf Oil, Camphor, Magnesium Aluminum Silicate, Chromium Oxide Greens (CI77288), Alcohol Denat. 2. Lotio...",water_aqua; eau; zinc_oxide_10; sulfur; salicylic_acid_2; melaleuca_alternifolia_tea_tree_leaf_oil; camphor; magnesium_aluminum_silicate; chromium_oxide_greens_ci77288; alcohol_denat._2._lotion_chấm_mụn_bye_bye_blemish_volcanic_ash_drying_cho_mụn_trắng; sưng_đỏ_30m_thành_phần_chính; lưu_huỳnh_sulfur_giảm_mẩn_đỏ; bha_2%:loại_bỏ_tế_bào_chết; dầu_thừa_trong_lỗ_chân_lông; zinc_oxide_10%:_làm_dịu...,UNCERTAIN|PARSED_STANDARD|RESOLVED_NUMERIC_COMMA
P_806,Serum Garnier Tăng Cường Sáng Da Mờ Thâm 30ml,"Aqua / Water,Glycerin, Alcohol, Dipropylene Glycol, Butylene Glycol, Peg/Ppg/Polybutylene Glycol
-8/5/3 Glycerin, Niacinamide, Hydroxyethylpiperazine Ethane Sulfonic Acid, Bis
-peg
-18 Methyl Ether Di...",glycerin; alcohol; dipropylene_glycol; butylene_glycol; peg/ppg/polybutylene_glycol_8/5/3_glycerin; niacinamide; hydroxyethylpiperazine_ethane_sulfonic_acid; bis_peg_18_methyl_ether_dimethyl_silane; 3_o_ethyl_ascorbic_acid; isononyl_isononanoate; bht; linalool; geraniol; fragrance; salicylic_acid...,UNCERTAIN|PARSED_STANDARD|PRESERVED_COMPOUND
P_2723,Sữa Rửa Mặt Elixir Tạo Bọt Ngừa Lão Hóa 145g,"Thành phần sản phẩm Water (Aqua), Stearic Acid,Peg
-8,･myristic Acid,Potassium Hydroxide,Glycerin,Lauric Acid,Alcohol,Butylene Glycol,Glyceryl Stearate Se,Polyquaternium
-7,Sodium Methyl Cocoyl Taurat...",thành_phần_sản_phẩm_water_aqua; stearic_acid; peg_8; myristic_acid; potassium_hydroxide; glycerin; lauric_acid; alcohol; butylene_glycol; glyceryl_stearate_se; polyquaternium_7; sodium_methyl_cocoyl_taurate; hydrolyzed_elastin; soluble_collagen; disodium_edta...,UNCERTAIN|PARSED_STANDARD
P_2206,Combo 2 Tinh Chất Cocoon Chiết Xuất Từ Nghệ Hưng Yên 30ml,"Aqua/Water, 3
-O
-Ethyl Ascorbic Acid, Caprylic/Capric/Succinic Triglyceride, Niacinamide, Potassium Azeloyl Diglycinate, Acetyl Glucosamine, Dimethyl Isosorbide, 1
-Methylhydantoin
-2
-Imide, Propane...",3_o_ethyl_ascorbic_acid; caprylic/capric/succinic_triglyceride; niacinamide; potassium_azeloyl_diglycinate; acetyl_glucosamine; dimethyl_isosorbide; 1_methylhydantoin_2_imide; propanediol; curcuma_longa_turmeric_root_oil; curcuma_longa_turmeric_root_extract; daucus_carota_sativa_carrot_root_extract; betaine; glycerin; hydroxyacetophenone; butylene_glycol...,PARSED_STANDARD|PRESERVED_COMPOUND
P_1743,Sữa Rửa Mặt Ducray Cho Da Nhờn Mụn 200ml,"Water (Aqua), Zinc Coceth Sulfate, Ceteareth
-60 Myristyl Glycol, Glycerin, Lauryl Betaine, Decyl Glucoside, Polysorbate 20, Trideceth
-9, Blue 1 (Ci 42090), Citric Acid, Fragrance (Perfume), Glyceryl...",water_aqua; zinc_coceth_sulfate; ceteareth_60_myristyl_glycol; glycerin; lauryl_betaine; decyl_glucoside; polysorbate_20; trideceth_9; blue_1_ci_42090; citric_acid; fragrance_perfume; glyceryl_laurate; myrtus_communis_leaf_extract; peg_40_hydrogenated_castor_oil; peg_5_ethylhexanoate...,PARSED_STANDARD
P_370,Gel Giảm Mụn Alcom Derma Forte Advanced 15g,"Water, T.azarotene, Ascorbic Acid (Vitamin C), Tocopherol (Vitamin E), Collagen, Ubiquinone (Coenzyme Q10), Carbomer, Squalane, Centella Asiatica Extract, Curcuma Longa Root Extract, Glycolic acid, So...",t.azarotene; ascorbic_acid_vitamin_c; tocopherol_vitamin_e; collagen; ubiquinone_coenzyme_q10; carbomer; squalane; centella_asiatica_extract; curcuma_longa_root_extract; glycolic_acid; sodium_hydroxide; edta; potassium_sorbate,UNCERTAIN|PARSED_STANDARD
P_1748,Kem Dưỡng Ẩm Cetaphil Làm Dịu Và Phục Hồi Chuyên Sâu 45ml,"Aqua (Water), Caprylic/Capric Triglyceride, Glycerin, Propanediol, Helianthus Annuus (Sunflower) Seed Oil, Pentylene Glycol, Dimethicone, Butyrospermum Parkii (Shea) Butter, Cetearyl Alcohol, Behenyl ...",aqua_water; caprylic/capric_triglyceride; glycerin; propanediol; helianthus_annuus_sunflower_seed_oil; pentylene_glycol; dimethicone; butyrospermum_parkii_shea_butter; cetearyl_alcohol; behenyl_alcohol; glyceryl_stearate; tocopheryl_acetate; cetyl_alcohol; niacinamide; glyceryl_stearate_citrate...,PARSED_STANDARD|PRESERVED_COMPOUND
P_675,Serum Senka Dưỡng Ẩm Chuyên Sâu Và Ngừa Lão Hóa 30ml,"Water (Aqua), Propanediol, Glycerin, Xylitol, Peg/Ppg
-14/7 Dimethyl Ether, Phenoxyethanol, Peg
-8, Bis
-Peg
-18 Methyl Ether Dimethyl Silane, Pentaerythrityl Tetraethylhexanoate, Hydrogenated Polydec...",water_aqua; propanediol; glycerin; xylitol; peg/ppg_14/7_dimethyl_ether; phenoxyethanol; peg_8; bis_peg_18_methyl_ether_dimethyl_silane; pentaerythrityl_tetraethylhexanoate; hydrogenated_polydecene; carbomer; trimethyl_pentaphenyl_trisiloxane; disodium_edta; chlorphenesin; behenyl_alcohol...,PARSED_STANDARD|PRESERVED_COMPOUND
P_5356,Gel Chống Nắng Bioré Màng Nước Dưỡng Ẩm Hương Hoa Mẫu Đơn 90ml,"Water, Alcohol, Ethylhexyl Methoxycinnamate, Lauryl Methacrylate/sodium Methacrylate Crosspolymer, Ethylhexyl Triazone, Dimethicone, C12
-15 Alkyl Benzoate, Titanium Dioxide (Nano), Diethylamino Hydro...",alcohol; ethylhexyl_methoxycinnamate; lauryl_methacrylate/sodium_methacrylate_crosspolymer; ethylhexyl_triazone; dimethicone; c12_15_alkyl_benzoate; titanium_dioxide; diethylamino_hydroxybenzoyl_hexyl_benzoate; bis_ethylhexyloxyphenol_methoxyphenyl_triazine; dimethicone/vinyl_dimethicone_crosspolymer; butylene_glycol; xylitol; dextrin_palmitate; dipropylene_glycol; hydrated_silica...,PARSED_STANDARD|PRESERVED_COMPOUND
P_4479,Combo 3 Sữa Chống Nắng Anessa Dưỡng Da Kiềm Dầu 60ml+20mlx2 (Bản Mới),"Dimethicone, Water (Aqua), Zinc Oxide, Alcohol, Diisopropyl Sebacate, Isododecane, Octocrylene, Ethylhexyl Salicylate, C12
-15 Alkyl Benzoate, Peg/Ppg
-9/2 Dimethyl Ether, Zea Mays (Corn) Starch, Talc...",dimethicone; water_aqua; zinc_oxide; alcohol; diisopropyl_sebacate; isododecane; octocrylene; ethylhexyl_salicylate; c12_15_alkyl_benzoate; peg/ppg_9/2_dimethyl_ether; zea_mays_corn_starch; talc; silica; isopropyl_myristate; diethylamino_hydroxybenzoyl_hexyl_benzoate...,PARSED_STANDARD|PRESERVED_COMPOUND
P_881,Sữa Rửa Mặt innisfree Kiểm Soát Nhờn Tro Núi Lửa & BHA 150g (Mới),"Purified Water, Glycerin, Myristic Acid, Lauric Acid, Potassium Hydroxide, Kaolin, Stearic Acid, Glyceryl Stearate, Lauryl Hydroxysultaine, Glycol Distearate, Palmitic Acid, Lauryl Glucoside, Polyquat...",purified_water; glycerin; myristic_acid; lauric_acid; potassium_hydroxide; kaolin; stearic_acid; glyceryl_stearate; lauryl_hydroxysultaine; glycol_distearate; palmitic_acid; lauryl_glucoside; polyquaternium_22; fragrance; salicylic_acid_5_000ppm...,RESOLVED_NUMERIC_COMMA|PARSED_STANDARD|UNCERTAIN
P_2169,Kem Chống Nắng BYS Hiệu Chỉnh Màu Da Tông Da Sáng 30ml,"Water/Aqua, Butyloctyl Salicylate, Octinoxate/Ethylhexyl Methoxycinnamate, Titanium Dioxide (Nano), Dimethicone, Cetyl Ethylhexanoate, Dicaprylyl Carbonate, Butylene Glycol, Cetyl Peg/Ppg
-10/1 Dimeth...",butyloctyl_salicylate; octinoxate/ethylhexyl_methoxycinnamate; titanium_dioxide; dimethicone; cetyl_ethylhexanoate; dicaprylyl_carbonate; butylene_glycol; cetyl_peg/ppg_10/1_dimethicone; zinc_oxide; methyl_trimethicone; glycerin; niacinamide; trimethylsiloxysilicate; magnesium_sulfate; lauryl_peg_10_tris_trimethylsiloxy_silylethyl_dimethicone...,UNCERTAIN|PARSED_STANDARD|PRESERVED_COMPOUND
P_121,Kem Rửa Mặt Hada Labo Sạch Sâu Dưỡng Ẩm 80g,"Water, Glycerin, Sodium Cocoyl Glycinate, Butylene Glycol, Cocamidopropyl Betaine, Hydroxypropyl Starch Phosphate, PEG
-20M, Lauryl Glucoside, Sodium Lauroyl Aspartate, Potassium Cocoyl Glycinate, Sod...",glycerin; sodium_cocoyl_glycinate; butylene_glycol; cocamidopropyl_betaine; hydroxypropyl_starch_phosphate; peg_20m; lauryl_glucoside; sodium_lauroyl_aspartate; potassium_cocoyl_glycinate; sodium_stearoyl_glutamate; sodium_acetylated_hyaluronate; hydrolyzed_hyaluronic_acid; hydroxypropyltrimonium_hyaluronate; cananga_odorata_ylang_ylang_flower_oil; polyquaternium_7...,PARSED_STANDARD
P_1576,[Mini] Gel Rửa Mặt Bioderma Dành Cho Da Dầu & Hỗn Hợp 100ml,"Aqua/Water/Eau, Sodium Cocoamphoacetate, Sodium Laureth Sulfate, Methylpropanediol, Disodium Edta, Mannitol, Xylitol, Rhamnose, Fructooligosaccharides, Zinc Sulfate, Copper Sulfate, Ginkgo Biloba Leaf...",sodium_cocoamphoacetate; sodium_laureth_sulfate; methylpropanediol; disodium_edta; mannitol; xylitol; rhamnose; fructooligosaccharides; zinc_sulfate; copper_sulfate; ginkgo_biloba_leaf_extract; peg_90_glyceryl_isostearate; lactic_acid; laureth_2; potassium_sorbate...,UNCERTAIN|PARSED_STANDARD
P_65,Kem Chống Nắng d'Alba Nâng Tông Sáng Hồng Tự Nhiên 50ml,"Water, C12
-15 Alkyl Benzoate, Titanium Dioxide, Benzotriazolyl Dodecyl p
-Cresol, Propanediol, Butyloctyl Salicylate, Caprylyl Methicone, 1,2
-Hexanediol, Polymethylsilsesquioxane, Aluminum Stearate,...",c12_15_alkyl_benzoate; titanium_dioxide; benzotriazolyl_dodecyl_p_cresol; propanediol; butyloctyl_salicylate; caprylyl_methicone; 1_2_hexanediol; polymethylsilsesquioxane; aluminum_stearate; polyhydroxystearic_acid; pentylene_glycol; melia_azadirachta_flower_extract; melia_azadirachta_leaf_extract; curcuma_longa_turmeric_root_extract; ocimum_sanctum_leaf_extract...,RESOLVED_NUMERIC_COMMA|PARSED_STANDARD|PRESERVED_COMPOUND|UNCERTAIN
P_1811,"Serum Bye Bye Blemish Phục Hồi Da, Se Khít Lỗ Chân Lông 30ml","Water (Aqua, Eau), Niacinamide 9,9%, Pentylene Glycol, Xanthan Gum, Saccharomyces/Zinc Ferment, PEG
-60 Almond Glycerides, Decylene Glycol, 1,2
-Hexanediol, Hydroxyacetophenone, Citric Acid, Phenoxyet...",water_aqua; eau; niacinamide_9_9; pentylene_glycol; xanthan_gum; saccharomyces/zinc_ferment; peg_60_almond_glycerides; decylene_glycol; 1_2_hexanediol; hydroxyacetophenone; citric_acid; phenoxyethanol,RESOLVED_NUMERIC_COMMA|PARSED_STANDARD|UNCERTAIN
P_1155,Kem Chống Nắng Cell Fusion C Nâng Tông Da Tuýp 10ml,"Water, Zinc Oxide (CI 77947), Propylheptylcaprylate, Titanium Dioxide (CI 77891), Butyloctyl Salicylate, Caprylyl Methicone, Dibutyl Adipate, Propanediol, Ethylhexyl Stearate, Niacinamide, Disiloxane,...",zinc_oxide_ci_77947; propylheptylcaprylate; titanium_dioxide_ci_77891; butyloctyl_salicylate; caprylyl_methicone; dibutyl_adipate; propanediol; ethylhexyl_stearate; niacinamide; disiloxane; polyglyceryl_4_diisostearate/polyhydroxystearate/sebacate; polymethylsilsesquioxane; triethoxycaprylylsilane; magnesium_sulfate; aluminum_hydroxide...,UNCERTAIN|PARSED_STANDARD|PRESERVED_COMPOUND|RESOLVED_NUMERIC_COMMA
P_796,Gel Rửa Mặt I'm from Từ Ngải Cứu Sạch Sâu Dịu Nhẹ 150ml,"Artemisia Princeps Extract, Water, Sodium C14
-16 Olefin Sulfonate, Lauryl Hydroxysultaine, Glycerin,1,2
-Hexanediol, Acrylates/C10
-30 Alkyl Acrylate Crosspolymer, Caprylyl Glycol, Sodium Methyl Coco...",artemisia_princeps_extract; sodium_c14_16_olefin_sulfonate; lauryl_hydroxysultaine; glycerin; 1_2_hexanediol; acrylates/c10_30_alkyl_acrylate_crosspolymer; caprylyl_glycol; sodium_methyl_cocoyl_taurate; sodium_chloride; tromethamine_0_3; hexadecene; tetradecene; sodium_sulfate; artemisia_vulgaris_oil; melia_azadirachta_leaf_extract...,RESOLVED_NUMERIC_COMMA|PARSED_STANDARD|PRESERVED_COMPOUND
P_6171,"Serum Timeless HA + Vitamin C Cấp Ẩm, Làm Sáng Da 30ml","Water, Magnesium Ascorbyl Phosphate (Vitamin C), Aloe Barbadensis, Glycerin, Hyaluronic Acid, Matrixyl 3000™, Benzylalcohol, Dehydroacetic Acid.",magnesium_ascorbyl_phosphate_vitamin_c; aloe_barbadensis; glycerin; hyaluronic_acid; matrixyl_3000; benzylalcohol; dehydroacetic_acid,PARSED_STANDARD
P_193,Combo 2 Kem Rửa Mặt Hada Labo Sạch Sâu Dưỡng Ẩm 80g,"Water, Glycerin, Sodium Cocoyl Glycinate, Butylene Glycol, Cocamidopropyl Betaine, Hydroxypropyl Starch Phosphate, PEG
-20M, Lauryl Glucoside, Sodium Lauroyl Aspartate, Potassium Cocoyl Glycinate, Sod...",glycerin; sodium_cocoyl_glycinate; butylene_glycol; cocamidopropyl_betaine; hydroxypropyl_starch_phosphate; peg_20m; lauryl_glucoside; sodium_lauroyl_aspartate; potassium_cocoyl_glycinate; sodium_stearoyl_glutamate; sodium_acetylated_hyaluronate; hydrolyzed_hyaluronic_acid; hydroxypropyltrimonium_hyaluronate; cananga_odorata_ylang_ylang_flower_oil; polyquaternium_7...,PARSED_STANDARD
P_189,Gel Chống Nắng Anessa Dưỡng Ẩm Bảo Vệ Hoàn Hảo 90g (Mới),"Water (Aqua), Alcohol, Dimethicone, Diisopropyl Sebacate, Octocrylene, Ethylhexyl Salicylate, Homosalate, Titanium Dioxide, C12
-15 Alkyl Benzoate, Glycerin, Bis
-Ethylhexyloxyphenol Methoxyphenyl Tri...",water_aqua; alcohol; dimethicone; diisopropyl_sebacate; octocrylene; ethylhexyl_salicylate; homosalate; titanium_dioxide; c12_15_alkyl_benzoate; glycerin; bis_ethylhexyloxyphenol_methoxyphenyl_triazine; diethylamino_hydroxybenzoyl_hexyl_benzoate; caprylyl_methicone; peg_60_hydrogenated_castor_oil; butylene_glycol...,UNCERTAIN|PARSED_STANDARD|PRESERVED_COMPOUND
P_3850,Gel Rửa Mặt Hada Labo Dưỡng Ẩm Cho Da Nhạy Cảm 80g,"Water, Disodium Cocoyl Glutamate, Laureth
-6 Carboxylic Acid, Cocamide DEA, Glycerin, Pentylene Glycol, Acrylates Copolymer, Coco
-Betaine, PEG
-150 Pentaerythrityl Tetrastearate, PPG
-2 Hydroxyethyl ...",disodium_cocoyl_glutamate; laureth_6_carboxylic_acid; cocamide_dea; glycerin; pentylene_glycol; acrylates_copolymer; coco_betaine; peg_150_pentaerythrityl_tetrastearate; ppg_2_hydroxyethyl_cocamide; sodium_hyaluronate_ha; hydrolyzed_sodium_hyaluronate_nano_ha; lactococcus/hyaluronic_acid_ferment_filtrate_fermented_ha; sodium_acetylated_hyaluronate_super_ha; panthenol; citric_acid...,UNCERTAIN|PARSED_STANDARD
P_3780,Kem Rửa Mặt & Mặt Nạ Acnes Ngăn Ngừa Mụn Đầu Đen 100g,"Thành phần sản phẩm Water, Kaolin, Propylene Glycol, Salicylic Acid, Glycerin, Glyceryl Stearate, Hydroxypropyl Starch Phosphate, Sodium Stearoyl Glutamate, Cetyl Alcohol, Potassium Laureth Phosphate,...",thành_phần_sản_phẩm_water; kaolin; propylene_glycol; salicylic_acid; glycerin; glyceryl_stearate; hydroxypropyl_starch_phosphate; sodium_stearoyl_glutamate; cetyl_alcohol; potassium_laureth_phosphate; behenyl_alcohol; magnesium_aspartate; zinc_gluconate; copper_gluconate; jojoba_esters...,UNCERTAIN|PARSED_STANDARD
P_110,Serum d'Alba Dạng Xịt 8 Loại Dầu Hoa Đỏ Cấp Ẩm Dịu Da 100ml,"Water, Isododecane, 1,2
-Hexanediol, Dipropylene Glycol, Glycereth
-26, Tuber Magnatum Extract, Butylene Glycol, Polypropylsilsesquioxane, Hydroxyethyl Urea, Lithospermum Erythrorhizon Root Extract, M...",isododecane; 1_2_hexanediol; dipropylene_glycol; glycereth_26; tuber_magnatum_extract; butylene_glycol; polypropylsilsesquioxane; hydroxyethyl_urea; lithospermum_erythrorhizon_root_extract; macadamia_ternifolia_seed_oil; betaine; persea_gratissima_avocado_oil; rosa_canina_fruit_oil; caprylic/capric_triglyceride; punica_granatum_fruit_extract...,RESOLVED_NUMERIC_COMMA|PARSED_STANDARD|PRESERVED_COMPOUND
P_2121,Sữa Rửa Mặt Naris Nature Dưỡng Sáng Da 100g,"Water, Dipropylene Glycol, Myristic Acid, Stearic Acid, Lauric Acid, Potassium Hydroxide, Palmitic Acid, Glycerin, Behenic Acid, Sorbitol, Potassium Laurate, Peg
-50 Hydrogenated Castor Oil, Ceteth
-1...",dipropylene_glycol; myristic_acid; stearic_acid; lauric_acid; potassium_hydroxide; palmitic_acid; glycerin; behenic_acid; sorbitol; potassium_laurate; peg_50_hydrogenated_castor_oil; ceteth_1; disodium_edta; rosa_canina_fruit_oil; lavandula_angustifolia_lavender_oil...,PARSED_STANDARD
P_742,Kem Dưỡng Ẩm Paula's Choice Dành Cho Da Mụn 60ml,"Water (Aqua), Ethyl Macadamiate (hydration), Glycerin (skin
-replenishing), Cetearyl Alcohol (texture enhancer), Propanediol (hydration), Triethylhexanoin (skin
-smoothing), Sodium Acrylates Copolymer...",water_aqua; ethyl_macadamiate_hydration; glycerin_skin_replenishing; cetearyl_alcohol_texture_enhancer; propanediol_hydration; triethylhexanoin_skin_smoothing; sodium_acrylates_copolymer_texture_enhancer; glyceryl_stearate; peg_100_stearate_thickeners; glycyrrhiza_glabra_licorice_root_extract_skin_soothing; hydrolyzed_pumpkin_seedcake_skin_replenishing; vaccinium_angustifolium_blueberry_fruit_extract_antioxidant; euterpe_oleracea_acai_fruit_extract_antioxidant; prunus_serotina_wild_cherry_fruit_extract_skin_soothing/antioxidant; niacinamide_skin_restoring...,UNCERTAIN|PARSED_STANDARD
P_1810,Sữa Rửa Mặt St.Ives Tẩy Tế Bào Chết Bơ & Mật Ong 170g,"Water (Aqua),Juglans Regia (Walnut) Shell Powder,Glycerin,Glyceryl Stearate Se,Cetearyl Alcohol,Cocamidopropyl Betaine,Sodium Lauryl Sulfoacetate,Cetyl Alcohol,Triethanolamine,Salicylic Acid,Cetyl Ace...",water_aqua; juglans_regia_walnut_shell_powder; glycerin; glyceryl_stearate_se; cetearyl_alcohol; cocamidopropyl_betaine; sodium_lauryl_sulfoacetate; cetyl_alcohol; triethanolamine; salicylic_acid; cetyl_acetate; blue_1_ci_42090_._2._sữa_rửa_mặt_st.ives_tẩy_tế_bào_chết_trái_mơ_ngừa_mụn_170g_thành_phần_chính; quả_mơ_chứa_carotenoids_có_hiệu_quả_chống_oxy_hóa_siêu_mạnh_và_cung_cấp_vitamin_dưỡng_da_mềm_mịn; ngăn_ngừa_lão_hóa_da; salicylic_acid_có_khả_năng_tẩy_tế_bào_chết...,UNCERTAIN|PARSED_STANDARD
P_66,"Serum oh!oh! Dưỡng Sáng Da, Giảm Thâm Nám 30ml","Water, Niacinamide, Propanediol, Dipropylene Glycol, Acetyl Glucosamine, Calcium Pantothenate, Sodium Ascorbyl Phosphate, Tocopheryl Acetate, Pyridoxine HCl, Maltodextrin, Sodium Starch Octenylsuccina...",niacinamide; propanediol; dipropylene_glycol; acetyl_glucosamine; calcium_pantothenate; sodium_ascorbyl_phosphate; tocopheryl_acetate; pyridoxine_hcl; maltodextrin; sodium_starch_octenylsuccinate; silica; lavandula_angustifolia_lavender_flower_extract; monarda_didyma_leaf_extract; mentha_piperita_peppermint_leaf_extract; freesia_refracta_extract...,RESOLVED_NUMERIC_COMMA|PARSED_STANDARD
P_2079,Essence Chống Nắng Bioré Màng Nước Dưỡng Ẩm Da 50g,"Water, Methoxycinnamate Ethylhexyl, Ethanol, (Lauryl Metacrylat / Metacrylic Axit Na) Cross Polymer, Alkyl Axit Benzoic (C12
-15), Bis Ethylhexyl Metoxyphenyl Triazin, Diethylamino Hydroxybenzoyl Hexy...",methoxycinnamate_ethylhexyl; ethanol; lauryl_metacrylat; metacrylic_axit_na_cross_polymer; alkyl_axit_benzoic_c12_15; bis_ethylhexyl_metoxyphenyl_triazin; diethylamino_hydroxybenzoyl_hexyl_benzoate; ethylhexyl_triazone; dimethicone; xylitol; trisiloxane; acrylates; alkyl_acrylate_c10_30_crosspolymer; acid_palmitic_dextrin; glyceryl_stearate...,UNCERTAIN|PARSED_STANDARD
P_322,Combo 2 Sữa Rửa Mặt Simple Dưỡng Ẩm Cho Da Dạng Gel 150ml,"Aqua, Cocamidopropyl Betaine, Propylene Glycol, Hydroxypropyl Methylcellulose, Panthenol, Disodium EDTA, Hydroxypropyl Cyclodextrin, Iodopropynyl Butylcarbamate, Pantolactone, Phenoxyethanol, Sodium B...",cocamidopropyl_betaine; propylene_glycol; hydroxypropyl_methylcellulose; panthenol; disodium_edta; hydroxypropyl_cyclodextrin; iodopropynyl_butylcarbamate; pantolactone; phenoxyethanol; sodium_benzoate; sodium_chloride; sodium_hydroxide; tocopheryl_acetate._2._sữa_rửa_mặt_simple_dưỡng_ẩm_cho_da_khỏe_và_mịn_màng_moisturising_facial_wash_thành_phần_chính; x2_vitamin_b5:_cấp_ẩm_cho_da; vitamin_e:_giúp_ngăn_ngừa_lão_hoá...,UNCERTAIN|PARSED_STANDARD|PRESERVED_COMPOUND
P_83,Kem Dưỡng CeraVe Cho Da Khô Đến Rất Khô 340g,"Aqua / Water, Glycerin, Cetearyl Alcohol, Caprylic/Capric Triglyceride, Cetyl Alcohol, Ceteareth
-20, Petrolatum, Dimethicone, Phenoxyethanol, Behentrimonium Methosulfate, Potassium Phosphate, Ethylhe...",glycerin; cetearyl_alcohol; caprylic/capric_triglyceride; cetyl_alcohol; ceteareth_20; petrolatum; dimethicone; phenoxyethanol; behentrimonium_methosulfate; potassium_phosphate; ethylhexylglycerin; sodium_lauroyl_lactylate; disodium_edta; dipotassium_phosphate; ceramide_np...,UNCERTAIN|PARSED_STANDARD|PRESERVED_COMPOUND
P_1635,Serum Abib Viên Nang Diếp Cá Làm Dịu Da 50ml,"Water, 1,2
-Hexanediol, Niacinamide, Propanediol, Dipropylene Glycol, Butylene Glycol, Glycerin, Betaine, Diethoxyethyl Succinate, Houttuynia Cordata Extract, Caprylic/Capric Triglyceride, Isononyl Is...",1_2_hexanediol; niacinamide; propanediol; dipropylene_glycol; butylene_glycol; glycerin; betaine; diethoxyethyl_succinate; houttuynia_cordata_extract; caprylic/capric_triglyceride; isononyl_isononanoate; chondrus_crispus_extract; panthenol; glucose; chlorella_vulgaris_extract...,RESOLVED_NUMERIC_COMMA|PARSED_STANDARD|PRESERVED_COMPOUND|UNCERTAIN
P_22,Serum d'Alba Dạng Xịt Nấm Truffle Trắng Căng Bóng Da 100ml,"Water, Dipropylene Glycol, Neopentyl Glycol Diheptanoate, 1,2
-Hexanediol, Niacinamide, Sorbitol, Hydroxyethyl Urea, Persea Gratissima (Avocado) Oil, Salvia Hispanica Seed Extract, Ocimum Basilicum (B...",dipropylene_glycol; neopentyl_glycol_diheptanoate; 1_2_hexanediol; niacinamide; sorbitol; hydroxyethyl_urea; persea_gratissima_avocado_oil; salvia_hispanica_seed_extract; ocimum_basilicum_basil_flower/leaf/stem_extract; betaine; avena_sativa_oat_kernel_extract; butylene_glycol; tuber_magnatum_extract; glycerin; helianthus_annuus_sunflower_seed_oil...,RESOLVED_NUMERIC_COMMA|PARSED_STANDARD|PRESERVED_COMPOUND
P_1023,"Serum Olay Retinol24 Ngừa Lão Hóa, Tái Tạo Da Ban Đêm 30ml","Water, Glycerin, Niacinamide, Dimethicone, Lactic Acid, Polyacrylate Crosspolymer
-6, Sodium Lactate, Panthenol, 3
-O
-Ethyl Ascorbic Acid, Peg
-11 Methyl Ether Dimethicone, Sodium Benzoate, Fragrance...",glycerin; niacinamide; dimethicone; lactic_acid; polyacrylate_crosspolymer_6; sodium_lactate; panthenol; 3_o_ethyl_ascorbic_acid; peg_11_methyl_ether_dimethicone; sodium_benzoate; fragrance; t_butyl_alcohol; trehalose; palmitoyl_pentapeptide_4_2._serum_olay_dưỡng_sáng_da; mờ_thâm_mụn_30ml_thành_phần_chính...,UNCERTAIN|PARSED_STANDARD
P_192,Tinh Chất Chống Nắng Sunplay Hiệu Chỉnh Sắc Da 50g (Tím),"hyaluronic acid, vitamin c, pearl powder. bảng thành phần, peg, 18 methyl ether dimethyl silane, acrylates copolymer, polyglyceryl, 2 triisostearate, acrylates/c10, 30 alkyl acrylate crosspolymer, pol...",hyaluronic_acid; vitamin_c; pearl_powder._bảng_thành_phần; peg; 18_methyl_ether_dimethyl_silane; acrylates_copolymer; polyglyceryl; 2_triisostearate; acrylates/c10; 30_alkyl_acrylate_crosspolymer; polystyrene; glycol_dimethacrylate_crosspolymer; silica; alumina; synthetic_fluorphlogopite...,UNCERTAIN|PARSED_STANDARD|PRESERVED_COMPOUND
P_5027,Kem Dưỡng Elixir Retinol Hỗ Trợ Giảm Nếp Nhăn 15g,"Thành phần sản phẩm Water (Aqua),Pentaerythrityl Tetraethylhexanoate,Butylene Glycol,Glycerin,Dipropylene Glycol,Alcohol,Peg
-20,Dimethicone,Bis
-Diglyceryl Polyacyladipate
-2,Ricinus Communis (Castor...",thành_phần_sản_phẩm_water_aqua; pentaerythrityl_tetraethylhexanoate; butylene_glycol; glycerin; dipropylene_glycol; alcohol; peg_20; dimethicone; bis_diglyceryl_polyacyladipate_2; ricinus_communis_castor_seed_oil; peg_60_hydrogenated_castor_oil; tocopheryl_acetate; hydroxyethylcellulose; inositol; sapindus_mukorossi_peel_extract...,UNCERTAIN|PARSED_STANDARD|PRESERVED_COMPOUND
P_1164,"Kem Dưỡng Tia'm Kiềm Dầu, Se Khít Lỗ Chân Lông 60ml","Water, Butylene Glycol, Niacinamide, Dimethicone, Glycerin, Salix Alba (Willow) Bark Water, Cetearyl Alcohol, 1,2
-Hexanediol, Cetearyl Olivate, Betaine, Hydroxyethyl Acrylate/Sodium Acryloyldimethyl ...",butylene_glycol; niacinamide; dimethicone; glycerin; salix_alba_willow_bark_water; cetearyl_alcohol; 1_2_hexanediol; cetearyl_olivate; betaine; hydroxyethyl_acrylate/sodium_acryloyldimethyl_taurate_copolymer; sorbitan_olivate; zinc_oxide; ethylhexylglycerin; zinc_pca; panthenol...,RESOLVED_NUMERIC_COMMA|PARSED_STANDARD|PRESERVED_COMPOUND
P_5030,Kem Chống Nắng Hyaestic SF64 Bảo Vệ Tối Đa 50ml,"Aqua(Water), Ethylhexyl Methoxycinnamate, Butylene Glycol, Propylene Glycol, Polymethyl Methacrylate, Ethylhexyl Salicylate, Octocrylene, Butyl Methoxydibenzoylmethane, Bis
-Ethylhexyloxyphenol Methox...",aqua_water; ethylhexyl_methoxycinnamate; butylene_glycol; propylene_glycol; polymethyl_methacrylate; ethylhexyl_salicylate; octocrylene; butyl_methoxydibenzoylmethane; bis_ethylhexyloxyphenol_methoxyphenyl_triazine; dimethicone; titanium_dioxide; silica; aluminum_starch_octenylsuccinate; linoleic_acid; c20_22_alkyl_phosphate...,PARSED_STANDARD|PRESERVED_COMPOUND
P_49,Kem Chống Nắng d'Alba Nâng Tông Tím Hiệu Chỉnh Sắc Da 50ml,"Water, C12
-15 Alkyl Benzoate, Titanium Dioxide, Benzotriazolyl Dodecyl p
-Cresol, Propanediol, Butyloctyl Salicylate, Caprylyl Methicone, 1,2
-Hexanediol, Polymethylsilsesquioxane, Aluminum Stearate,...",c12_15_alkyl_benzoate; titanium_dioxide; benzotriazolyl_dodecyl_p_cresol; propanediol; butyloctyl_salicylate; caprylyl_methicone; 1_2_hexanediol; polymethylsilsesquioxane; aluminum_stearate; polyhydroxystearic_acid; pentylene_glycol; melia_azadirachta_flower_extract; melia_azadirachta_leaf_extract; curcuma_longa_turmeric_root_extract; ocimum_sanctum_leaf_extract...,RESOLVED_NUMERIC_COMMA|PARSED_STANDARD|PRESERVED_COMPOUND|UNCERTAIN
P_860,Kem Chống Nắng d'Alba Nâng Tông Cân Bằng Sắc Da Đỏ 50ml,"Water, C12
-15 Alkyl Benzoate, Titanium Dioxide, Benzotriazolyl Dodecyl p
-Cresol, Propanediol, Butyloctyl Salicylate, Caprylyl Methicone, 1,2
-Hexanediol, Polymethylsilsesquioxane, Aluminum Stearate,...",c12_15_alkyl_benzoate; titanium_dioxide; benzotriazolyl_dodecyl_p_cresol; propanediol; butyloctyl_salicylate; caprylyl_methicone; 1_2_hexanediol; polymethylsilsesquioxane; aluminum_stearate; polyhydroxystearic_acid; pentylene_glycol; melia_azadirachta_flower_extract; melia_azadirachta_leaf_extract; curcuma_longa_turmeric_root_extract; ocimum_sanctum_leaf_extract...,RESOLVED_NUMERIC_COMMA|PARSED_STANDARD|PRESERVED_COMPOUND|UNCERTAIN
P_1043,Kem Chống Nắng d'Alba Vật Lý Dịu Nhẹ Cho Da Nhạy Cảm 50ml,"Water, C12
-15 Alkyl Benzoate, Titanium Dioxide, Benzotriazolyl Dodecyl p
-Cresol, Propanediol, Butyloctyl Salicylate, Caprylyl Methicone, 1,2
-Hexanediol, Polymethylsilsesquioxane, Aluminum Stearate,...",c12_15_alkyl_benzoate; titanium_dioxide; benzotriazolyl_dodecyl_p_cresol; propanediol; butyloctyl_salicylate; caprylyl_methicone; 1_2_hexanediol; polymethylsilsesquioxane; aluminum_stearate; polyhydroxystearic_acid; pentylene_glycol; melia_azadirachta_flower_extract; melia_azadirachta_leaf_extract; curcuma_longa_turmeric_root_extract; ocimum_sanctum_leaf_extract...,RESOLVED_NUMERIC_COMMA|PARSED_STANDARD|PRESERVED_COMPOUND|UNCERTAIN
P_1048,Kem Chống Nắng Dermablock Phổ Rộng Nâng Tông Sáng Hồng 35ml,"Nước tinh khiết, Cyclopentasiloxane, Zin C Oxide, Homosalate, Butyl Octyl Salicylate, Propanediol, Ethylhexyl Salicylate, Titanium Dioxide, Lauryl PEG
-10 Tris (Trimethylsiloxy) Silylethyl Dimethicone...",nước_tinh_khiết; cyclopentasiloxane; zin_c_oxide; homosalate; butyl_octyl_salicylate; propanediol; ethylhexyl_salicylate; titanium_dioxide; lauryl_peg_10_tris_trimethylsiloxy_silylethyl_dimethicone; niacinamide_vitamin_b3; coco_caprylate/caprate; disteardimonium_hectorite; magnesium_sulfate; phenyl_trimethicone; 1_2_hexanediol...,UNCERTAIN|PARSED_STANDARD|PRESERVED_COMPOUND|RESOLVED_NUMERIC_COMMA
P_1449,Kem Chống Nắng Dermablock Che Khuyết Điểm 2 Trong 1 35ml,"Nước tinh khiết, Cyclopentasiloxane, Zin C Oxide, Homosalate, Butyl Octyl Salicylate, Propanediol, Ethylhexyl Salicylate, Titanium Dioxide, Lauryl PEG
-10 Tris (Trimethylsiloxy) Silylethyl Dimethicone...",nước_tinh_khiết; cyclopentasiloxane; zin_c_oxide; homosalate; butyl_octyl_salicylate; propanediol; ethylhexyl_salicylate; titanium_dioxide; lauryl_peg_10_tris_trimethylsiloxy_silylethyl_dimethicone; niacinamide_vitamin_b3; coco_caprylate/caprate; disteardimonium_hectorite; magnesium_sulfate; phenyl_trimethicone; 1_2_hexanediol...,UNCERTAIN|PARSED_STANDARD|PRESERVED_COMPOUND|RESOLVED_NUMERIC_COMMA
P_3378,Kem Chống Nắng Dermablock Phổ Rộng Mỏng Nhẹ Vô Hình 35ml,"Nước tinh khiết, Cyclopentasiloxane, Zin C Oxide, Homosalate, Butyl Octyl Salicylate, Propanediol, Ethylhexyl Salicylate, Titanium Dioxide, Lauryl PEG
-10 Tris (Trimethylsiloxy) Silylethyl Dimethicone...",nước_tinh_khiết; cyclopentasiloxane; zin_c_oxide; homosalate; butyl_octyl_salicylate; propanediol; ethylhexyl_salicylate; titanium_dioxide; lauryl_peg_10_tris_trimethylsiloxy_silylethyl_dimethicone; niacinamide_vitamin_b3; coco_caprylate/caprate; disteardimonium_hectorite; magnesium_sulfate; phenyl_trimethicone; 1_2_hexanediol...,UNCERTAIN|PARSED_STANDARD|PRESERVED_COMPOUND|RESOLVED_NUMERIC_COMMA
P_151,"Kem Dưỡng Hada Labo Sáng Da Chuyên Sâu, Giảm Thâm Sạm 50g","Water, Diglycerin, Dipropylene Glycol, Glycerin, Pentylene Glycol, Squalane, Tranexamic Acid, Caprylic/Capric Triglyceride, Carbomer, PEG
-20 Sorbitan Isostearate, Glyceryl Stearate, Limnanthes Alba S...",diglycerin; dipropylene_glycol; glycerin; pentylene_glycol; squalane; tranexamic_acid; caprylic/capric_triglyceride; carbomer; peg_20_sorbitan_isostearate; glyceryl_stearate; limnanthes_alba_seed_oil; phytosteryl/octyldodecyl_lauroyl_glutamate; sodium_hyaluronate_ha; hydrolyzed_hyaluronic_acid_nano_ha; tocopherol...,UNCERTAIN|PARSED_STANDARD|PRESERVED_COMPOUND|RESOLVED_NUMERIC_COMMA
P_215,Kem Dưỡng Hada Labo Chuyên Biệt Cải Thiện Da Lão Hóa 50g,"Water, Diglycerin, Dipropylene Glycol, Glycerin, Pentylene Glycol, Squalane, Tranexamic Acid, Caprylic/Capric Triglyceride, Carbomer, PEG
-20 Sorbitan Isostearate, Glyceryl Stearate, Limnanthes Alba S...",diglycerin; dipropylene_glycol; glycerin; pentylene_glycol; squalane; tranexamic_acid; caprylic/capric_triglyceride; carbomer; peg_20_sorbitan_isostearate; glyceryl_stearate; limnanthes_alba_seed_oil; phytosteryl/octyldodecyl_lauroyl_glutamate; sodium_hyaluronate_ha; hydrolyzed_hyaluronic_acid_nano_ha; tocopherol...,UNCERTAIN|PARSED_STANDARD|PRESERVED_COMPOUND|RESOLVED_NUMERIC_COMMA
P_318,Kem Dưỡng Ẩm Hada Labo Tối Ưu Cho Mọi Loại Da 50g,"Water, Diglycerin, Dipropylene Glycol, Glycerin, Pentylene Glycol, Squalane, Tranexamic Acid, Caprylic/Capric Triglyceride, Carbomer, PEG
-20 Sorbitan Isostearate, Glyceryl Stearate, Limnanthes Alba S...",diglycerin; dipropylene_glycol; glycerin; pentylene_glycol; squalane; tranexamic_acid; caprylic/capric_triglyceride; carbomer; peg_20_sorbitan_isostearate; glyceryl_stearate; limnanthes_alba_seed_oil; phytosteryl/octyldodecyl_lauroyl_glutamate; sodium_hyaluronate_ha; hydrolyzed_hyaluronic_acid_nano_ha; tocopherol...,UNCERTAIN|PARSED_STANDARD|PRESERVED_COMPOUND|RESOLVED_NUMERIC_COMMA
P_428,"Gel Dưỡng Hada Labo Sáng Da Chuyên Sâu, Giảm Thâm Sạm 50g","Water, Diglycerin, Dipropylene Glycol, Glycerin, Pentylene Glycol, Squalane, Tranexamic Acid, Caprylic/Capric Triglyceride, Carbomer, PEG
-20 Sorbitan Isostearate, Glyceryl Stearate, Limnanthes Alba S...",diglycerin; dipropylene_glycol; glycerin; pentylene_glycol; squalane; tranexamic_acid; caprylic/capric_triglyceride; carbomer; peg_20_sorbitan_isostearate; glyceryl_stearate; limnanthes_alba_seed_oil; phytosteryl/octyldodecyl_lauroyl_glutamate; sodium_hyaluronate_ha; hydrolyzed_hyaluronic_acid_nano_ha; tocopherol...,UNCERTAIN|PARSED_STANDARD|PRESERVED_COMPOUND|RESOLVED_NUMERIC_COMMA
P_672,Sữa Rửa Mặt St.Ives Tẩy Tế Bào Chết Trà Xanh & Than Tre 170g,"Water (Aqua),Juglans Regia (Walnut) Shell Powder,Glycerin,Glyceryl Stearate Se,Cetearyl Alcohol,Cocamidopropyl Betaine,Sodium Lauryl Sulfoacetate,Cetyl Alcohol,Triethanolamine,Salicylic Acid,Cetyl Ace...",water_aqua; juglans_regia_walnut_shell_powder; glycerin; glyceryl_stearate_se; cetearyl_alcohol; cocamidopropyl_betaine; sodium_lauryl_sulfoacetate; cetyl_alcohol; triethanolamine; salicylic_acid; cetyl_acetate; blue_1_ci_42090_._2._sữa_rửa_mặt_st.ives_tẩy_tế_bào_chết_trái_mơ_ngừa_mụn_170g_thành_phần_chính; quả_mơ_chứa_carotenoids_có_hiệu_quả_chống_oxy_hóa_siêu_mạnh_và_cung_cấp_vitamin_dưỡng_da_mềm_mịn; ngăn_ngừa_lão_hóa_da; salicylic_acid_có_khả_năng_tẩy_tế_bào_chết...,UNCERTAIN|PARSED_STANDARD
P_1106,Sữa Rửa Mặt St.Ives Tẩy Tế Bào Chết Trái Mơ Ngừa Mụn 170g,"Water (Aqua),Juglans Regia (Walnut) Shell Powder,Glycerin,Glyceryl Stearate Se,Cetearyl Alcohol,Cocamidopropyl Betaine,Sodium Lauryl Sulfoacetate,Cetyl Alcohol,Triethanolamine,Salicylic Acid,Cetyl Ace...",water_aqua; juglans_regia_walnut_shell_powder; glycerin; glyceryl_stearate_se; cetearyl_alcohol; cocamidopropyl_betaine; sodium_lauryl_sulfoacetate; cetyl_alcohol; triethanolamine; salicylic_acid; cetyl_acetate; blue_1_ci_42090_._2._sữa_rửa_mặt_st.ives_tẩy_tế_bào_chết_trái_mơ_ngừa_mụn_170g_thành_phần_chính; quả_mơ_chứa_carotenoids_có_hiệu_quả_chống_oxy_hóa_siêu_mạnh_và_cung_cấp_vitamin_dưỡng_da_mềm_mịn; ngăn_ngừa_lão_hóa_da; salicylic_acid_có_khả_năng_tẩy_tế_bào_chết...,UNCERTAIN|PARSED_STANDARD
P_1465,Sữa Rửa Mặt St.Ives Tẩy Tế Bào Chết Cà Phê & Dừa 170g,"Water (Aqua),Juglans Regia (Walnut) Shell Powder,Glycerin,Glyceryl Stearate Se,Cetearyl Alcohol,Cocamidopropyl Betaine,Sodium Lauryl Sulfoacetate,Cetyl Alcohol,Triethanolamine,Salicylic Acid,Cetyl Ace...",water_aqua; juglans_regia_walnut_shell_powder; glycerin; glyceryl_stearate_se; cetearyl_alcohol; cocamidopropyl_betaine; sodium_lauryl_sulfoacetate; cetyl_alcohol; triethanolamine; salicylic_acid; cetyl_acetate; blue_1_ci_42090_._2._sữa_rửa_mặt_st.ives_tẩy_tế_bào_chết_trái_mơ_ngừa_mụn_170g_thành_phần_chính; quả_mơ_chứa_carotenoids_có_hiệu_quả_chống_oxy_hóa_siêu_mạnh_và_cung_cấp_vitamin_dưỡng_da_mềm_mịn; ngăn_ngừa_lão_hóa_da; salicylic_acid_có_khả_năng_tẩy_tế_bào_chết...,UNCERTAIN|PARSED_STANDARD
P_1618,Sữa Rửa Mặt St.Ives Tẩy Tế Bào Chết Hoa Hồng & Lô Hội 170g,"Water (Aqua),Juglans Regia (Walnut) Shell Powder,Glycerin,Glyceryl Stearate Se,Cetearyl Alcohol,Cocamidopropyl Betaine,Sodium Lauryl Sulfoacetate,Cetyl Alcohol,Triethanolamine,Salicylic Acid,Cetyl Ace...",water_aqua; juglans_regia_walnut_shell_powder; glycerin; glyceryl_stearate_se; cetearyl_alcohol; cocamidopropyl_betaine; sodium_lauryl_sulfoacetate; cetyl_alcohol; triethanolamine; salicylic_acid; cetyl_acetate; blue_1_ci_42090_._2._sữa_rửa_mặt_st.ives_tẩy_tế_bào_chết_trái_mơ_ngừa_mụn_170g_thành_phần_chính; quả_mơ_chứa_carotenoids_có_hiệu_quả_chống_oxy_hóa_siêu_mạnh_và_cung_cấp_vitamin_dưỡng_da_mềm_mịn; ngăn_ngừa_lão_hóa_da; salicylic_acid_có_khả_năng_tẩy_tế_bào_chết...,UNCERTAIN|PARSED_STANDARD
P_1884,Sữa Rửa Mặt St.Ives Tẩy Tế Bào Chết Trái Mơ Tươi Mát 170g,"Water (Aqua),Juglans Regia (Walnut) Shell Powder,Glycerin,Glyceryl Stearate Se,Cetearyl Alcohol,Cocamidopropyl Betaine,Sodium Lauryl Sulfoacetate,Cetyl Alcohol,Triethanolamine,Salicylic Acid,Cetyl Ace...",water_aqua; juglans_regia_walnut_shell_powder; glycerin; glyceryl_stearate_se; cetearyl_alcohol; cocamidopropyl_betaine; sodium_lauryl_sulfoacetate; cetyl_alcohol; triethanolamine; salicylic_acid; cetyl_acetate; blue_1_ci_42090_._2._sữa_rửa_mặt_st.ives_tẩy_tế_bào_chết_trái_mơ_ngừa_mụn_170g_thành_phần_chính; quả_mơ_chứa_carotenoids_có_hiệu_quả_chống_oxy_hóa_siêu_mạnh_và_cung_cấp_vitamin_dưỡng_da_mềm_mịn; ngăn_ngừa_lão_hóa_da; salicylic_acid_có_khả_năng_tẩy_tế_bào_chết...,UNCERTAIN|PARSED_STANDARD
P_293,Sữa Chống Nắng Sunplay Hiệu Chỉnh Sắc Da 50g (Tím),"hyaluronic acid, vitamin c, vitamin b3, pearl powder. bảng thành phần, 9 polydimethylsiloxyethyl dimethicone, silica, dimethicone, polymethylsilsesquioxane, niacinamide, titanium dioxide, hydrated sil...",hyaluronic_acid; vitamin_c; vitamin_b3; pearl_powder._bảng_thành_phần; 9_polydimethylsiloxyethyl_dimethicone; silica; dimethicone; polymethylsilsesquioxane; niacinamide; titanium_dioxide; hydrated_silica; simmondsia_chinensis_jojoba_seed_oil; phenyl_methicone; triethylhexyl_trimellitate; glycol_dimethacrylate_crosspolymer...,UNCERTAIN|PARSED_STANDARD|PRESERVED_COMPOUND
P_725,Sữa Chống Nắng Sunplay Hiệu Chỉnh Sắc Da 50g (Xanh Dương),"hyaluronic acid, vitamin c, vitamin b3, pearl powder. bảng thành phần, 9 polydimethylsiloxyethyl dimethicone, silica, dimethicone, polymethylsilsesquioxane, niacinamide, titanium dioxide, hydrated sil...",hyaluronic_acid; vitamin_c; vitamin_b3; pearl_powder._bảng_thành_phần; 9_polydimethylsiloxyethyl_dimethicone; silica; dimethicone; polymethylsilsesquioxane; niacinamide; titanium_dioxide; hydrated_silica; simmondsia_chinensis_jojoba_seed_oil; phenyl_methicone; triethylhexyl_trimellitate; glycol_dimethacrylate_crosspolymer...,UNCERTAIN|PARSED_STANDARD|PRESERVED_COMPOUND
P_1115,Sữa Chống Nắng Sunplay Hiệu Chỉnh Sắc Da 50g (Xanh),"hyaluronic acid, vitamin c, vitamin b3, pearl powder. bảng thành phần, 9 polydimethylsiloxyethyl dimethicone, silica, dimethicone, polymethylsilsesquioxane, niacinamide, titanium dioxide, hydrated sil...",hyaluronic_acid; vitamin_c; vitamin_b3; pearl_powder._bảng_thành_phần; 9_polydimethylsiloxyethyl_dimethicone; silica; dimethicone; polymethylsilsesquioxane; niacinamide; titanium_dioxide; hydrated_silica; simmondsia_chinensis_jojoba_seed_oil; phenyl_methicone; triethylhexyl_trimellitate; glycol_dimethacrylate_crosspolymer...,UNCERTAIN|PARSED_STANDARD|PRESERVED_COMPOUND
P_1786,Sữa Chống Nắng Sunplay Hiệu Chỉnh Sắc Da 50g (Hồng),"hyaluronic acid, vitamin c, vitamin b3, pearl powder. bảng thành phần, 9 polydimethylsiloxyethyl dimethicone, silica, dimethicone, polymethylsilsesquioxane, niacinamide, titanium dioxide, hydrated sil...",hyaluronic_acid; vitamin_c; vitamin_b3; pearl_powder._bảng_thành_phần; 9_polydimethylsiloxyethyl_dimethicone; silica; dimethicone; polymethylsilsesquioxane; niacinamide; titanium_dioxide; hydrated_silica; simmondsia_chinensis_jojoba_seed_oil; phenyl_methicone; triethylhexyl_trimellitate; glycol_dimethacrylate_crosspolymer...,UNCERTAIN|PARSED_STANDARD|PRESERVED_COMPOUND
P_2478,Sữa Chống Nắng Sunplay Hiệu Chỉnh Sắc Da 50g (Cam),"hyaluronic acid, vitamin c, vitamin b3, pearl powder. bảng thành phần, 9 polydimethylsiloxyethyl dimethicone, silica, dimethicone, polymethylsilsesquioxane, niacinamide, titanium dioxide, hydrated sil...",hyaluronic_acid; vitamin_c; vitamin_b3; pearl_powder._bảng_thành_phần; 9_polydimethylsiloxyethyl_dimethicone; silica; dimethicone; polymethylsilsesquioxane; niacinamide; titanium_dioxide; hydrated_silica; simmondsia_chinensis_jojoba_seed_oil; phenyl_methicone; triethylhexyl_trimellitate; glycol_dimethacrylate_crosspolymer...,UNCERTAIN|PARSED_STANDARD|PRESERVED_COMPOUND
P_2877,Combo 2 Sữa Chống Nắng Sunplay Hiệu Chỉnh Sắc Da 50g (Xanh Dương),"hyaluronic acid, vitamin c, vitamin b3, pearl powder. bảng thành phần, 9 polydimethylsiloxyethyl dimethicone, silica, dimethicone, polymethylsilsesquioxane, niacinamide, titanium dioxide, hydrated sil...",hyaluronic_acid; vitamin_c; vitamin_b3; pearl_powder._bảng_thành_phần; 9_polydimethylsiloxyethyl_dimethicone; silica; dimethicone; polymethylsilsesquioxane; niacinamide; titanium_dioxide; hydrated_silica; simmondsia_chinensis_jojoba_seed_oil; phenyl_methicone; triethylhexyl_trimellitate; glycol_dimethacrylate_crosspolymer...,UNCERTAIN|PARSED_STANDARD|PRESERVED_COMPOUND
P_3772,Combo 2 Sữa Chống Nắng Sunplay Hiệu Chỉnh Sắc Da 50g (Tím),"hyaluronic acid, vitamin c, vitamin b3, pearl powder. bảng thành phần, 9 polydimethylsiloxyethyl dimethicone, silica, dimethicone, polymethylsilsesquioxane, niacinamide, titanium dioxide, hydrated sil...",hyaluronic_acid; vitamin_c; vitamin_b3; pearl_powder._bảng_thành_phần; 9_polydimethylsiloxyethyl_dimethicone; silica; dimethicone; polymethylsilsesquioxane; niacinamide; titanium_dioxide; hydrated_silica; simmondsia_chinensis_jojoba_seed_oil; phenyl_methicone; triethylhexyl_trimellitate; glycol_dimethacrylate_crosspolymer...,UNCERTAIN|PARSED_STANDARD|PRESERVED_COMPOUND
P_4867,Combo 2 Sữa Chống Nắng Sunplay Hiệu Chỉnh Sắc Da 50g (Hồng),"hyaluronic acid, vitamin c, vitamin b3, pearl powder. bảng thành phần, 9 polydimethylsiloxyethyl dimethicone, silica, dimethicone, polymethylsilsesquioxane, niacinamide, titanium dioxide, hydrated sil...",hyaluronic_acid; vitamin_c; vitamin_b3; pearl_powder._bảng_thành_phần; 9_polydimethylsiloxyethyl_dimethicone; silica; dimethicone; polymethylsilsesquioxane; niacinamide; titanium_dioxide; hydrated_silica; simmondsia_chinensis_jojoba_seed_oil; phenyl_methicone; triethylhexyl_trimellitate; glycol_dimethacrylate_crosspolymer...,UNCERTAIN|PARSED_STANDARD|PRESERVED_COMPOUND
P_5514,Combo 2 Sữa Chống Nắng Sunplay Hiệu Chỉnh Sắc Da 50g (Cam),"hyaluronic acid, vitamin c, vitamin b3, pearl powder. bảng thành phần, 9 polydimethylsiloxyethyl dimethicone, silica, dimethicone, polymethylsilsesquioxane, niacinamide, titanium dioxide, hydrated sil...",hyaluronic_acid; vitamin_c; vitamin_b3; pearl_powder._bảng_thành_phần; 9_polydimethylsiloxyethyl_dimethicone; silica; dimethicone; polymethylsilsesquioxane; niacinamide; titanium_dioxide; hydrated_silica; simmondsia_chinensis_jojoba_seed_oil; phenyl_methicone; triethylhexyl_trimellitate; glycol_dimethacrylate_crosspolymer...,UNCERTAIN|PARSED_STANDARD|PRESERVED_COMPOUND
P_101,"Kem Chống Nắng Beplain Nâng Tông, Kiềm Dầu Mịn Lì 50ml","Water(Aqua), Ethylhexyl Triazone 4, Dibutyl Adipate, Propanediol, Diethylamino Hydroxybenzoyl Hexyl Benzoate 3, Butyloctyl Salicylate, Niacinamide, Bis
-Ethylhexyloxyphenol Methoxyphenyl Triazine 2, T...",water_aqua; ethylhexyl_triazone_4; dibutyl_adipate; propanediol; diethylamino_hydroxybenzoyl_hexyl_benzoate_3; butyloctyl_salicylate; niacinamide; bis_ethylhexyloxyphenol_methoxyphenyl_triazine_2; titanium_dioxide_ci_77891_1_9012; coco_caprylate/caprate; 1_2_hexanediol; polyglyceryl_3_methylglucose_distearate; ultramarines_ci_77007; tromethamine_0_6; daucus_carota_sativa_carrot_root_extract...,RESOLVED_NUMERIC_COMMA|PARSED_STANDARD|PRESERVED_COMPOUND|UNCERTAIN
P_157,Kem Chống Nắng Beplain Vật Lý Hỗ Trợ Kiềm Dầu Mịn Lì 50ml,"Water(Aqua), Ethylhexyl Triazone 4, Dibutyl Adipate, Propanediol, Diethylamino Hydroxybenzoyl Hexyl Benzoate 3, Butyloctyl Salicylate, Niacinamide, Bis
-Ethylhexyloxyphenol Methoxyphenyl Triazine 2, T...",water_aqua; ethylhexyl_triazone_4; dibutyl_adipate; propanediol; diethylamino_hydroxybenzoyl_hexyl_benzoate_3; butyloctyl_salicylate; niacinamide; bis_ethylhexyloxyphenol_methoxyphenyl_triazine_2; titanium_dioxide_ci_77891_1_9012; coco_caprylate/caprate; 1_2_hexanediol; polyglyceryl_3_methylglucose_distearate; ultramarines_ci_77007; tromethamine_0_6; daucus_carota_sativa_carrot_root_extract...,RESOLVED_NUMERIC_COMMA|PARSED_STANDARD|PRESERVED_COMPOUND|UNCERTAIN
P_1662,"Combo 2 Kem Chống Nắng Beplain Nâng Tông, Cấp Ẩm Căng Bóng 50ml","Water(Aqua), Ethylhexyl Triazone 4, Dibutyl Adipate, Propanediol, Diethylamino Hydroxybenzoyl Hexyl Benzoate 3, Butyloctyl Salicylate, Niacinamide, Bis
-Ethylhexyloxyphenol Methoxyphenyl Triazine 2, T...",water_aqua; ethylhexyl_triazone_4; dibutyl_adipate; propanediol; diethylamino_hydroxybenzoyl_hexyl_benzoate_3; butyloctyl_salicylate; niacinamide; bis_ethylhexyloxyphenol_methoxyphenyl_triazine_2; titanium_dioxide_ci_77891_1_9012; coco_caprylate/caprate; 1_2_hexanediol; polyglyceryl_3_methylglucose_distearate; ultramarines_ci_77007; tromethamine_0_6; daucus_carota_sativa_carrot_root_extract...,RESOLVED_NUMERIC_COMMA|PARSED_STANDARD|PRESERVED_COMPOUND|UNCERTAIN
P_1942,"Combo 2 Kem Chống Nắng Beplain Nâng Tông, Kiềm Dầu Mịn Lì 50ml","Water(Aqua), Ethylhexyl Triazone 4, Dibutyl Adipate, Propanediol, Diethylamino Hydroxybenzoyl Hexyl Benzoate 3, Butyloctyl Salicylate, Niacinamide, Bis
-Ethylhexyloxyphenol Methoxyphenyl Triazine 2, T...",water_aqua; ethylhexyl_triazone_4; dibutyl_adipate; propanediol; diethylamino_hydroxybenzoyl_hexyl_benzoate_3; butyloctyl_salicylate; niacinamide; bis_ethylhexyloxyphenol_methoxyphenyl_triazine_2; titanium_dioxide_ci_77891_1_9012; coco_caprylate/caprate; 1_2_hexanediol; polyglyceryl_3_methylglucose_distearate; ultramarines_ci_77007; tromethamine_0_6; daucus_carota_sativa_carrot_root_extract...,RESOLVED_NUMERIC_COMMA|PARSED_STANDARD|PRESERVED_COMPOUND|UNCERTAIN
P_3318,Combo 2 Kem Chống Nắng Beplain Vật Lý Hỗ Trợ Kiềm Dầu Mịn Lì 50ml,"Water(Aqua), Ethylhexyl Triazone 4, Dibutyl Adipate, Propanediol, Diethylamino Hydroxybenzoyl Hexyl Benzoate 3, Butyloctyl Salicylate, Niacinamide, Bis
-Ethylhexyloxyphenol Methoxyphenyl Triazine 2, T...",water_aqua; ethylhexyl_triazone_4; dibutyl_adipate; propanediol; diethylamino_hydroxybenzoyl_hexyl_benzoate_3; butyloctyl_salicylate; niacinamide; bis_ethylhexyloxyphenol_methoxyphenyl_triazine_2; titanium_dioxide_ci_77891_1_9012; coco_caprylate/caprate; 1_2_hexanediol; polyglyceryl_3_methylglucose_distearate; ultramarines_ci_77007; tromethamine_0_6; daucus_carota_sativa_carrot_root_extract...,RESOLVED_NUMERIC_COMMA|PARSED_STANDARD|PRESERVED_COMPOUND|UNCERTAIN
P_4424,Kem Chống Nắng Beplain Nâng Tông Hồng Đào 50ml,"Water(Aqua), Ethylhexyl Triazone 4, Dibutyl Adipate, Propanediol, Diethylamino Hydroxybenzoyl Hexyl Benzoate 3, Butyloctyl Salicylate, Niacinamide, Bis
-Ethylhexyloxyphenol Methoxyphenyl Triazine 2, T...",water_aqua; ethylhexyl_triazone_4; dibutyl_adipate; propanediol; diethylamino_hydroxybenzoyl_hexyl_benzoate_3; butyloctyl_salicylate; niacinamide; bis_ethylhexyloxyphenol_methoxyphenyl_triazine_2; titanium_dioxide_ci_77891_1_9012; coco_caprylate/caprate; 1_2_hexanediol; polyglyceryl_3_methylglucose_distearate; ultramarines_ci_77007; tromethamine_0_6; daucus_carota_sativa_carrot_root_extract...,RESOLVED_NUMERIC_COMMA|PARSED_STANDARD|PRESERVED_COMPOUND|UNCERTAIN
P_4460,"Kem Chống Nắng Beplain Vật Lý, Nâng Tông, Giảm Đỏ 50ml","Water(Aqua), Ethylhexyl Triazone 4, Dibutyl Adipate, Propanediol, Diethylamino Hydroxybenzoyl Hexyl Benzoate 3, Butyloctyl Salicylate, Niacinamide, Bis
-Ethylhexyloxyphenol Methoxyphenyl Triazine 2, T...",water_aqua; ethylhexyl_triazone_4; dibutyl_adipate; propanediol; diethylamino_hydroxybenzoyl_hexyl_benzoate_3; butyloctyl_salicylate; niacinamide; bis_ethylhexyloxyphenol_methoxyphenyl_triazine_2; titanium_dioxide_ci_77891_1_9012; coco_caprylate/caprate; 1_2_hexanediol; polyglyceryl_3_methylglucose_distearate; ultramarines_ci_77007; tromethamine_0_6; daucus_carota_sativa_carrot_root_extract...,RESOLVED_NUMERIC_COMMA|PARSED_STANDARD|PRESERVED_COMPOUND|UNCERTAIN
P_4507,Combo 2 Kem Chống Nắng Beplain Nâng Tông Hồng Đào 50ml,"Water(Aqua), Ethylhexyl Triazone 4, Dibutyl Adipate, Propanediol, Diethylamino Hydroxybenzoyl Hexyl Benzoate 3, Butyloctyl Salicylate, Niacinamide, Bis
-Ethylhexyloxyphenol Methoxyphenyl Triazine 2, T...",water_aqua; ethylhexyl_triazone_4; dibutyl_adipate; propanediol; diethylamino_hydroxybenzoyl_hexyl_benzoate_3; butyloctyl_salicylate; niacinamide; bis_ethylhexyloxyphenol_methoxyphenyl_triazine_2; titanium_dioxide_ci_77891_1_9012; coco_caprylate/caprate; 1_2_hexanediol; polyglyceryl_3_methylglucose_distearate; ultramarines_ci_77007; tromethamine_0_6; daucus_carota_sativa_carrot_root_extract...,RESOLVED_NUMERIC_COMMA|PARSED_STANDARD|PRESERVED_COMPOUND|UNCERTAIN
P_4562,"Combo 2 Kem Chống Nắng Beplain Vật Lý, Nâng Tông, Giảm Đỏ 50ml","Water(Aqua), Ethylhexyl Triazone 4, Dibutyl Adipate, Propanediol, Diethylamino Hydroxybenzoyl Hexyl Benzoate 3, Butyloctyl Salicylate, Niacinamide, Bis
-Ethylhexyloxyphenol Methoxyphenyl Triazine 2, T...",water_aqua; ethylhexyl_triazone_4; dibutyl_adipate; propanediol; diethylamino_hydroxybenzoyl_hexyl_benzoate_3; butyloctyl_salicylate; niacinamide; bis_ethylhexyloxyphenol_methoxyphenyl_triazine_2; titanium_dioxide_ci_77891_1_9012; coco_caprylate/caprate; 1_2_hexanediol; polyglyceryl_3_methylglucose_distearate; ultramarines_ci_77007; tromethamine_0_6; daucus_carota_sativa_carrot_root_extract...,RESOLVED_NUMERIC_COMMA|PARSED_STANDARD|PRESERVED_COMPOUND|UNCERTAIN
P_756,Tinh Chất Chống Nắng Senka Nâng Tông Sáng Mượt Da Dầu 50g,"Cyclopentasiloxane, Water (Aqua), Zinc Oxide (10.44%), Alcohol, Isododecane, Ethylhexyl Methoxycinnamate (7.49475%), Talc, Octocrylene (3%), Methyl Methacrylate Crosspolymer, Polysilicone
-15 (3%), Di...",cyclopentasiloxane; water_aqua; zinc_oxide; alcohol; isododecane; ethylhexyl_methoxycinnamate; talc; octocrylene; methyl_methacrylate_crosspolymer; polysilicone_15; dimethicone; sorbitan_sesquiisostearate; polymethylsilsesquioxane; ethylhexyl_salicylate; titanium_dioxide...,UNCERTAIN|PARSED_STANDARD|PRESERVED_COMPOUND
P_1233,"Sữa Chống Nắng Senka Kiềm Dầu, Mịn Lì Cho Da Dầu 40ml","Cyclopentasiloxane, Water (Aqua), Zinc Oxide (10.44%), Alcohol, Isododecane, Ethylhexyl Methoxycinnamate (7.49475%), Talc, Octocrylene (3%), Methyl Methacrylate Crosspolymer, Polysilicone
-15 (3%), Di...",cyclopentasiloxane; water_aqua; zinc_oxide; alcohol; isododecane; ethylhexyl_methoxycinnamate; talc; octocrylene; methyl_methacrylate_crosspolymer; polysilicone_15; dimethicone; sorbitan_sesquiisostearate; polymethylsilsesquioxane; ethylhexyl_salicylate; titanium_dioxide...,UNCERTAIN|PARSED_STANDARD|PRESERVED_COMPOUND
P_1561,Gel Sữa Chống Nắng Senka Ẩm Mượt Cho Da Khô 80g,"Cyclopentasiloxane, Water (Aqua), Zinc Oxide (10.44%), Alcohol, Isododecane, Ethylhexyl Methoxycinnamate (7.49475%), Talc, Octocrylene (3%), Methyl Methacrylate Crosspolymer, Polysilicone
-15 (3%), Di...",cyclopentasiloxane; water_aqua; zinc_oxide; alcohol; isododecane; ethylhexyl_methoxycinnamate; talc; octocrylene; methyl_methacrylate_crosspolymer; polysilicone_15; dimethicone; sorbitan_sesquiisostearate; polymethylsilsesquioxane; ethylhexyl_salicylate; titanium_dioxide...,UNCERTAIN|PARSED_STANDARD|PRESERVED_COMPOUND
P_886,Tinh Chất Chống Nắng Sunplay Hiệu Chỉnh Sắc Da 50g (Xanh Dương),"hyaluronic acid, vitamin c, pearl powder. bảng thành phần, peg, 18 methyl ether dimethyl silane, acrylates copolymer, polyglyceryl, 2 triisostearate, acrylates/c10, 30 alkyl acrylate crosspolymer, pol...",hyaluronic_acid; vitamin_c; pearl_powder._bảng_thành_phần; peg; 18_methyl_ether_dimethyl_silane; acrylates_copolymer; polyglyceryl; 2_triisostearate; acrylates/c10; 30_alkyl_acrylate_crosspolymer; polystyrene; glycol_dimethacrylate_crosspolymer; silica; alumina; synthetic_fluorphlogopite...,UNCERTAIN|PARSED_STANDARD|PRESERVED_COMPOUND
P_1659,Tinh Chất Chống Nắng Sunplay Hiệu Chỉnh Sắc Da 50g (Xanh),"hyaluronic acid, vitamin c, pearl powder. bảng thành phần, peg, 18 methyl ether dimethyl silane, acrylates copolymer, polyglyceryl, 2 triisostearate, acrylates/c10, 30 alkyl acrylate crosspolymer, pol...",hyaluronic_acid; vitamin_c; pearl_powder._bảng_thành_phần; peg; 18_methyl_ether_dimethyl_silane; acrylates_copolymer; polyglyceryl; 2_triisostearate; acrylates/c10; 30_alkyl_acrylate_crosspolymer; polystyrene; glycol_dimethacrylate_crosspolymer; silica; alumina; synthetic_fluorphlogopite...,UNCERTAIN|PARSED_STANDARD|PRESERVED_COMPOUND
P_1960,Tinh Chất Chống Nắng Sunplay Hiệu Chỉnh Sắc Da 50g (Hồng),"hyaluronic acid, vitamin c, pearl powder. bảng thành phần, peg, 18 methyl ether dimethyl silane, acrylates copolymer, polyglyceryl, 2 triisostearate, acrylates/c10, 30 alkyl acrylate crosspolymer, pol...",hyaluronic_acid; vitamin_c; pearl_powder._bảng_thành_phần; peg; 18_methyl_ether_dimethyl_silane; acrylates_copolymer; polyglyceryl; 2_triisostearate; acrylates/c10; 30_alkyl_acrylate_crosspolymer; polystyrene; glycol_dimethacrylate_crosspolymer; silica; alumina; synthetic_fluorphlogopite...,UNCERTAIN|PARSED_STANDARD|PRESERVED_COMPOUND
P_2493,Combo 2 Tinh Chất Chống Nắng Sunplay Hiệu Chỉnh Sắc Da 50g (Tím),"hyaluronic acid, vitamin c, pearl powder. bảng thành phần, peg, 18 methyl ether dimethyl silane, acrylates copolymer, polyglyceryl, 2 triisostearate, acrylates/c10, 30 alkyl acrylate crosspolymer, pol...",hyaluronic_acid; vitamin_c; pearl_powder._bảng_thành_phần; peg; 18_methyl_ether_dimethyl_silane; acrylates_copolymer; polyglyceryl; 2_triisostearate; acrylates/c10; 30_alkyl_acrylate_crosspolymer; polystyrene; glycol_dimethacrylate_crosspolymer; silica; alumina; synthetic_fluorphlogopite...,UNCERTAIN|PARSED_STANDARD|PRESERVED_COMPOUND
P_2748,Tinh Chất Chống Nắng Sunplay Hiệu Chỉnh Sắc Da 50g (Cam),"hyaluronic acid, vitamin c, pearl powder. bảng thành phần, peg, 18 methyl ether dimethyl silane, acrylates copolymer, polyglyceryl, 2 triisostearate, acrylates/c10, 30 alkyl acrylate crosspolymer, pol...",hyaluronic_acid; vitamin_c; pearl_powder._bảng_thành_phần; peg; 18_methyl_ether_dimethyl_silane; acrylates_copolymer; polyglyceryl; 2_triisostearate; acrylates/c10; 30_alkyl_acrylate_crosspolymer; polystyrene; glycol_dimethacrylate_crosspolymer; silica; alumina; synthetic_fluorphlogopite...,UNCERTAIN|PARSED_STANDARD|PRESERVED_COMPOUND
P_4520,Combo 2 Tinh Chất Chống Nắng Sunplay Hiệu Chỉnh Sắc Da 50g (Xanh Dương),"hyaluronic acid, vitamin c, pearl powder. bảng thành phần, peg, 18 methyl ether dimethyl silane, acrylates copolymer, polyglyceryl, 2 triisostearate, acrylates/c10, 30 alkyl acrylate crosspolymer, pol...",hyaluronic_acid; vitamin_c; pearl_powder._bảng_thành_phần; peg; 18_methyl_ether_dimethyl_silane; acrylates_copolymer; polyglyceryl; 2_triisostearate; acrylates/c10; 30_alkyl_acrylate_crosspolymer; polystyrene; glycol_dimethacrylate_crosspolymer; silica; alumina; synthetic_fluorphlogopite...,UNCERTAIN|PARSED_STANDARD|PRESERVED_COMPOUND
P_4699,Combo 2 Tinh Chất Chống Nắng Sunplay Hiệu Chỉnh Sắc Da 50g (Hồng),"hyaluronic acid, vitamin c, pearl powder. bảng thành phần, peg, 18 methyl ether dimethyl silane, acrylates copolymer, polyglyceryl, 2 triisostearate, acrylates/c10, 30 alkyl acrylate crosspolymer, pol...",hyaluronic_acid; vitamin_c; pearl_powder._bảng_thành_phần; peg; 18_methyl_ether_dimethyl_silane; acrylates_copolymer; polyglyceryl; 2_triisostearate; acrylates/c10; 30_alkyl_acrylate_crosspolymer; polystyrene; glycol_dimethacrylate_crosspolymer; silica; alumina; synthetic_fluorphlogopite...,UNCERTAIN|PARSED_STANDARD|PRESERVED_COMPOUND
P_2123,Combo Serum d'Alba Dạng Xịt Căng Bóng & Cấp Ẩm Dịu Da 100mlx2,"Water, Dipropylene Glycol, Neopentyl Glycol Diheptanoate, 1,2
-Hexanediol, Niacinamide, Sorbitol, Hydroxyethyl Urea, Persea Gratissima (Avocado) Oil, Salvia Hispanica Seed Extract, Ocimum Basilicum (B...",dipropylene_glycol; neopentyl_glycol_diheptanoate; 1_2_hexanediol; niacinamide; sorbitol; hydroxyethyl_urea; persea_gratissima_avocado_oil; salvia_hispanica_seed_extract; ocimum_basilicum_basil_flower/leaf/stem_extract; betaine; avena_sativa_oat_kernel_extract; butylene_glycol; tuber_magnatum_extract; glycerin; helianthus_annuus_sunflower_seed_oil...,RESOLVED_NUMERIC_COMMA|PARSED_STANDARD|PRESERVED_COMPOUND|UNCERTAIN
P_5616,Kem Tẩy Trang Freeplus Dưỡng Ẩm Dịu Nhẹ Cho Da 125g,"Dầu khoáng, nước, dipropylene glycol, PEG
-6 sorbitan stearate, Tribehenin, polysorbate 60, cetyl palmitate, axit stearic, natri stearoyl glutamate, glyceryl stearate, Isononyl isononanoate, dimethico...",dầu_khoáng; nước; dipropylene_glycol; peg_6_sorbitan_stearate; tribehenin; polysorbate_60; cetyl_palmitate; axit_stearic; natri_stearoyl_glutamate; glyceryl_stearate; isononyl_isononanoate; dimethicon; methyl_trimethicon; 1_3_butylene_glycol; carbome...,UNCERTAIN|PARSED_STANDARD|RESOLVED_NUMERIC_COMMA
P_2378,Sữa Rửa Mặt Naris Nature Sáng Da Chiết Xuất Hoa Anh Đào 100g,"Thành phần sản phẩm Sữa Rửa Mặt Naris Nature Charcoal Facial Wash
• Chiết xuất Than Hoạt Tính: giúp loại bỏ triệt để bụi bẩn, bã nhờn và ngăn chặn quá trình oxy hóa giúp mang lại làn da mịn màng tươi ...",thành_phần_sản_phẩm_sữa_rửa_mặt_naris_nature_charcoal_facial_wash; chiết_xuất_than_hoạt_tính:_giúp_loại_bỏ_triệt_để_bụi_bẩn; bã_nhờn_và_ngăn_chặn_quá_trình_oxy_hóa_giúp_mang_lại_làn_da_mịn_màng_tươi_sáng._water; dipropylene_glycol; myristic_acid; stearic_acid; potassium_hydroxide; lauric_acid; glycerin; palmitic_acid; sorbitol; lauryl_hydroxysultaine; hydrogenated_castor_oil; potassium_laurate; peg_50_hydrogenated_castor_oil...,UNCERTAIN|PARSED_STANDARD|PRESERVED_COMPOUND
P_2749,Sữa Chống Nắng Cetaphil SPF 50+ Dịu Lành Cho Bé 150ml,"Aqua, Diethylamino Hydroxybenzoyl Hexyl Benzoate, Ethylhexyl Methoxycinnamate, Bis
-Ethylhexyloxyphenol Methoxyphenyl Triazine, C12
-15 Alkyl Benzoate, Dibutyl Adipate, Dicaprylyl Carbonate, Pentylene...",diethylamino_hydroxybenzoyl_hexyl_benzoate; ethylhexyl_methoxycinnamate; bis_ethylhexyloxyphenol_methoxyphenyl_triazine; c12_15_alkyl_benzoate; dibutyl_adipate; dicaprylyl_carbonate; pentylene_glycol; methylene_bis_benzotriazolyl_tetramethylbutylphenol_nano; dimethicone; ethylhexyl_triazone; alcohol; cetyl_phosphate; glycerin; cetyl_alcohol; triethanolamine...,PARSED_STANDARD
P_1678,Sữa Rửa Mặt Bio-essence Dưỡng Da Tươi Sáng Căng Mọng 100g,"Water, Glycerin, Stearic Acid, Myristic Acid, Palmitic Acid, Lauric Acid, Tea
-Lauroyl Collagen Amino Acids, Potassium Hydroxide, Glycol Stearate, Ceteareth
-25, Glyceryl Stearate, Polyquaternium
-43,...",glycerin; stearic_acid; myristic_acid; palmitic_acid; lauric_acid; tea_lauroyl_collagen_amino_acids; potassium_hydroxide; glycol_stearate; ceteareth_25; glyceryl_stearate; polyquaternium_43; hydroxyethylcellulose; butylene_glycol; natto_gum,PARSED_STANDARD
P_2516,Kem Chống Nắng Clinicos Dành Cho Da Nhạy Cảm 50ml,"Water, Ethylhexyl Methoxycinnamate, Ethylhexyl Salicylate, Methylene Bis
-Benzotriazolyl Tetramethylbutylphenol, BisEthylhexyloxyphenol Methoxyphenyl Triazine, Polyglyceryl
-3 Methylglucose Distearate...",ethylhexyl_methoxycinnamate; ethylhexyl_salicylate; methylene_bis_benzotriazolyl_tetramethylbutylphenol; bisethylhexyloxyphenol_methoxyphenyl_triazine; polyglyceryl_3_methylglucose_distearate; silica; 1_2_hexanediol; propanediol; homosalate; caprylyl_methicone; potassium_cetyl_phosphate; dicaprylyl_carbonate; glycereth_26; cetearyl_alcohol; c14_22_alcohols...,RESOLVED_NUMERIC_COMMA|PARSED_STANDARD|PRESERVED_COMPOUND|UNCERTAIN
P_2521,Gel Rửa Mặt Cocoon Chiết Xuất Từ Hoa Hồng 140ml,"Aqua/Water, Sodium Cocoyl Glycinate, Disodium Laureth Sulfosuccinate, Cocamidopropyl Betaine, Glycerin, Rosa Damascena Flower Water, Coco
-Glucoside, PEG
-120 Methyl Glucose Triisostearate, Cocoyl Met...",sodium_cocoyl_glycinate; disodium_laureth_sulfosuccinate; cocamidopropyl_betaine; glycerin; rosa_damascena_flower_water; coco_glucoside; peg_120_methyl_glucose_triisostearate; cocoyl_methyl_glucamide; sodium_peg_7_olive_oil_carboxylate; peg_7_glyceryl_cocoate; rosa_damascena_extract; betaine; propanediol; glycereth_26; allantoin...,PARSED_STANDARD
P_1761,Kem Dưỡng Naris Luque Dạng Sữa Cấp Ẩm Ngừa Lão Hóa Da 80g,"rễ cây mật nhân, rong tảo đỏ (mooi), hoa đậu trắng, cà rốt đen, ceramide và cholesterol",rễ_cây_mật_nhân; rong_tảo_đỏ_mooi; hoa_đậu_trắng; cà_rốt_đen; ceramide_và_cholesterol,UNCERTAIN
P_861,Sữa Rửa Mặt Garnier 3 Trong 1 Giảm Mụn & Sáng Da 100ml (Mới),"Aqua / Water, Kaolin, Glycerin, Zea Mays Starch / Corn Starch, Ci 77891 / Titanium Dioxide, Decyl Glucoside, Sodium Laureth Sulfate, Peg
-7 Glyceryl Cocoate, Perlite, Peg
-30 Dipolyhydroxystearate, Ci...",kaolin; glycerin; zea_mays_starch; corn_starch; ci_77891; titanium_dioxide; decyl_glucoside; sodium_laureth_sulfate; peg_7_glyceryl_cocoate; perlite; peg_30_dipolyhydroxystearate; ci_42090; blue_1; ci_77007; ultramarines...,PARSED_STANDARD|PRESERVED_COMPOUND
P_152,Sữa Rửa Mặt CeraVe Làm Sạch & Tẩy Tế Bào Chết Dịu Nhẹ 236ml,"Purified Water (Aqua), Cocamidopropyl Hydroxysultaine, Glycerin, Sodium Lauroyl Sarcosinate, Peg
-150 Pentaerythrityl Tetrastearate (And) Peg
-6 Caprylic/Capric Glycerides, Niacinamide, Propylene Glyc...",purified_water_aqua; cocamidopropyl_hydroxysultaine; glycerin; sodium_lauroyl_sarcosinate; peg_150_pentaerythrityl_tetrastearate; peg_6_caprylic/capric_glycerides; niacinamide; propylene_glycol; sodium_methyl_cocoyl_taurate; ceramide_3; ceramide_6_ii; ceramide_1; hyaluronic_acid; cholesterol; sodium_chloride...,UNCERTAIN|PARSED_STANDARD|PRESERVED_COMPOUND
P_5139,"Kem Dưỡng Menard Fairlucent Sáng Da, Mờ Thâm 30g","vitamin c – apm thế hệ mới, men shirakami thế hệ mới, chiết xuất trà xanh hoàn toàn mới, axit hyaluronic",vitamin_c_apm_thế_hệ_mới; men_shirakami_thế_hệ_mới; chiết_xuất_trà_xanh_hoàn_toàn_mới; axit_hyaluronic,UNCERTAIN|PARSED_STANDARD
P_1069,Kem Dưỡng Olay Regenerist Ngừa Lão Hóa Da Ban Ngày 50g,"• Kem Dưỡng Olay Regenerist Micro
-Sculpting Ngừa Lão Hóa Da Ban Ngày 50g: Water, Glycerin, Isohexadecane, Niacinamide*, Distarch Phosphate, Isopropyl Isostearate, Dimethicone, Panthenol**, Palmitoyl ...",kem_dưỡng_olay_regenerist_micro_sculpting_ngừa_lão_hóa_da_ban_ngày_50g:_water; glycerin; isohexadecane; niacinamide; distarch_phosphate; isopropyl_isostearate; dimethicone; panthenol; palmitoyl_pentapeptide_4; sodium_hyaluronate; caprylic/capric_triglyceride; ethylhexylglycerin; hydroxyacetophenone; dimethiconol; cetearyl_glucoside...,UNCERTAIN|PARSED_STANDARD|PRESERVED_COMPOUND
P_3729,Combo 2 Serum Chống Nắng Garnier 12H Kiềm Dầu & Hỗ Trợ Giảm Mụn 30ml,"Aqua / Water, Alcohol Denat, Diisopropyl Sebacate, Silica, Isopropyl Myristate, Ethylhexyl Salicylate, Ethylhexyl Triazone, Bis
-Ethylhexyloxyphenol, Methoxyphenyl Triazine, Butyl Methoxydibenzoylmeth...",alcohol_denat; diisopropyl_sebacate; silica; isopropyl_myristate; ethylhexyl_salicylate; ethylhexyl_triazone; bis_ethylhexyloxyphenol; methoxyphenyl_triazine; butyl_methoxydibenzoylmethane; glycerin; propanediol; c12_22_alkyl; acrylate/hydroxyethylacrylate; copolymer; niacinamide...,UNCERTAIN|PARSED_STANDARD|PRESERVED_COMPOUND
P_1412,Serum Jumiso Dưỡng Ẩm Da 50ml,"Water, Butylene Glycol, Glycerin, Dipropylene Glycol, 1,2
-Hexanediol, Pentylene Glycol, Sodium Hyaluronate, Chlorella Vulgaris Extract, Hydrolyzed Hyaluronic Acid, Hyaluronic Acid, Betaine, Panthenol...",butylene_glycol; glycerin; dipropylene_glycol; 1_2_hexanediol; pentylene_glycol; sodium_hyaluronate; chlorella_vulgaris_extract; hydrolyzed_hyaluronic_acid; hyaluronic_acid; betaine; panthenol; trehalose; polyglyceryl_10_laurate; glucose; ammonium_acryloyldimethyltaurate/vp_copolymer...,RESOLVED_NUMERIC_COMMA|PARSED_STANDARD|PRESERVED_COMPOUND|UNCERTAIN
P_656,"Serum Skin1004 Cấp Ẩm, Làm Dịu & Dưỡng Sáng Da 50ml","Purified Water, Centella Asiatica Leaf Water(38%), Butylene Glycol, 1,2
-Hexanediol, Niacinamide, Glycerin, Pantolactone, Hibiscus Esculentus Fruit Extract, Sodium Hyaluronate, Hydrolyzed Hyaluronic A...",purified_water; centella_asiatica_leaf_water; butylene_glycol; 1_2_hexanediol; niacinamide; glycerin; pantolactone; hibiscus_esculentus_fruit_extract; sodium_hyaluronate; hydrolyzed_hyaluronic_acid; hyaluronic_acid; methylpropanediol; panthenol; cetearyl_olivate; carbomer...,RESOLVED_NUMERIC_COMMA|PARSED_STANDARD|PRESERVED_COMPOUND
P_2956,Combo 2 Sữa Chống Nắng Anessa Dưỡng Da Kiềm Dầu 20ml (Mới),"Dimethicone, Water (Aqua), Zinc Oxide, Alcohol, Diisopropyl Sebacate, Isododecane, Octocrylene, Ethylhexyl Salicylate, C12
-15 Alkyl Benzoate, Peg/Ppg
-9/2 Dimethyl Ether, Zea Mays (Corn) Starch, Talc...",dimethicone; water_aqua; zinc_oxide; alcohol; diisopropyl_sebacate; isododecane; octocrylene; ethylhexyl_salicylate; c12_15_alkyl_benzoate; peg/ppg_9/2_dimethyl_ether; zea_mays_corn_starch; talc; silica; isopropyl_myristate; diethylamino_hydroxybenzoyl_hexyl_benzoate...,PARSED_STANDARD|PRESERVED_COMPOUND
P_6113,[Mini] Kem Chống Nắng La Roche-Posay Kiểm Soát Dầu SPF50+ 15ml (Mới),"Aqua / Water, Homosalate, Silica, Octocrylene, Ethylhexyl Salicylate, Butyl Methoxydibenzoylmethane, Ethylhexyl Triazone, Bis
-Ethylhexyloxyphenol Methoxyphenyl Triazine, Drometrizole Trisiloxane, Alu...",homosalate; silica; octocrylene; ethylhexyl_salicylate; butyl_methoxydibenzoylmethane; ethylhexyl_triazone; bis_ethylhexyloxyphenol_methoxyphenyl_triazine; drometrizole_trisiloxane; aluminum_starch_octenylsuccinate; glycerin; pentylene_glycol; styrene/acrylates_copolymer; potassium_cetyl_phosphate; dimethicone; perlite...,UNCERTAIN|PARSED_STANDARD|PRESERVED_COMPOUND
P_793,Kem Dưỡng Cocoon Dạng Thạch Bí Đao Giảm Dầu & Mụn 30ml,"Aqua/Water, Niacinamide, Butyl Avocadate, Butylene Glycol, Sodium Acrylates Copolymer, Betaine, Benincasa Cerifera Fruit Extract, Glycerin, Propanediol, Madecassic Acid, Asiatic Acid, Asiaticoside, Ce...",niacinamide; butyl_avocadate; butylene_glycol; sodium_acrylates_copolymer; betaine; benincasa_cerifera_fruit_extract; glycerin; propanediol; madecassic_acid; asiatic_acid; asiaticoside; centella_asiatica_extract; pentylene_glycol; ferulic_acid; potassium_azeloyl_diglycinate...,PARSED_STANDARD|PRESERVED_COMPOUND
P_212,"Serum Balance Active Formula Làm Sáng Da, Mờ Thâm 30ml","Aqua/Water, Glycerin, Sodium Ascorbyl Phosphate Phenoxyethanol, Chondrus Crispus (Carrageenan), Europea Leaf Extract, Zinc Pca, Polysorbate 20, Disodium Edta, Acetate, Parfum/Fragrance Ethylhexylglyce...",glycerin; sodium_ascorbyl_phosphate_phenoxyethanol; chondrus_crispus_carrageenan; europea_leaf_extract; zinc_pca; polysorbate_20; disodium_edta; acetate; fragrance_ethylhexylglycerin_linalool; limonene,PARSED_STANDARD
P_5916,Combo 2 Sữa Rửa Mặt Vichy Dạng Gel Làm Sạch Sâu Da Dầu Mụn 50ml,"Aqua / Water, Sodium Laureth Sulfate, Peg
-8, Coco
-Betaine, Hexylene Glycol, Sodium Chloride, Peg
-120 Methyl Glucose Dioleate, Ci 19140 / Yellow 5, Ci 42053 / Green 3, Glycolic Acid, Triethanolamine...",sodium_laureth_sulfate; peg_8; coco_betaine; hexylene_glycol; sodium_chloride; peg_120_methyl_glucose_dioleate; ci_19140; yellow_5; ci_42053; green_3; glycolic_acid; triethanolamine; salicylic_acid; sodium_benzoate; sodium_hydroxide...,PARSED_STANDARD
P_2245,Kem Chống Nắng Round Lab Nâng Tông Sáng Hồng Rạng Rỡ 50ml,"Water, Cyclopentasiloxane, Ethylhexyl Methoxycinnamate, Cyclohexasiloxane, Zinc Oxide (CI 77947), Ethylhexyl Salicylate, Butylene Glycol, Titanium Dioxide (CI 77891), Lauryl PEG
-9 Polydimethylsiloxye...",cyclopentasiloxane; ethylhexyl_methoxycinnamate; cyclohexasiloxane; zinc_oxide_ci_77947; ethylhexyl_salicylate; butylene_glycol; titanium_dioxide_ci_77891; lauryl_peg_9_polydimethylsiloxyethyl; dimethicone; dipropylene_glycol; ethylhexyl_palmitate; polymethylsilsesquioxane; dimethicone/vinyl_dimethicone_crosspolymer; caprylyl_methicone; cetyl_peg/ppg_10/1_dimethicone...,RESOLVED_NUMERIC_COMMA|PARSED_STANDARD|PRESERVED_COMPOUND|UNCERTAIN
P_567,Gel Rửa Mặt Bioderma Tạo Bọt Cho Da Nhạy Cảm 200ml,"Aqua/Water/Eau, Sodium Cocoamphoacetate, Propanediol, Sodium Lauroyl Sarcosinate, Citric Acid, Coco
-Glucoside, Glyceryl Oleate, Sodium Citrate, Peg
-90 Glyceryl Isostearate, Mannitol, Xylitol, Lauret...",sodium_cocoamphoacetate; propanediol; sodium_lauroyl_sarcosinate; citric_acid; coco_glucoside; glyceryl_oleate; sodium_citrate; peg_90_glyceryl_isostearate; mannitol; xylitol; laureth_2; rhamnose; fructooligosaccharides; tocopherol; hydrogenated_palm_glycerides_citrate...,UNCERTAIN|PARSED_STANDARD
P_641,Gel Rửa Mặt Compliment BHA & Zinc Giảm Viêm Ngừa Mụn 200ml,"Aqua, Sodium Lauroyl Sarcosinate, Cocamidopropyl Betaine, Glycerin, PEG
-40 Hydrogenated Castor Oil, Hydroxyethylcellulose, Phenoxyethanol, Chamomilla Recutita Extract, Malaleuca Alternifolia Oil, Sal...",sodium_lauroyl_sarcosinate; cocamidopropyl_betaine; glycerin; peg_40_hydrogenated_castor_oil; hydroxyethylcellulose; phenoxyethanol; chamomilla_recutita_extract; malaleuca_alternifolia_oil; salicylic_acid; perfume; disodium_edta._2._gel_rửa_mặt_compliment_no_problem_bha_&_zinc_cleansing_gel_giảm_viêm_ngừa_mụn_thành_phần_chính; zinc_pca_và_chiết_xuất_tràm_trà_tea_tree_oil_:_giúp_ức_chế_v.i_kh.uẩn_p.acnes_gây_mụn; giảm_viêm_và_ngứa_hiệu_quả; chứa_allantoin_và_glycerin:_giúp_làm_dịu_kích_ứng; duy_trì_độ_ẩm_cho_da_mềm_mại...,UNCERTAIN|PARSED_STANDARD
P_2179,Gel Rửa Mặt DrCeutics Tạo Bọt Sạch Sâu Cho Mọi Loại Da 250g,"Aqua, Glycerin, Sodium Olivamphoacetate, Sodium Olivoyl Glutamate, Olivamidopropyl Betaine, Maltooligosyl Glucoside, Hydrogenated Starch Hydrolysate, Betaine, Trehalose, Glycereth
-26, Inulin, Potassi...",glycerin; sodium_olivamphoacetate; sodium_olivoyl_glutamate; olivamidopropyl_betaine; maltooligosyl_glucoside; hydrogenated_starch_hydrolysate; betaine; trehalose; glycereth_26; inulin; potassium_cocoyl_glycinate; sodium_methyl_cocoyl_taurate; potassium_cocoyl_hydrolyzed_oat_protein; cocoyl_methyl_glucamide; sodium_pca...,PARSED_STANDARD
P_745,"Ampoule Angel's Liquid Dưỡng Sáng Da, Mờ Thâm Nám 30ml","Water, Sodium Hyaluronate, Niacinamide, Glutathione, Helianthus Annuus (Sunflower) Seed Oil, Cetearyl Olivate, Sorbitan Olivate, Polysorbate 20, Ascorbic Acid (Vitamin C), Adenosine, Acetyl Hexapeptid...",sodium_hyaluronate; niacinamide; glutathione; helianthus_annuus_sunflower_seed_oil; cetearyl_olivate; sorbitan_olivate; polysorbate_20; ascorbic_acid_vitamin_c; adenosine; acetyl_hexapeptide_8; rh_oligopeptide_1; rh_polypeptide_3; phenoxyethanol; rosa_damascena_flower_extract; glycyrrhiza_glabra_licorice_root_extract...,PARSED_STANDARD
P_1121,"Kem Dưỡng Avène Làm Lành Da Nội Sinh, Ngừa Nhiễm Khuẩn 100ml","Nước Khoáng Avene (Avene Aqua). Caprylic/Capric Triglyceride. Dầu Khoáng (Paraffinum Liquidum). Glycerin. Hydrogenated Vegetable Oil. Kẽm Oxyde. Propylene Glycol. Polyglyceryl
-2 Sesquiisostearate. Pe...",nước_khoáng_avene_avene_aqua_._caprylic/capric_triglyceride._dầu_khoáng_paraffinum_liquidum_._glycerin._hydrogenated_vegetable_oil._kẽm_oxyde._propylene_glycol._polyglyceryl_2_sesquiisostearate._peg_22/dodecyl_glycol_copolymer._aluminum_sucrose_octasulfate._aluminum_stearate._sáp_ong_cera_alba_._đồng_sulfate._magnesium_stearate._magnesium_sulfate._microcrystalline_wax_cera_microcristallina_._kẽm_sulfate,PRESERVED_COMPOUND
P_5092,Kem Dưỡng Bio-essence Vàng 24K Ngừa Lão Hóa Ban Ngày 40g,"Thành phần sản phẩm Water, Cyclopentasiloxane, Glyceryl Polyacrylate, Titanium Dioxide, Ethylhexyl Methoxycinnamate, Butyl Methoxydibenzoylmethane, Benzophenone
-3, Cyclotetrasiloxane, Paraffinum Liqu...",thành_phần_sản_phẩm_water; cyclopentasiloxane; glyceryl_polyacrylate; titanium_dioxide; ethylhexyl_methoxycinnamate; butyl_methoxydibenzoylmethane; benzophenone_3; cyclotetrasiloxane; paraffinum_liquidum; octyldodecanol; propanediol; sodium_acrylate/sodium_acryloyldimethyl_taurate_copolymer; niacinamide; euglena_gracilis_extract; dextran...,UNCERTAIN|PARSED_STANDARD|PRESERVED_COMPOUND
P_3216,Sữa Rửa Mặt Cetaphil Dạng Bọt Siêu Mịn Dịu Da Nhạy Cảm 200ml,"Aqua, Glycerin, Sodium Cocoyl Glutamate, Sodium Cocoamphoacetate, Peg75, Citric Acid, Allantoin, Caffeine, Carbomer, Ceramide Ap, Ceramide Eop, Ceramide Np, Cholesterol, Dipotassium Glycyrhizate, Diso...",glycerin; sodium_cocoyl_glutamate; sodium_cocoamphoacetate; peg75; citric_acid; allantoin; caffeine; carbomer; ceramide_ap; ceramide_eop; ceramide_np; cholesterol; dipotassium_glycyrhizate; disodium_edta; ethylhexylglycerin...,PARSED_STANDARD
P_4284,[Mini] Sữa Rửa Mặt Colorkey Bùn Khoáng Sạch Sâu Cấp Ẩm 20g,"Aqua,Glycerin,Stearyl Alcohol,Moroccan Lava Clay,Caprylic/Capric Triglyceride,Kaolin,2,3
-Butanediol,Oryza Sativa (Rice) Bran Oil,Ethylhexyl Palmitate,Titanium Dioxide,Polyglyceryl
-3 Methylglucose Di...",glycerin; stearyl_alcohol; moroccan_lava_clay; caprylic/capric_triglyceride; kaolin; 2_3_butanediol; oryza_sativa_rice_bran_oil; ethylhexyl_palmitate; titanium_dioxide; polyglyceryl_3_methylglucose_distearate; microcrystalline_cellulose; niacinamide,RESOLVED_NUMERIC_COMMA|PARSED_STANDARD|PRESERVED_COMPOUND
P_197,Kem Dưỡng Bioderma Phục Hồi Da Tổn Thương Và Ngừa Sẹo 40ml,"Aqua/Water/Eau, Caprylic/Capric Triglyceride, Glycerin, Polyglyceryl
-3 Polyricinoleate, Brassica Campestris (Rapeseed) Seed Oil, Butylene Glycol, Tapioca Starch, Hydrogenated Rapeseed Oil, Xylose, Po...",caprylic/capric_triglyceride; glycerin; polyglyceryl_3_polyricinoleate; brassica_campestris_rapeseed_seed_oil; butylene_glycol; tapioca_starch; hydrogenated_rapeseed_oil; xylose; polyglyceryl_3_diisostearate; simmondsia_chinensis_jojoba_seed_oil; magnesium_sulfate; pentylene_glycol; squalane; 1_2_hexanediol; caprylyl_glycol...,RESOLVED_NUMERIC_COMMA|PARSED_STANDARD|PRESERVED_COMPOUND|UNCERTAIN
P_653,Sữa Chống Nắng Sunplay Skin Aqua Dưỡng Da Ngừa Mụn 25g,"Water, Cyclopentasiloxane, Methyl Methacrylate Crosspolymer, Ethylhexyl Methoxycinnamate, Zinc Oxide, Talc, Butylene Glycol, Isononyl Isononanoate, PEG
-9 Polydimethylsiloxyethyl Dimethicone, Disodium...",cyclopentasiloxane; methyl_methacrylate_crosspolymer; ethylhexyl_methoxycinnamate; zinc_oxide; talc; butylene_glycol; isononyl_isononanoate; peg_9_polydimethylsiloxyethyl_dimethicone; disodium_phosphate; diethylamino_hydroxybenzoyl_hexyl_benzoate; sodium_ascorbyl_phosphate; tocopheryl_acetate; isopropylmethylphenol; stearyl_glycyrrhetinate; sodium_hyaluronate...,UNCERTAIN|PARSED_STANDARD
P_3504,"Sữa Rửa Mặt CeraVe Dạng Kem Tạo Bọt Cho Da Thường, Khô 100ml","Aqua / Water / Eau, Glycerin, Sodium Methyl Cocoyl Taurate, Coco
-Betaine, Sodium Cocoyl Isethionate, Sodium Chloride, Pca, Ppg
-5
-Ceteth
-20, Peg
-100 Stearate, Peg
-150 Pentaerythrityl Tetrastearat...",glycerin; sodium_methyl_cocoyl_taurate; coco_betaine; sodium_cocoyl_isethionate; sodium_chloride; pca; ppg_5_ceteth_20; peg_100_stearate; peg_150_pentaerythrityl_tetrastearate; peg_6_caprylic/capric_glycerides; peg_30_dipolyhydroxystearate; ci_77891; titanium_dioxide; aspartic_acid; ceramide_np...,PARSED_STANDARD|PRESERVED_COMPOUND
P_161,Serum d'Alba Viên Nang Dưỡng Sáng Da 50ml,"Vitamin Tree Extract (810,841 Ppm), Glycerin, Purified Water, Niacinamide (20,000 Ppm), 1,2
-Hexanediol, Caprylic/Capric/Succinic Triglyceride, Isopentyldiol, Palm Oil, Acrylates/C10
-30 Alkyl Acrylat...",vitamin_tree_extract_810_841_ppm; glycerin; purified_water; niacinamide_20_000_ppm; 1_2_hexanediol; caprylic/capric/succinic_triglyceride; isopentyldiol; palm_oil; acrylates/c10_30_alkyl_acrylate_crosspolymer; arginine; butylene_glycol; fragrance; caprylic/capric_triglyceride; xanthan_gum; schisandra_chinensis_extract...,RESOLVED_NUMERIC_COMMA|PARSED_STANDARD|PRESERVED_COMPOUND|UNCERTAIN
P_5708,Sữa Rửa Mặt On: The Body Chiết Xuất Chanh Cho Da Dầu 200g,"Water, Glycerin, Hydrogenated Palm Acid, Lauric Acid, Potassium Hydroxide, Myristic Acid, Cocamidopropyl Betaine, Glyceryl Stearate, Peg
-100 Stearate, Glycol Distearate, Fragrance, Polyquaternium
-7,...",glycerin; hydrogenated_palm_acid; lauric_acid; potassium_hydroxide; myristic_acid; cocamidopropyl_betaine; glyceryl_stearate; peg_100_stearate; glycol_distearate; fragrance; polyquaternium_7; caprylyl_glycol; tetrasodium_edta; lauryl_hydroxysultaine; peg_14m...,UNCERTAIN|PARSED_STANDARD|RESOLVED_NUMERIC_COMMA
P_559,Serum Eucerin Phục Hồi Da Nhạy Cảm 30ml,"Aqua, Glycerin, Panthenol, Octyldodecanol, Xanthan Gum, Hydroxyacetophenone, Pentylene Glycol, Ectoin, Caprylyl Glycol, Glyceryl Stearate SE, Ethylhexylglycerin, 4
-t
-Butylcyclohexanol, Sodium Hyalur...",glycerin; panthenol; octyldodecanol; xanthan_gum; hydroxyacetophenone; pentylene_glycol; ectoin; caprylyl_glycol; glyceryl_stearate_se; ethylhexylglycerin; 4_t_butylcyclohexanol; sodium_hyaluronate; sodium_stearoyl_glutamate; citric_acid; tocopherol,PARSED_STANDARD
P_678,"Dầu Khô Đa Năng Nuxe Dưỡng Ẩm Cho Da Mặt, Body Và Tóc 100ml","Coco
-Caprylate/Caprate, Macadamia Integrifolia Seed Oil, Dicaprylyl Ether, Caprylic/Capric Triglyceride, Prunus Amygdalus Dulcis (Sweet Almond) Oil, Corylus Avellana (Hazel) Seed Oil, Camellia Oleife...",coco_caprylate/caprate; macadamia_integrifolia_seed_oil; dicaprylyl_ether; caprylic/capric_triglyceride; prunus_amygdalus_dulcis_sweet_almond_oil; corylus_avellana_hazel_seed_oil; camellia_oleifera_seed_oil; fragrance; camellia_japonica_seed_oil; tocopherol; argania_spinosa_kernel_oil; borago_officinalis_seed_oil; tocopheryl_acetate; helianthus_annuus_sunflower_seed_oil; rosmarinus_officinalis_rosemary_leaf_extract...,UNCERTAIN|PARSED_STANDARD|PRESERVED_COMPOUND
P_1591,Kem Chống Nắng B.O.M Nâng Tông Dịu Nhẹ 50ml,"Purified Water, Cyclomethicone, Zinc Oxide, Titanium Dioxide, Propanediol, Polyglyceryl
-3 Polydimethylsiloxyethyl Dimethicone, Dibutyl Adipate, Caprylyl Methicone, 1,2
-Hexanediol, Disteardimonium He...",purified_water; cyclomethicone; zinc_oxide; titanium_dioxide; propanediol; polyglyceryl_3_polydimethylsiloxyethyl_dimethicone; dibutyl_adipate; caprylyl_methicone; 1_2_hexanediol; disteardimonium_hectorite; magnesium_sulfate; hydrogen_dimethicone; alu_minum_hydroxide; salvia_hispanica_seed_extract; c30_45_alkyl_cetearyl_dimethicone_crosspolymer...,RESOLVED_NUMERIC_COMMA|PARSED_STANDARD|PRESERVED_COMPOUND|UNCERTAIN
P_1753,Sữa Chống Nắng Bioderma Phổ Rộng Ráo Mịn - Màu Beige 40ml,"1. Sữa Chống Nắng Bioderma Phổ Rộng Ráo Mịn
- Không Màu Aqua/Water/Eau, C12
-15 Alkyl Benzoate, Silica, Glycerin, Bis
-Ethylhexyloxyphenol Methoxyphenyl Triazine, Butyl Methoxydibenzoylmethane, Ethylh...",1._sữa_chống_nắng_bioderma_phổ_rộng_ráo_mịn_không_màu_water; c12_15_alkyl_benzoate; silica; glycerin; bis_ethylhexyloxyphenol_methoxyphenyl_triazine; butyl_methoxydibenzoylmethane; ethylhexyl_methoxycrylene; diethylamino_hydroxybenzoyl_hexyl_benzoate; diisopropyl_sebacate; lauroyl_lysine; propanediol; dicaprylyl_carbonate; 1_2_hexanediol; polysorbate_60; cetyl_phosphate...,UNCERTAIN|PARSED_STANDARD|RESOLVED_NUMERIC_COMMA
P_885,Kem Dưỡng Avène Giảm Khô Ngứa Cho Da Viêm Thể Tạng 200ml,"Avène Thermal Spring Water, Glycerin, Mineral Oil, Cetearyl Alcohol, Oenothera Biennis Oil, Caprylic/Capric Triglyceride, Cetearyl Glucoside, Aquaphilus Dolomiae Extract, Arginine, Carbomer, Evening P...",avène_thermal_spring_water; glycerin; mineral_oil; cetearyl_alcohol; oenothera_biennis_oil; caprylic/capric_triglyceride; cetearyl_glucoside; aquaphilus_dolomiae_extract; arginine; carbomer; evening_primrose_oil/palm_oil_aminopropanediol_esters; glycine; sodium_hydroxide; tocopherol,UNCERTAIN|PARSED_STANDARD|PRESERVED_COMPOUND
P_5825,Gel Rửa Mặt Isis Pharma Giảm Nhờn Mụn Cho Da Nhạy Cảm 250ml,"Thành phần sản phẩm Aqua (Water), Sodium Laureth Sulfate, Peg
-90 Glyceryl Isostearate, Glycerin, Cocamidopropyl Betaine, Pentylene Glycol, Sodium Chloride, Propanediol, Sodium Benzoate, Ppg
-26
-Bute...",thành_phần_sản_phẩm_aqua_water; sodium_laureth_sulfate; peg_90_glyceryl_isostearate; glycerin; cocamidopropyl_betaine; pentylene_glycol; sodium_chloride; propanediol; sodium_benzoate; ppg_26_buteth_26; chlorphenesin; laureth_2; citric_acid; peg_40_hydrogenated_castor_oil; parfum_fragrance...,UNCERTAIN|PARSED_STANDARD
P_845,Miếng Dán Mụn Derma Angel Dùng Cho Ngày 12 Miếng,hydrocolloid,hydrocolloid,PARSED_STANDARD
P_782,"Serum 9Wishes Dưỡng Sáng Da, Giảm Thâm 25ml","Carbonated Water, Water, Glycerin, Butylene Glycol, Galactomyces Ferment Filtrate, Beta
-Glucan, Bifida Fermet Filtrate, Snail Secretion Filtrate, Centella Asiatica Extract, Aqua, Glycerin, Butylene G...",carbonated_water; glycerin; butylene_glycol; galactomyces_ferment_filtrate; beta_glucan; bifida_fermet_filtrate; snail_secretion_filtrate; centella_asiatica_extract; betain; niacinamide; paeony_root_extract_2._tinh_chất_9_wishes_cấp_ẩm_chuyên_sâu_hydra_skin_ampule_serum_thành_phần_chính; chứa_tới_15000mg_hyaluronic_acid:_một_dạng_phân_tử_được_biết_đến_với_khả_năng_giữ_ẩm_tuyệt_vời; nhờ_đó_da_sẽ_luôn_đủ_ẩm; mịn_màng._thành_phần_đầy_đủ:_cocos_nucifera_coconut_water_50; 000mg...,UNCERTAIN|PARSED_STANDARD|RESOLVED_NUMERIC_COMMA
P_1093,Miếng Dán Mụn Derma Angel Salicylic Acid Ban Ngày 12 Miếng,"Thành phần sản phẩm Methylcellulose, Glyceryl Rosinate, Hydrogenatad Styrene/Isopropene Copolymer, Paraffinum Liquidium, Polyurethane
-1.",thành_phần_sản_phẩm_methylcellulose; glyceryl_rosinate; hydrogenatad_styrene/isopropene_copolymer; paraffinum_liquidium; polyurethane_1,UNCERTAIN|PARSED_STANDARD
P_4451,"Sữa Rửa Mặt Laboratorios Babé Dịu Êm Cho Da Dầu, Mụn 200ml","Aqua, Sodium Cocoamphoacetate, Lactobacillus Ferment, Sodium Laureth Sulfate, Peg
-200 Hydrogenated Glyceryl Palmate, Peg
-120 Methyl Glucose Dioleate, Succinic Acid, Salicylic Acid, Sodium Hyaluronat...",sodium_cocoamphoacetate; lactobacillus_ferment; sodium_laureth_sulfate; peg_200_hydrogenated_glyceryl_palmate; peg_120_methyl_glucose_dioleate; succinic_acid; salicylic_acid; sodium_hyaluronate; panthenol; zinc_pca; potassium_azeloyl_diglycinate; tetrasodium_glutamate_diacetate; pantolactone; polysorbate_20; peg_7_glyceryl_cocoate...,RESOLVED_NUMERIC_COMMA|PARSED_STANDARD
P_5835,"Serum Timeless Hyaluronic Acid Cấp Nước, Dưỡng Ẩm Da 30ml","Water, Sodium Hyaluronate (1%; 100% pure), Benzylalcohol, Dehydroacetic Acid.",sodium_hyaluronate_1; 100%_pure; benzylalcohol; dehydroacetic_acid,UNCERTAIN|PARSED_STANDARD
P_2322,Miếng Dán Mụn Mayan Ultra Thin Spot Plus 12+8 Miếng,Thành phần sản phẩm P.U film màu vàng,thành_phần_sản_phẩm_p.u_film_màu_vàng,UNCERTAIN
P_3223,Gel Dưỡng Fixderma Giúp Làm Mờ Sẹo 15ml,"Aqua, Allium cepa (Onion) bulb extract, Aloe Barbadensis Leaf Juice, Nicotinamide, Glycerol, Allantoin, Xanthan Gum, Phenoxyethanol, Ethylhexylglycerin, Panthenol, Lactic Acid, Disodium EDTA, Fragranc...",allium_cepa_onion_bulb_extract; aloe_barbadensis_leaf_juice; nicotinamide; glycerol; allantoin; xanthan_gum; phenoxyethanol; ethylhexylglycerin; panthenol; lactic_acid; disodium_edta; fragrance,PARSED_STANDARD
P_130,Kem Dưỡng GoodnDoc Rau Má Dưỡng Ẩm Phục Hồi Da 50ml,"Water, Butylene Glycol, Glycerin, Centella Asiatica Extract, Beta
-Glucan, C 14
-22 Alcohols, C12
-20 Alkyl Glucoside, Vitis Vinifera (Grape) Seed Oil, Squalane, Ca prylic/Capric Triglyceride, Niacina...",butylene_glycol; glycerin; centella_asiatica_extract; beta_glucan; c_14_22_alcohols; c12_20_alkyl_glucoside; vitis_vinifera_grape_seed_oil; squalane; ca_prylic/capric_triglyceride; niacinamide; beeswax; 1_2_hexanediol; borago_officinalis_s_eed_oil; triticum_vulgare_wheat_sprout_extract; brassica_oleracea_italica_broccoli_sp_rout_extract...,UNCERTAIN|PARSED_STANDARD|RESOLVED_NUMERIC_COMMA
P_2348,Serum Anessa Dưỡng Da Và Phục Hồi Da Sau Nắng 180ml,"Water, Dipropylene Glycol, Glycerin, Alcohol, Niacinamide, Mineral Oil, Cetyl Ethylhexanoate, Dimethicone, Diphenylsiloxy Phenyl Trimethicone, Phenoxyethanol, Glyceryl Stearate Se, Carbomer, Peg
-60 G...",dipropylene_glycol; glycerin; alcohol; niacinamide; mineral_oil; cetyl_ethylhexanoate; dimethicone; diphenylsiloxy_phenyl_trimethicone; phenoxyethanol; glyceryl_stearate_se; carbomer; peg_60_glyceryl_isostearate; peg/ppg_17/4_dimethyl_ether; potassium_hydroxide; fragrance...,PARSED_STANDARD|PRESERVED_COMPOUND
P_4111,Sữa Rửa Mặt Nivea Men Than Đen Hoạt Tính Sáng Da 100g,"Aqua, Glycerin, Myristic Acid, Palmitic Acid, Stearic Acid, Potassium Hydroxide, Lauric Acid, Glyceryl Stearate, PEG
-8, Cera Alba, Carnitine, Garcinia Cambogia Fruit Extract, Magnolia Officinalis Bar...",glycerin; myristic_acid; palmitic_acid; stearic_acid; potassium_hydroxide; lauric_acid; glyceryl_stearate; peg_8; cera_alba; carnitine; garcinia_cambogia_fruit_extract; magnolia_officinalis_bark_extract; fucus_vesiculosus_extract; malpighia_glabra_fruit_juice; glycyrrhiza_glabra_root_extract...,UNCERTAIN|PARSED_STANDARD|PRESERVED_COMPOUND
P_1092,"Serum DrCeutics 10% B5 Cấp Ẩm Hỗ Trợ Làm Dịu, Phục Hồi 30g","Aqua, Centella Asiatica Leaf Extract, Panthenol, Snail Secretion Filtrate, Butylene Glycol, Propylene Glycol, Sodium Hyaluronate, PhenoxyEthanol, Ethylhexylglycerin",centella_asiatica_leaf_extract; panthenol; snail_secretion_filtrate; butylene_glycol; propylene_glycol; sodium_hyaluronate; phenoxyethanol; ethylhexylglycerin,PARSED_STANDARD
P_48,Kem Dưỡng Olay Luminous Sáng Da Mờ Thâm Nám Ban Đêm 50g,"Water, Glycerin, Ethylhexyl Salicylate, Niacinamide, Butyl Methoxydibenzoylmethane, Dimethicone/Vinyl Dimethicone Crosspolymer, Dimethicone, Isopropyl Isostearate, Octocrylene, Phenylbenzimidazole Sul...",glycerin; ethylhexyl_salicylate; niacinamide; butyl_methoxydibenzoylmethane; dimethicone/vinyl_dimethicone_crosspolymer; dimethicone; isopropyl_isostearate; octocrylene; phenylbenzimidazole_sulfonic_acid; polyacrylamide; polyethylene; triethanolamine; stearyl_alcohol; c13_14_isoparaffin; benzyl_alcohol...,UNCERTAIN|PARSED_STANDARD|PRESERVED_COMPOUND
P_62,Serum L'Oreal Hyaluronic Acid Cấp Ẩm Sáng Da 30ml,"Aqua / Water, Glycerin, Hydroxyethylpiperazine Ethane Sulfonic Acid, Sodium Hyaluronate, Peg
-60 Hydrogenated Castor Oil, Secale Cereale Seed Extract / Rye Seed Extract, Calcium Pantothenate, Dipeptid...",glycerin; hydroxyethylpiperazine_ethane_sulfonic_acid; sodium_hyaluronate; peg_60_hydrogenated_castor_oil; secale_cereale_seed_extract; rye_seed_extract; calcium_pantothenate; dipeptide_diaminobutyroyl_benzylamide_diacetate; ascorbyl_glucoside; disodium_edta; pentylene_glycol; phenoxyethanol; chlorphenesin,PARSED_STANDARD
P_5040,Combo 2 Serum Olay Giúp Da Săn Chắc Và Mịn Màng 30ml,"Water, Dimethicone, Lauroyl Lysine, Pentylene Glycol, Silica, Gluconolactone, Dipropylene Glycol, Glycerin, Isopropyl Lauroyl Sarcosinate, Propylene Glycol, Sodium Gluconate, Niacinamide, Trehalose, P...",dimethicone; lauroyl_lysine; pentylene_glycol; silica; gluconolactone; dipropylene_glycol; glycerin; isopropyl_lauroyl_sarcosinate; propylene_glycol; sodium_gluconate; niacinamide; trehalose; polyacrylate_crosspolymer_6; boron_nitride; bakuchiol...,PARSED_STANDARD
P_1313,Nước Dưỡng Bio-essence Vàng 24K Ngừa Lão Hoá Da 150ml,"Water, Glyceryl Polyacrylate, Butylene Glycol, Glycerin, Niacinamide, Euglena Gracilis Extract, Candida Bombicola/Glucose/Methyl Rapeseedate Ferment, Pentylene Glycol, Fructose, Urea, Citric Acid, Sod...",glyceryl_polyacrylate; butylene_glycol; glycerin; niacinamide; euglena_gracilis_extract; candida_bombicola/glucose/methyl_rapeseedate_ferment; pentylene_glycol; fructose; urea; citric_acid; sodium_hydroxide; maltose; sodium_pca; sodium_chloride; sodium_lactate...,UNCERTAIN|PARSED_STANDARD|PRESERVED_COMPOUND
P_21,"Gel Rửa Mặt La Roche-Posay Dành Cho Da Dầu, Nhạy Cảm 400ml","Aqua / Water, Sodium Laureth Sulfate, Peg
-8, Coco
-Betaine, Hexylene Glycol, Sodium Chloride, Peg
-120 Methyl Glucose Dioleate, Zinc Pca, Sodium Hydroxide, Citric Acid, Sodium Benzoate, Phenoxyethano...",sodium_laureth_sulfate; peg_8; coco_betaine; hexylene_glycol; sodium_chloride; peg_120_methyl_glucose_dioleate; zinc_pca; sodium_hydroxide; citric_acid; sodium_benzoate; phenoxyethanol; caprylyl_glycol; fragrance,PARSED_STANDARD
P_4544,Combo 2 Kem Dưỡng Bioderma Giúp Se Khít Lỗ Chân Lông 30ml,"Aqua/Water/Eau, Methyl Methacrylate Crosspolymer, Dipropylene Glycol, Cyclopentasiloxane, Cyclohexasiloxane, Dimethicone, Glycerin, Butylene Glycol, Fomes Officinalis (Mushroom) Extract, Sodium Polyac...",methyl_methacrylate_crosspolymer; dipropylene_glycol; cyclopentasiloxane; cyclohexasiloxane; dimethicone; glycerin; butylene_glycol; fomes_officinalis_mushroom_extract; sodium_polyacrylate; salicylic_acid; dodecyl_gallate; ginkgo_biloba_leaf_extract; mannitol; xylitol; rhamnose...,RESOLVED_NUMERIC_COMMA|PARSED_STANDARD|PRESERVED_COMPOUND
P_4481,Combo 2 Gel Chống Nắng L'Oreal Watergel Thế Hệ Mới 50ml,"Aqua / Water, Dimethicone, Alcohol, Pvp, Isododecane, Trimethylsiloxysilicate, Peg
-40 Hydrogenated Castor Oil, Butylene Glycol, Peg
-7 Glyceryl Cocoate, Phenoxyethanol, 1,2
-Hexanediol, Amp
-Acrylate...",dimethicone; alcohol; pvp; isododecane; trimethylsiloxysilicate; peg_40_hydrogenated_castor_oil; butylene_glycol; peg_7_glyceryl_cocoate; phenoxyethanol; 1_2_hexanediol; amp_acrylates/allyl_methacrylate_copolymer; squalane; tocopheryl_acetate; caprylyl_glycol; fragrance...,RESOLVED_NUMERIC_COMMA|PARSED_STANDARD|UNCERTAIN
P_1531,Sữa Rửa Mặt Naris Nature Cho Da Mụn Chiết Xuất Mù Tạt 100g,"Thành phần sản phẩm Sữa Rửa Mặt Naris Nature Charcoal Facial Wash
• Chiết xuất Than Hoạt Tính: giúp loại bỏ triệt để bụi bẩn, bã nhờn và ngăn chặn quá trình oxy hóa giúp mang lại làn da mịn màng tươi ...",thành_phần_sản_phẩm_sữa_rửa_mặt_naris_nature_charcoal_facial_wash; chiết_xuất_than_hoạt_tính:_giúp_loại_bỏ_triệt_để_bụi_bẩn; bã_nhờn_và_ngăn_chặn_quá_trình_oxy_hóa_giúp_mang_lại_làn_da_mịn_màng_tươi_sáng._water; dipropylene_glycol; myristic_acid; stearic_acid; potassium_hydroxide; lauric_acid; glycerin; palmitic_acid; sorbitol; lauryl_hydroxysultaine; hydrogenated_castor_oil; potassium_laurate; peg_50_hydrogenated_castor_oil...,UNCERTAIN|PARSED_STANDARD|PRESERVED_COMPOUND
P_1373,Kem Dưỡng Bio-essence Vàng 24K Ngừa Lão Hóa Ban Đêm 40g,"Water, Cyclopentasiloxane, Glycerin, Glyceryl Polyacrylate, Cetearyl Dimethicone/Vinyl Dimethicone Crosspolymer, Hydrogenated Polyisobutene, Cetearyl Olivate, Sorbitan Olivate, Sodium Carbomer, Aloe B...",cyclopentasiloxane; glycerin; glyceryl_polyacrylate; cetearyl_dimethicone/vinyl_dimethicone_crosspolymer; hydrogenated_polyisobutene; cetearyl_olivate; sorbitan_olivate; sodium_carbomer; aloe_barbadensis_leaf_juice; niacinamide; euglena_gracilis_extract; caprooyl_tetrapeptide_3; tocopherol; dextran; codium_tomentosum_extract...,UNCERTAIN|PARSED_STANDARD|PRESERVED_COMPOUND
P_493,"Serum Prettyskin B5 Phục Hồi, Dưỡng Sáng Cho Da Dầu 50ml","Water, Panthenol (Dexpanthenol), Niacinamide, Glycerin, Alcohol Denat., Hyaluronic Acid, Centella Asiatica Extract, Butylene Glycol, 1,2
-Hexanediol, PEG
-60 Hydrogenated Castor Oil, Sodium Hyaluronat...",panthenol_dexpanthenol; niacinamide; glycerin; alcohol_denat; hyaluronic_acid; centella_asiatica_extract; butylene_glycol; 1_2_hexanediol; peg_60_hydrogenated_castor_oil; sodium_hyaluronate; hydrolyzed_collagen; aloe_barbadensis_leaf_extract; camellia_sinensis_leaf_extract; allantoin; carbomer...,RESOLVED_NUMERIC_COMMA|PARSED_STANDARD|PRESERVED_COMPOUND|UNCERTAIN
P_1633,"Serum Paula’s Choice Sáng Da, Giúp Se Lỗ Chân Lông 20ml","Water (Aqua), Niacinamide (vitamin B3, skin
-restoring ), Acetyl Glucosamine (skin replenishing/antioxidant), Ascorbyl Glucoside (vitamin C/antioxidant), Butylene Glycol (hydration), Phospholipids (sk...",water_aqua; niacinamide_vitamin_b3; skin_restoring; acetyl_glucosamine_skin_replenishing/antioxidant; ascorbyl_glucoside_vitamin_c/antioxidant; butylene_glycol_hydration; phospholipids_skin_replenishing; sodium_hyaluronate_hydration/skin_replenishing; allantoin_skin_soothing; boerhavia_diffusa_root_extract_skin_soothing; glycerin_hydration/skin_replenishing; dipotassium_glycyrrhizate_skin_soothing; glycyrrhiza_glabra_root_extract_licorice_extract/skin_soothing; ubiquinone_antioxidant; epigallocatechin_gallate_antioxidant...,UNCERTAIN|PARSED_STANDARD
P_3795,Kem Chống Nắng Nivea Dạng Sữa Trong Suốt Mỏng Nhẹ SPF50+ 40ml,"Aqua, Alcohol Denat, C12
-15 Alkyl Benzoate, Butylene Glycol Dicaprylate
-Dicaprate, Ethylhexyl Triazone, Isopropyl Palmitate, Bis
-Ethylhexyloxyphenol Methoxyphenyl Triazine, Dibutyl Adipate, Diethyl...",alcohol_denat; c12_15_alkyl_benzoate; butylene_glycol_dicaprylate_dicaprate; ethylhexyl_triazone; isopropyl_palmitate; bis_ethylhexyloxyphenol_methoxyphenyl_triazine; dibutyl_adipate; diethylamino_hydroxybenzoyl_hexyl_benzoate; phenylbenzimidazole_sulfonic_acid; tapioca_starch; polyglyceryl_6_stearate; distarch_phosphate; silica_dimethyl_silylate; niacinamide; tocopheryl_acetate...,UNCERTAIN|PARSED_STANDARD
P_222,Kem Dưỡng Olay Total Effects Ngừa Lão Hóa Da Ban Đêm 50g,"• Kem Dưỡng Olay Total Effects Ngừa Lão Hóa Da Ban Ngày 50g: Water, Glycerin, Niacinamide, Ethylhexyl Salicylate, Butyl Methoxydibenzoylmethane, Isopropyl Isostearate, Octocrylene, Panthenol, Phenylbe...",kem_dưỡng_olay_total_effects_ngừa_lão_hóa_da_ban_ngày_50g:_water; glycerin; niacinamide; ethylhexyl_salicylate; butyl_methoxydibenzoylmethane; isopropyl_isostearate; octocrylene; panthenol; phenylbenzimidazole_sulfonic_acid; acrylamide/sodium_acryloyldimethyltaurate_copolymer; triethanolamine; stearyl_alcohol; tocopheryl_acetate; benzyl_alcohol; ptfe...,UNCERTAIN|PARSED_STANDARD
P_1270,Sữa Rửa Mặt Hada Labo Chăm Sóc Da Lão Hóa Cao Cấp 100g,"Water, Sodium Cocoyl Glycinate, Propylene Glycol, Pentylene Glycol, Coco
-Betaine, Acrylates Copolymer, PEG
-150 Pentaerythrityl Tetrastearate, Glycerin, PPG
-2 Hydroxyethyl Cocamide, Fortunella Marga...",sodium_cocoyl_glycinate; propylene_glycol; pentylene_glycol; coco_betaine; acrylates_copolymer; peg_150_pentaerythrityl_tetrastearate; glycerin; ppg_2_hydroxyethyl_cocamide; fortunella_margarita_fruit_extract; actinidia_chinensis_kiwi_fruit_extract; sodium_dilauramidoglutamide_lysine; vaccinium_myrtillus_fruit_extract_bilberry; melia_azadirachta_extract; pogostemon_cablin_oil; saccharum_officinarum_sugarcane_extract...,UNCERTAIN|PARSED_STANDARD
P_418,Tinh Chất Angel's Liquid Giảm Thâm Nám Chuyên Biệt 30ml,"3% t.x.a, 5% niacinamide, 2% bakuchiol",3%_t.x.a; 5%_niacinamide; 2%_bakuchiol,UNCERTAIN
P_3254,Sữa Rửa Mặt Evoluderm Bổ Sung Vitamin E Cấp Ẩm Dịu Nhẹ 250ml,"Thành phần sản phẩm Aqua, Paraffinum Liquidum, Glycerin, Oleth
-10, Xanthan Gum, Oleth
-5, Phenoxyethanol, Carbomer, Parfum, Panthenol, Sodium Hydroxide, Methylparaben, Tocopheryl Acetate, Ethylparabe...",thành_phần_sản_phẩm_aqua; paraffinum_liquidum; glycerin; oleth_10; xanthan_gum; oleth_5; phenoxyethanol; carbomer; parfum; panthenol; sodium_hydroxide; methylparaben; tocopheryl_acetate; ethylparaben; butylparaben...,UNCERTAIN|PARSED_STANDARD
P_1713,"Serum SVR Ngừa Nếp Nhăn, Phục Hồi & Dưỡng Ẩm Da 30ml","Thành phần sản phẩm
• Vitamin B3 (Niacinamide): giúp củng cố và hỗ trợ phục hồi hàng rào bảo vệ da.
• 3 loại Hyaluronic Acid với trọng lượng phân tử khác nhau (trung bình, cao và rất cao): giúp dưỡng ...",thành_phần_sản_phẩm; vitamin_b3_niacinamide_:_giúp_củng_cố_và_hỗ_trợ_phục_hồi_hàng_rào_bảo_vệ_da; 3_loại_hyaluronic_acid_với_trọng_lượng_phân_tử_khác_nhau_trung_bình; cao_và_rất_cao_:_giúp_dưỡng_ẩm_và_làm_da_căng_mọng._bảng_thành_phần:_water; glycerin; niacinamide; isopentyldiol; sodium_hyaluronate_crosspolymer; hydrolyzed_hyaluronic_acid; sodium_hyaluronate; 1_2_hexanediol; acrylates/c10_30_alkyl_acrylate_crosspolymer; caprylyl_glycol; pentylene_glycol; sodium_hydroxide,UNCERTAIN|PARSED_STANDARD|PRESERVED_COMPOUND|RESOLVED_NUMERIC_COMMA
P_1401,Kem Chống Nắng Round Lab Kiềm Dầu Nâng Tông 50ml,"Water, Cyclopentasiloxane, Ethylhexyl Methoxycinnamate, Cyclohexasiloxane, Zinc Oxide (CI 77947), Ethylhexyl Salicylate, Butylene Glycol, Titanium Dioxide (CI 77891), Lauryl PEG
-9 Polydimethylsiloxye...",cyclopentasiloxane; ethylhexyl_methoxycinnamate; cyclohexasiloxane; zinc_oxide_ci_77947; ethylhexyl_salicylate; butylene_glycol; titanium_dioxide_ci_77891; lauryl_peg_9_polydimethylsiloxyethyl; dimethicone; dipropylene_glycol; ethylhexyl_palmitate; polymethylsilsesquioxane; dimethicone/vinyl_dimethicone_crosspolymer; caprylyl_methicone; cetyl_peg/ppg_10/1_dimethicone...,RESOLVED_NUMERIC_COMMA|PARSED_STANDARD|PRESERVED_COMPOUND|UNCERTAIN
P_82,"Serum Garnier Giảm Mụn Mờ Thâm Cho Da Dầu, Mụn 30ml","Aqua / Water, Alcohol Denat., Niacinamide, Glycerin, Propanediol, Linalool, Geraniol, Sodium Hydroxide, Salicylic Acid, Ascorbyl Glucoside, Limonene, Hydroxypropyl Guar, Hydroxyacetophenone, Hydroxyet...",alcohol_denat; niacinamide; glycerin; propanediol; linalool; geraniol; sodium_hydroxide; salicylic_acid; ascorbyl_glucoside; limonene; hydroxypropyl_guar; hydroxyacetophenone; hydroxyethylpiperazine_ethane_sulfonic_acid; citrus_limon_fruit_extract; lemon_fruit_extract...,PARSED_STANDARD
P_1872,Sữa Rửa Mặt Naris Acmedica Chăm Sóc Da Mụn 100g,"Glycerin, Sorbitol, Menthol, Pyridoxine, Houttuynia cordata Extract, Aloe Barbadensis Leaf Juice Powder, Magnesium Ascorbyl Phosphate,...",glycerin; sorbitol; menthol; pyridoxine; houttuynia_cordata_extract; aloe_barbadensis_leaf_juice_powder; magnesium_ascorbyl_phosphate,PARSED_STANDARD
P_965,"Serum Klairs Phục Hồi, Ngừa Lão Hoá Da Ban Đêm 20ml","Sh
-Oligopeptide
- 1, sh
-Polypeptide
- 1, Butylene Glycol, Vaccinium Angustifolium (Blueberry) Fruit Extract, Sorbitan Sesquioleate, PEG
-60 Hydrogenated Castor Oil, Chlorphenesin, Guaiazulene, Ethyl...",sh_oligopeptide_1; sh_polypeptide_1; butylene_glycol; vaccinium_angustifolium_blueberry_fruit_extract; sorbitan_sesquioleate; peg_60_hydrogenated_castor_oil; chlorphenesin; guaiazulene; ethylhexylglycerin; adenosine,PARSED_STANDARD
P_145,Tinh Chất Chống Nắng Tenamyd Dạng Nước SPF50/PA+++ 70ml,"màng lọc chống nắng vật lý (titanium dioxide, zinc oxide), hợp chất 7 loại hoa trắng (white flower complex), chiết xuất hoa cúc (chamomile extract), methyl methacrylate crosspolymer, inorganic pigment...",màng_lọc_chống_nắng_vật_lý_titanium_dioxide; zinc_oxide; hợp_chất_7_loại_hoa_trắng_white_flower_complex; chiết_xuất_hoa_cúc_chamomile_extract; methyl_methacrylate_crosspolymer; inorganic_pigments,UNCERTAIN|PARSED_STANDARD
P_740,Gel Giảm Mụn Eucerin Dành Cho Mụn Viêm & Không Viêm 40ml,"Aqua, Glycolic Acid, Dimethicone, Glycerin, Cetearyl Alcohol, Glyceryl Stearate, Sodium Hydroxide, Gluconolactone, PEG
-40 Stearate, Salicylic Acid, PEG
-150 Distearate, Glycyrrhiza Inflata Root Extra...",glycolic_acid; dimethicone; glycerin; cetearyl_alcohol; glyceryl_stearate; sodium_hydroxide; gluconolactone; peg_40_stearate; salicylic_acid; peg_150_distearate; glycyrrhiza_inflata_root_extract; panthenol; xanthan_gum; trisodium_edta; phenoxyethanol...,PARSED_STANDARD
P_146,"Serum So'Natural Tái Tạo Da Sinh Học, Mờ Thâm Sáng Da 35ml","Water, Glycolic Acid, Butylene Glycol, Glycerin, Sodium Hydroxide, 1,2
-Hexanediol, Xanthan Gum, Gaultheria Procumbens (Wintergreen) Leaf Extract, Lactic Acid, Gardenia Jasminoides Fruit Extract, Vacc...",glycolic_acid; butylene_glycol; glycerin; sodium_hydroxide; 1_2_hexanediol; xanthan_gum; gaultheria_procumbens_wintergreen_leaf_extract; lactic_acid; gardenia_jasminoides_fruit_extract; vaccinium_myrtillus_fruit_extract; citric_acid; ethylhexylglycerin; disodium_edta; rubus_idaeus_raspberry_fruit_extract; caprylic/capric_triglyceride...,RESOLVED_NUMERIC_COMMA|PARSED_STANDARD|PRESERVED_COMPOUND|UNCERTAIN
P_5337,Bộ Sản Phẩm d program Ngăn Ngừa Lão Hoá Sache 2 Món,"Thành phần sản phẩm Nước Cân Bằng d program Giúp Cải Thiện Dấu Hiệu Lão Hóa Vital Act Lotion II Water (Aqua), Glycerin, Butylene Glycol, Dipropylene Glycol, Tranexamic Acid, Peg
-32, Peg
-6, Peg/Ppg
-...",thành_phần_sản_phẩm_nước_cân_bằng_d_program_giúp_cải_thiện_dấu_hiệu_lão_hóa_vital_act_lotion_ii_water_aqua; glycerin; butylene_glycol; dipropylene_glycol; tranexamic_acid; peg_32; peg_6; peg/ppg_14/7_dimethyl_ether; phenoxyethanol; isostearic_acid; hydrogenated_polydecene; peg_30_phytosterol; carbomer; erythritol; sodium_metaphosphate...,UNCERTAIN|PARSED_STANDARD|PRESERVED_COMPOUND
P_5440,Kem Chống Nắng La Roche-Posay Giúp Giảm Mụn & Bóng Nhờn 50ml,"Aqua / Water / Eau
• Silica
• Isopropyl Palmitate
• Bis
-Ethylhexyloxyphenol Methoxyphenyl Triazine
• Ethylhexyl Salicylate
• Ethylhexyl Triazone
• Butyl Methoxydibenzoylmethane
• Dicaprylyl Ether
• N...",silica; isopropyl_palmitate; bis_ethylhexyloxyphenol_methoxyphenyl_triazine; ethylhexyl_salicylate; ethylhexyl_triazone; butyl_methoxydibenzoylmethane; dicaprylyl_ether; niacinamide; drometrizole_trisiloxane; phenylbenzimidazole_sulfonic_acid; diisopropyl_adipate; triethanolamine; glycerin; zea_mays_starch; corn_starch...,PARSED_STANDARD|PRESERVED_COMPOUND
P_5788,Serum Cosmedica Hyaluronic Acid Cấp Nước Cho Da 60ml,"Distilled Water, Sodium Hyaluronate (Hyaluronic Acid), Benzylalcohol
-DHA",distilled_water; sodium_hyaluronate_hyaluronic_acid; benzylalcohol_dha,PARSED_STANDARD
P_789,Kem Dưỡng Ẩm Nivea Dưỡng Da Sáng Mịn 30ml,"Aqua, Paraffinum Liquidum, Cera Microcristallina, Glycerin, Lanolin Alcohol (Eucerit ), Paraffin, Panthenol, Magnesium Sulfate, Decyl Oleate, Octyldodecanol, Aluminum Stearates, Citric Acid, Magnesium...",paraffinum_liquidum; cera_microcristallina; glycerin; lanolin_alcohol_eucerit; paraffin; panthenol; magnesium_sulfate; decyl_oleate; octyldodecanol; aluminum_stearates; citric_acid; magnesium_stearate; sodium_anisate; parfum,PARSED_STANDARD
P_2314,Sữa Chống Nắng CeraVe Dưỡng Ẩm Phục Hồi 52ml,"Aqua / Water, Glycerin, Isopropyl Palmitate, Bis
-Ethylhexyloxyphenol, Methoxyphenyl Triazine, Ethylhexyl Salicylate, Niacinamide, Pentylene Glycol, Butyl Methoxydibenzoylmethane, Ethylhexyl Triazone,...",glycerin; isopropyl_palmitate; bis_ethylhexyloxyphenol; methoxyphenyl_triazine; ethylhexyl_salicylate; niacinamide; pentylene_glycol; butyl_methoxydibenzoylmethane; ethylhexyl_triazone; propanediol; zea_mays; starch; corn_starch; potassium_cetyl_phosphate; diisopropyl_sebacate...,PARSED_STANDARD|PRESERVED_COMPOUND
P_2187,Xịt Chống Nắng Naris Cosmetics Nâng Tông Da 80g,"Lpg, Water, Ethylhexyl Methoxycinnamate, Isododecane, Cyclopentasiloxane, Ethanol, Neopentyl Glycol Diethylhexanoate, Caprylyl Methicone, (Vinyl Dimethicone/Methicone Silsesquioxane) Crosspolymer, Hyd...",lpg; ethylhexyl_methoxycinnamate; isododecane; cyclopentasiloxane; ethanol; neopentyl_glycol_diethylhexanoate; caprylyl_methicone; vinyl_dimethicone/methicone_silsesquioxane_crosspolymer; hydrolyzed_hyaluronic_acid; hydrolyzed_collagen; ascorbyl_phosphate_3na; ceramide_3; serine; ubiquinone; royal_jelly_extract...,UNCERTAIN|PARSED_STANDARD|PRESERVED_COMPOUND
P_5294,Sữa Rửa Mặt B.O.M Tạo Bọt Ngăn Ngừa Mụn 150ml,"Water, Glycerin, Palmitic Acid, Stearic Acid, Lauric Acid, Myristic Acid, Potassium Hydroxide, Lauryl Hydroxysultaine, Sorbitan Olivate, Polysorbate 20, Beeswax, Sodium Methyl Cocoyl Taurate, Salicyli...",glycerin; palmitic_acid; stearic_acid; lauric_acid; myristic_acid; potassium_hydroxide; lauryl_hydroxysultaine; sorbitan_olivate; polysorbate_20; beeswax; sodium_methyl_cocoyl_taurate; salicylic_acid; ethyl_hexanediol; sodium_chloride; citrus_aurantium_dulcis_orange_peel_oil...,RESOLVED_NUMERIC_COMMA|PARSED_STANDARD
P_4797,Kem Dưỡng Bio-essence Làm Giảm Đốm Nâu & Sáng Da 25g,"Water, Propylene Glycol, Cyclopentasiloxane, Glycerin, Acetyl Cysteine, Collagen Amino Acids, Caprylic/Capric Triglyceride, Cetyl Ethylhexanoate, Hydrogenated Polyisobutene, Arbutin, Tocopheryl Acetat...",propylene_glycol; cyclopentasiloxane; glycerin; acetyl_cysteine; collagen_amino_acids; caprylic/capric_triglyceride; cetyl_ethylhexanoate; hydrogenated_polyisobutene; arbutin; tocopheryl_acetate; titanium_dioxide; cetearyl_olivate; sorbitan_olivate; kojic_dipalmitate; c12_20_alkyl_glucoside...,PARSED_STANDARD|PRESERVED_COMPOUND
P_1291,"Serum Balance Active Formula AHA + BHA Tái Tạo, Sáng Da 30ml","Aqua (Water), Propylene Glycol, Glycolic Acid, Propanediol, Salicylic Acid, Panthenol, PEG
-40 Hydrogenated Castor Oil, Trideceth
-9, Phenoxyethanol, Xanthan Gum, Caprylyl Glycol, Allantoin, Benzophen...",aqua_water; propylene_glycol; glycolic_acid; propanediol; salicylic_acid; panthenol; peg_40_hydrogenated_castor_oil; trideceth_9; phenoxyethanol; xanthan_gum; caprylyl_glycol; allantoin; benzophenone_4; disodium_edta; sodium_hydroxide...,PARSED_STANDARD
P_3606,Lotion Chống Nắng Australis Le Tan SPF50+ Cho Da Nhạy Cảm 50ml,"Homosalate 8.00%, Octocrylene 6.00%, Butyl Methoxydibenzoylmethane 5.00%, Ethylhexyl Triazone 4.00%, Methylene Bis
-benzotriazolyl, Tetramethylbutylphenol 2.00%, Bemotrizinol 1.00%.",homosalate_8.00; octocrylene_6.00; butyl_methoxydibenzoylmethane_5.00; ethylhexyl_triazone_4.00; methylene_bis_benzotriazolyl; tetramethylbutylphenol_2.00; bemotrizinol_1.00,UNCERTAIN|PARSED_STANDARD
P_838,Sữa Rửa Mặt d program Tạo Bọt Dưỡng Da 120g,"Water (Aqua), Myristic Acid, Glycerin, Sorbitol, Peg
-6, Peg
-32, Potassium Hydroxide, Stearic Acid, Palmitic Acid, Sodium Cocoamphoacetate, Peg
-60 Glyceryl Isostearate, Glyceryl Stearate Se, Erythri...",water_aqua; myristic_acid; glycerin; sorbitol; peg_6; peg_32; potassium_hydroxide; stearic_acid; palmitic_acid; sodium_cocoamphoacetate; peg_60_glyceryl_isostearate; glyceryl_stearate_se; erythritol; xylitol; beeswax_cera_alba...,PARSED_STANDARD
P_448,Kem Chống Nắng L'Oreal Mịn Nhẹ Kiềm Dầu Thoáng Mịn Da 50ml,"Aqua / Water, Dimethicone, Alcohol, Pvp, Isododecane, Trimethylsiloxysilicate, Peg
-40 Hydrogenated Castor Oil, Butylene Glycol, Peg
-7 Glyceryl Cocoate, Phenoxyethanol, 1,2
-Hexanediol, Amp
-Acrylate...",dimethicone; alcohol; pvp; isododecane; trimethylsiloxysilicate; peg_40_hydrogenated_castor_oil; butylene_glycol; peg_7_glyceryl_cocoate; phenoxyethanol; 1_2_hexanediol; amp_acrylates/allyl_methacrylate_copolymer; squalane; tocopheryl_acetate; caprylyl_glycol; fragrance...,RESOLVED_NUMERIC_COMMA|PARSED_STANDARD|UNCERTAIN
P_139,Kem Dưỡng Ẩm Klairs Làm Dịu & Phục Hồi Da Ban Đêm 50g,"Water, Cetyl Ethylhexanoate, Butylene Glycol, Glycerin, Sodium Hyaluronate, Caprylic/Capric Triglyceride, Centella Asiatica Extract, Sorbitan Stearate, Cetyl Alcohol, Butyrospermum Parkii (Shea Butter...",cetyl_ethylhexanoate; butylene_glycol; glycerin; sodium_hyaluronate; caprylic/capric_triglyceride; centella_asiatica_extract; sorbitan_stearate; cetyl_alcohol; butyrospermum_parkii_shea_butter; argania_spinosa_kernel_oil; simmondsia_chinensis_jojoba_seed_oil; sorbitan_sesquioleate; glyceryl_stearate; stearic_acid; portulaca_oleracea_extract...,UNCERTAIN|PARSED_STANDARD|PRESERVED_COMPOUND|RESOLVED_NUMERIC_COMMA
