product_id,sku_id,product_name,leaf_category_id,leaf_category_name,parent_category_id,parent_category_name,level_1,level_2,level_3,breadcrumb,is_in_1004_subset
P_1,1,Sữa Rửa Mặt CeraVe Sạch Sâu Cho Da Thường Đến Da Dầu 473ml,1,Sữa Rửa Mặt,2002,Làm Sạch Da,Chăm Sóc Da Mặt,Làm Sạch Da,Sữa Rửa Mặt,Sức Khỏe - Làm Đẹp -> Chăm Sóc Da Mặt -> Làm Sạch Da -> Sữa Rửa Mặt,True
P_2,2,Combo 2 Nước Tẩy Trang Bí Đao Cocoon Làm Sạch & Giảm Dầu 500ml,2,Tẩy Trang Mặt,2002,Làm Sạch Da,Chăm Sóc Da Mặt,Làm Sạch Da,Tẩy Trang Mặt,Sức Khỏe - Làm Đẹp -> Chăm Sóc Da Mặt -> Làm Sạch Da -> Tẩy Trang Mặt,False
P_3,3,Combo Cocoon Nước Cân Bằng Sen Hậu Giang 310ml + Nước Tẩy Trang Bí Đao 500ml,3,Bộ Chăm Sóc Da Mặt,1001,Chăm Sóc Da Mặt,Chăm Sóc Da Mặt,Bộ Chăm Sóc Da Mặt,Bộ Chăm Sóc Da Mặt,Sức Khỏe - Làm Đẹp -> Chăm Sóc Da Mặt -> Bộ Chăm Sóc Da Mặt,False
P_4,4,Nước Hoa Hồng Klairs Không Mùi Cho Da Nhạy Cảm 180ml,4,Toner / Nước Cân Bằng Da,2002,Làm Sạch Da,Chăm Sóc Da Mặt,Làm Sạch Da,Toner / Nước Cân Bằng Da,Sức Khỏe - Làm Đẹp -> Chăm Sóc Da Mặt -> Làm Sạch Da -> Toner / Nước Cân Bằng Da,False
P_5,5,Nước Tẩy Trang Bioderma Dành Cho Da Nhạy Cảm 500ml,2,Tẩy Trang Mặt,2002,Làm Sạch Da,Chăm Sóc Da Mặt,Làm Sạch Da,Tẩy Trang Mặt,Sức Khỏe - Làm Đẹp -> Chăm Sóc Da Mặt -> Làm Sạch Da -> Tẩy Trang Mặt,False
P_6,6,Sữa Rửa Mặt Cetaphil Dịu Lành Cho Da Nhạy Cảm 500ml (Mới),1,Sữa Rửa Mặt,2002,Làm Sạch Da,Chăm Sóc Da Mặt,Làm Sạch Da,Sữa Rửa Mặt,Sức Khỏe - Làm Đẹp -> Chăm Sóc Da Mặt -> Làm Sạch Da -> Sữa Rửa Mặt,True
P_7,7,"Nước Tẩy Trang L'Oreal Tươi Mát Cho Da Dầu, Hỗn Hợp 400ml",2,Tẩy Trang Mặt,2002,Làm Sạch Da,Chăm Sóc Da Mặt,Làm Sạch Da,Tẩy Trang Mặt,Sức Khỏe - Làm Đẹp -> Chăm Sóc Da Mặt -> Làm Sạch Da -> Tẩy Trang Mặt,False
P_9,9,Combo Cocoon Nước Tẩy Trang Bí Đao 500ml + Gel Rửa Mặt Bí Đao 310ml,3,Bộ Chăm Sóc Da Mặt,1001,Chăm Sóc Da Mặt,Chăm Sóc Da Mặt,Bộ Chăm Sóc Da Mặt,Bộ Chăm Sóc Da Mặt,Sức Khỏe - Làm Đẹp -> Chăm Sóc Da Mặt -> Bộ Chăm Sóc Da Mặt,False
P_10,10,"Kem Chống Nắng La Roche-Posay Phổ Rộng, Nâng Tông Kiềm Dầu 50ml",6,Chống Nắng Da Mặt,1001,Chăm Sóc Da Mặt,Chăm Sóc Da Mặt,Chống Nắng Da Mặt,Chống Nắng Da Mặt,Sức Khỏe - Làm Đẹp -> Chăm Sóc Da Mặt -> Chống Nắng Da Mặt,True
P_11,11,Sữa Rửa Mặt CeraVe Sạch Sâu Cho Da Thường Đến Da Dầu 236ml,1,Sữa Rửa Mặt,2002,Làm Sạch Da,Chăm Sóc Da Mặt,Làm Sạch Da,Sữa Rửa Mặt,Sức Khỏe - Làm Đẹp -> Chăm Sóc Da Mặt -> Làm Sạch Da -> Sữa Rửa Mặt,True
P_12,12,Kem Dưỡng La Roche-Posay Giúp Phục Hồi Da Đa Công Dụng 40ml,7,Kem / Gel / Dầu Dưỡng,2003,Dưỡng Ẩm,Chăm Sóc Da Mặt,Dưỡng Ẩm,Kem / Gel / Dầu Dưỡng,Sức Khỏe - Làm Đẹp -> Chăm Sóc Da Mặt -> Dưỡng Ẩm -> Kem / Gel / Dầu Dưỡng,True
P_13,13,Kem Chống Nắng Skin1004 Cho Da Nhạy Cảm SPF 50+ 50ml,6,Chống Nắng Da Mặt,1001,Chăm Sóc Da Mặt,Chăm Sóc Da Mặt,Chống Nắng Da Mặt,Chống Nắng Da Mặt,Sức Khỏe - Làm Đẹp -> Chăm Sóc Da Mặt -> Chống Nắng Da Mặt,True
P_14,14,Nước Tẩy Trang Bioderma Dành Cho Da Dầu & Hỗn Hợp 500ml,2,Tẩy Trang Mặt,2002,Làm Sạch Da,Chăm Sóc Da Mặt,Làm Sạch Da,Tẩy Trang Mặt,Sức Khỏe - Làm Đẹp -> Chăm Sóc Da Mặt -> Làm Sạch Da -> Tẩy Trang Mặt,False
P_16,16,Sữa Chống Nắng Anessa Dưỡng Da Kiềm Dầu 60ml (Bản Mới),6,Chống Nắng Da Mặt,1001,Chăm Sóc Da Mặt,Chăm Sóc Da Mặt,Chống Nắng Da Mặt,Chống Nắng Da Mặt,Sức Khỏe - Làm Đẹp -> Chăm Sóc Da Mặt -> Chống Nắng Da Mặt,True
P_17,17,Kem Dưỡng La Roche-Posay Giúp Phục Hồi Da Đa Công Dụng 100ml,7,Kem / Gel / Dầu Dưỡng,2003,Dưỡng Ẩm,Chăm Sóc Da Mặt,Dưỡng Ẩm,Kem / Gel / Dầu Dưỡng,Sức Khỏe - Làm Đẹp -> Chăm Sóc Da Mặt -> Dưỡng Ẩm -> Kem / Gel / Dầu Dưỡng,True
P_18,18,Combo 3 Gel Rửa Mặt La Roche-Posay Cho Da Dầu Nhạy Cảm 50ml,1,Sữa Rửa Mặt,2002,Làm Sạch Da,Chăm Sóc Da Mặt,Làm Sạch Da,Sữa Rửa Mặt,Sức Khỏe - Làm Đẹp -> Chăm Sóc Da Mặt -> Làm Sạch Da -> Sữa Rửa Mặt,True
P_20,20,Sữa Chống Nắng Anessa Cho Da Nhạy Cảm & Trẻ Em 60ml (Mới),6,Chống Nắng Da Mặt,1001,Chăm Sóc Da Mặt,Chăm Sóc Da Mặt,Chống Nắng Da Mặt,Chống Nắng Da Mặt,Sức Khỏe - Làm Đẹp -> Chăm Sóc Da Mặt -> Chống Nắng Da Mặt,True
P_21,21,"Gel Rửa Mặt La Roche-Posay Dành Cho Da Dầu, Nhạy Cảm 400ml",1,Sữa Rửa Mặt,2002,Làm Sạch Da,Chăm Sóc Da Mặt,Làm Sạch Da,Sữa Rửa Mặt,Sức Khỏe - Làm Đẹp -> Chăm Sóc Da Mặt -> Làm Sạch Da -> Sữa Rửa Mặt,True
P_22,22,Serum d'Alba Dạng Xịt Nấm Truffle Trắng Căng Bóng Da 100ml,9,Serum / Tinh Chất,2004,Đặc Trị,Chăm Sóc Da Mặt,Đặc Trị,Serum / Tinh Chất,Sức Khỏe - Làm Đẹp -> Chăm Sóc Da Mặt -> Đặc Trị -> Serum / Tinh Chất,True
P_23,23,Serum La Roche-Posay Giảm Thâm Nám & Dưỡng Sáng Da 30ml,9,Serum / Tinh Chất,2004,Đặc Trị,Chăm Sóc Da Mặt,Đặc Trị,Serum / Tinh Chất,Sức Khỏe - Làm Đẹp -> Chăm Sóc Da Mặt -> Đặc Trị -> Serum / Tinh Chất,True
P_25,25,Nước Tẩy Trang La Roche-Posay Dành Cho Da Nhạy Cảm 400ml,2,Tẩy Trang Mặt,2002,Làm Sạch Da,Chăm Sóc Da Mặt,Làm Sạch Da,Tẩy Trang Mặt,Sức Khỏe - Làm Đẹp -> Chăm Sóc Da Mặt -> Làm Sạch Da -> Tẩy Trang Mặt,False
P_27,27,Kem Chống Nắng MartiDerm Phổ Rộng Bảo Vệ Toàn Diện 40ml,6,Chống Nắng Da Mặt,1001,Chăm Sóc Da Mặt,Chăm Sóc Da Mặt,Chống Nắng Da Mặt,Chống Nắng Da Mặt,Sức Khỏe - Làm Đẹp -> Chăm Sóc Da Mặt -> Chống Nắng Da Mặt,True
P_29,29,Nước Tẩy Trang L'Oreal Làm Sạch Sâu Trang Điểm 400ml,2,Tẩy Trang Mặt,2002,Làm Sạch Da,Chăm Sóc Da Mặt,Làm Sạch Da,Tẩy Trang Mặt,Sức Khỏe - Làm Đẹp -> Chăm Sóc Da Mặt -> Làm Sạch Da -> Tẩy Trang Mặt,False
P_31,31,Nước Tẩy Trang Garnier Dành Cho Da Dầu Và Mụn 400ml (Mới),2,Tẩy Trang Mặt,2002,Làm Sạch Da,Chăm Sóc Da Mặt,Làm Sạch Da,Tẩy Trang Mặt,Sức Khỏe - Làm Đẹp -> Chăm Sóc Da Mặt -> Làm Sạch Da -> Tẩy Trang Mặt,False
P_32,32,Kem Chống Nắng L'Oreal X20 Thoáng Da Mỏng Nhẹ 50ml,6,Chống Nắng Da Mặt,1001,Chăm Sóc Da Mặt,Chăm Sóc Da Mặt,Chống Nắng Da Mặt,Chống Nắng Da Mặt,Sức Khỏe - Làm Đẹp -> Chăm Sóc Da Mặt -> Chống Nắng Da Mặt,True
P_33,33,"Combo 2 Nước Tẩy Trang L'Oreal Tươi Mát Cho Da Dầu, Hỗn Hợp 400ml",2,Tẩy Trang Mặt,2002,Làm Sạch Da,Chăm Sóc Da Mặt,Làm Sạch Da,Tẩy Trang Mặt,Sức Khỏe - Làm Đẹp -> Chăm Sóc Da Mặt -> Làm Sạch Da -> Tẩy Trang Mặt,False
P_34,34,Combo 2 Nước Tẩy Trang L'Oreal Làm Sạch Sâu Trang Điểm 400ml,2,Tẩy Trang Mặt,2002,Làm Sạch Da,Chăm Sóc Da Mặt,Làm Sạch Da,Tẩy Trang Mặt,Sức Khỏe - Làm Đẹp -> Chăm Sóc Da Mặt -> Làm Sạch Da -> Tẩy Trang Mặt,False
P_35,35,Sữa Rửa Mặt Cetaphil Dịu Lành Cho Da Nhạy Cảm 125ml (Mới),1,Sữa Rửa Mặt,2002,Làm Sạch Da,Chăm Sóc Da Mặt,Làm Sạch Da,Sữa Rửa Mặt,Sức Khỏe - Làm Đẹp -> Chăm Sóc Da Mặt -> Làm Sạch Da -> Sữa Rửa Mặt,True
P_36,36,Sữa Rửa Mặt CeraVe Cho Da Thường Đến Khô 473ml,1,Sữa Rửa Mặt,2002,Làm Sạch Da,Chăm Sóc Da Mặt,Làm Sạch Da,Sữa Rửa Mặt,Sức Khỏe - Làm Đẹp -> Chăm Sóc Da Mặt -> Làm Sạch Da -> Sữa Rửa Mặt,True
P_38,38,"Serum L'Oreal Sáng Da, Mờ Thâm Mụn & Nám 30ml (Mới)",9,Serum / Tinh Chất,2004,Đặc Trị,Chăm Sóc Da Mặt,Đặc Trị,Serum / Tinh Chất,Sức Khỏe - Làm Đẹp -> Chăm Sóc Da Mặt -> Đặc Trị -> Serum / Tinh Chất,True
P_39,39,Sữa Dưỡng Ẩm Embryolisse Siêu Phục Hồi Da 75ml,7,Kem / Gel / Dầu Dưỡng,2003,Dưỡng Ẩm,Chăm Sóc Da Mặt,Dưỡng Ẩm,Kem / Gel / Dầu Dưỡng,Sức Khỏe - Làm Đẹp -> Chăm Sóc Da Mặt -> Dưỡng Ẩm -> Kem / Gel / Dầu Dưỡng,True
P_40,40,"Combo 10 Mặt Nạ Caryophy Giảm Mụn, Thâm & Dưỡng Ẩm Da 22g",11,Mặt Nạ Giấy,2001,Mặt Nạ,Chăm Sóc Da Mặt,Mặt Nạ,Mặt Nạ Giấy,Sức Khỏe - Làm Đẹp -> Chăm Sóc Da Mặt -> Mặt Nạ -> Mặt Nạ Giấy,False
P_42,42,"Kem Dưỡng Vichy Sáng Da, Mờ Thâm Nám Ban Đêm 50ml",7,Kem / Gel / Dầu Dưỡng,2003,Dưỡng Ẩm,Chăm Sóc Da Mặt,Dưỡng Ẩm,Kem / Gel / Dầu Dưỡng,Sức Khỏe - Làm Đẹp -> Chăm Sóc Da Mặt -> Dưỡng Ẩm -> Kem / Gel / Dầu Dưỡng,True
P_44,44,Kem Dưỡng Ẩm Neutrogena Cấp Nước Cho Da Dầu 50g,7,Kem / Gel / Dầu Dưỡng,2003,Dưỡng Ẩm,Chăm Sóc Da Mặt,Dưỡng Ẩm,Kem / Gel / Dầu Dưỡng,Sức Khỏe - Làm Đẹp -> Chăm Sóc Da Mặt -> Dưỡng Ẩm -> Kem / Gel / Dầu Dưỡng,True
P_45,45,"Nước Tẩy Trang La Roche-Posay Cho Da Dầu, Nhạy Cảm 400ml",2,Tẩy Trang Mặt,2002,Làm Sạch Da,Chăm Sóc Da Mặt,Làm Sạch Da,Tẩy Trang Mặt,Sức Khỏe - Làm Đẹp -> Chăm Sóc Da Mặt -> Làm Sạch Da -> Tẩy Trang Mặt,False
P_46,46,Combo 2 Sữa Rửa Mặt Simple Giúp Da Sạch Thoáng 150ml,1,Sữa Rửa Mặt,2002,Làm Sạch Da,Chăm Sóc Da Mặt,Làm Sạch Da,Sữa Rửa Mặt,Sức Khỏe - Làm Đẹp -> Chăm Sóc Da Mặt -> Làm Sạch Da -> Sữa Rửa Mặt,True
P_47,47,Gel Rửa Mặt SVR Không Chứa Xà Phòng Cho Da Dầu 400ml,1,Sữa Rửa Mặt,2002,Làm Sạch Da,Chăm Sóc Da Mặt,Làm Sạch Da,Sữa Rửa Mặt,Sức Khỏe - Làm Đẹp -> Chăm Sóc Da Mặt -> Làm Sạch Da -> Sữa Rửa Mặt,True
P_48,48,Kem Dưỡng Olay Luminous Sáng Da Mờ Thâm Nám Ban Đêm 50g,7,Kem / Gel / Dầu Dưỡng,2003,Dưỡng Ẩm,Chăm Sóc Da Mặt,Dưỡng Ẩm,Kem / Gel / Dầu Dưỡng,Sức Khỏe - Làm Đẹp -> Chăm Sóc Da Mặt -> Dưỡng Ẩm -> Kem / Gel / Dầu Dưỡng,True
P_49,49,Kem Chống Nắng d'Alba Nâng Tông Tím Hiệu Chỉnh Sắc Da 50ml,6,Chống Nắng Da Mặt,1001,Chăm Sóc Da Mặt,Chăm Sóc Da Mặt,Chống Nắng Da Mặt,Chống Nắng Da Mặt,Sức Khỏe - Làm Đẹp -> Chăm Sóc Da Mặt -> Chống Nắng Da Mặt,True
P_50,50,Serum Skin1004 Rau Má Làm Dịu & Hỗ Trợ Phục Hồi Da 100ml,9,Serum / Tinh Chất,2004,Đặc Trị,Chăm Sóc Da Mặt,Đặc Trị,Serum / Tinh Chất,Sức Khỏe - Làm Đẹp -> Chăm Sóc Da Mặt -> Đặc Trị -> Serum / Tinh Chất,True
P_51,51,"Kem Chống Nắng Beplain Nâng Tông, Cấp Ẩm Căng Bóng 50ml",6,Chống Nắng Da Mặt,1001,Chăm Sóc Da Mặt,Chăm Sóc Da Mặt,Chống Nắng Da Mặt,Chống Nắng Da Mặt,Sức Khỏe - Làm Đẹp -> Chăm Sóc Da Mặt -> Chống Nắng Da Mặt,True
P_52,52,"Nước Tẩy Trang L'Oreal Dưỡng Ẩm Cho Da Thường, Khô 400ml",2,Tẩy Trang Mặt,2002,Làm Sạch Da,Chăm Sóc Da Mặt,Làm Sạch Da,Tẩy Trang Mặt,Sức Khỏe - Làm Đẹp -> Chăm Sóc Da Mặt -> Làm Sạch Da -> Tẩy Trang Mặt,False
P_54,54,Nước Tẩy Trang Bí Đao Cocoon Làm Sạch & Giảm Dầu 500ml,2,Tẩy Trang Mặt,2002,Làm Sạch Da,Chăm Sóc Da Mặt,Làm Sạch Da,Tẩy Trang Mặt,Sức Khỏe - Làm Đẹp -> Chăm Sóc Da Mặt -> Làm Sạch Da -> Tẩy Trang Mặt,False
P_55,55,Kem Chống Nắng Vichy Thoáng Nhẹ Không Bóng Dầu SPF 50 50ml,6,Chống Nắng Da Mặt,1001,Chăm Sóc Da Mặt,Chăm Sóc Da Mặt,Chống Nắng Da Mặt,Chống Nắng Da Mặt,Sức Khỏe - Làm Đẹp -> Chăm Sóc Da Mặt -> Chống Nắng Da Mặt,True
P_58,58,Serum La Roche-Posay Giúp Tái Tạo & Phục Hồi Da 30ml,9,Serum / Tinh Chất,2004,Đặc Trị,Chăm Sóc Da Mặt,Đặc Trị,Serum / Tinh Chất,Sức Khỏe - Làm Đẹp -> Chăm Sóc Da Mặt -> Đặc Trị -> Serum / Tinh Chất,True
P_59,59,"Serum Torriden Dưỡng Ẩm Sâu, Sáng Bóng Da 50ml",9,Serum / Tinh Chất,2004,Đặc Trị,Chăm Sóc Da Mặt,Đặc Trị,Serum / Tinh Chất,Sức Khỏe - Làm Đẹp -> Chăm Sóc Da Mặt -> Đặc Trị -> Serum / Tinh Chất,True
P_60,60,"Combo 2 Nước Tẩy Trang L'Oreal Dưỡng Ẩm Cho Da Thường, Khô 400ml",2,Tẩy Trang Mặt,2002,Làm Sạch Da,Chăm Sóc Da Mặt,Làm Sạch Da,Tẩy Trang Mặt,Sức Khỏe - Làm Đẹp -> Chăm Sóc Da Mặt -> Làm Sạch Da -> Tẩy Trang Mặt,False
P_62,62,Serum L'Oreal Hyaluronic Acid Cấp Ẩm Sáng Da 30ml,9,Serum / Tinh Chất,2004,Đặc Trị,Chăm Sóc Da Mặt,Đặc Trị,Serum / Tinh Chất,Sức Khỏe - Làm Đẹp -> Chăm Sóc Da Mặt -> Đặc Trị -> Serum / Tinh Chất,True
P_63,63,Nước Tẩy Trang Garnier Làm Sạch Sâu Lớp Trang Điểm 400ml,2,Tẩy Trang Mặt,2002,Làm Sạch Da,Chăm Sóc Da Mặt,Làm Sạch Da,Tẩy Trang Mặt,Sức Khỏe - Làm Đẹp -> Chăm Sóc Da Mặt -> Làm Sạch Da -> Tẩy Trang Mặt,False
P_64,64,Combo Cocoon Nước Tẩy Trang Bí Đao Giảm Dầu 500ml + Sữa Rửa Mặt Sen Hậu Giang Dịu Da Nhạy Cảm 310ml,2,Tẩy Trang Mặt,2002,Làm Sạch Da,Chăm Sóc Da Mặt,Làm Sạch Da,Tẩy Trang Mặt,Sức Khỏe - Làm Đẹp -> Chăm Sóc Da Mặt -> Làm Sạch Da -> Tẩy Trang Mặt,False
P_65,65,Kem Chống Nắng d'Alba Nâng Tông Sáng Hồng Tự Nhiên 50ml,6,Chống Nắng Da Mặt,1001,Chăm Sóc Da Mặt,Chăm Sóc Da Mặt,Chống Nắng Da Mặt,Chống Nắng Da Mặt,Sức Khỏe - Làm Đẹp -> Chăm Sóc Da Mặt -> Chống Nắng Da Mặt,True
P_66,66,"Serum oh!oh! Dưỡng Sáng Da, Giảm Thâm Nám 30ml",9,Serum / Tinh Chất,2004,Đặc Trị,Chăm Sóc Da Mặt,Đặc Trị,Serum / Tinh Chất,Sức Khỏe - Làm Đẹp -> Chăm Sóc Da Mặt -> Đặc Trị -> Serum / Tinh Chất,True
P_67,67,"Combo 2 Gel Rửa Mặt Simple Thanh Khiết, Giảm Bóng Nhờn 150ml",1,Sữa Rửa Mặt,2002,Làm Sạch Da,Chăm Sóc Da Mặt,Làm Sạch Da,Sữa Rửa Mặt,Sức Khỏe - Làm Đẹp -> Chăm Sóc Da Mặt -> Làm Sạch Da -> Sữa Rửa Mặt,True
P_68,68,Serum Timeless Vitamin B5 Làm Dịu & Phục Hồi Da 30ml,9,Serum / Tinh Chất,2004,Đặc Trị,Chăm Sóc Da Mặt,Đặc Trị,Serum / Tinh Chất,Sức Khỏe - Làm Đẹp -> Chăm Sóc Da Mặt -> Đặc Trị -> Serum / Tinh Chất,True
P_70,70,Dung Dịch Tẩy Da Chết Paula’s Choice 2% BHA 30ml,17,Tẩy Tế Bào Chết Da Mặt,2002,Làm Sạch Da,Chăm Sóc Da Mặt,Làm Sạch Da,Tẩy Tế Bào Chết Da Mặt,Sức Khỏe - Làm Đẹp -> Chăm Sóc Da Mặt -> Làm Sạch Da -> Tẩy Tế Bào Chết Da Mặt,False
P_71,71,Son Dưỡng Môi DHC Không Màu Hỗ Trợ Giảm Thâm Môi 1.5g,18,Son Dưỡng Môi,2006,Dưỡng Môi,Chăm Sóc Da Mặt,Dưỡng Môi,Son Dưỡng Môi,Sức Khỏe - Làm Đẹp -> Chăm Sóc Da Mặt -> Dưỡng Môi -> Son Dưỡng Môi,False
P_72,72,Combo 2 Mặt Nạ Nghệ Hưng Yên Cocoon Dưỡng Da Mịn Màng 30ml,19,Mặt Nạ Rửa,2001,Mặt Nạ,Chăm Sóc Da Mặt,Mặt Nạ,Mặt Nạ Rửa,Sức Khỏe - Làm Đẹp -> Chăm Sóc Da Mặt -> Mặt Nạ -> Mặt Nạ Rửa,False
P_73,73,Combo 10 Mặt Nạ BNBG Vitamin B Phục Hồi Da 30ml (Mới),11,Mặt Nạ Giấy,2001,Mặt Nạ,Chăm Sóc Da Mặt,Mặt Nạ,Mặt Nạ Giấy,Sức Khỏe - Làm Đẹp -> Chăm Sóc Da Mặt -> Mặt Nạ -> Mặt Nạ Giấy,False
P_75,75,Combo 2 Kem Chống Nắng Cocoon Bí Đao Quang Phổ Rộng 50ml,6,Chống Nắng Da Mặt,1001,Chăm Sóc Da Mặt,Chăm Sóc Da Mặt,Chống Nắng Da Mặt,Chống Nắng Da Mặt,Sức Khỏe - Làm Đẹp -> Chăm Sóc Da Mặt -> Chống Nắng Da Mặt,True
P_76,76,Combo Kem Dưỡng Olay Sáng Da Mờ Thâm Nám Ngày Và Đêm 50gx2,3,Bộ Chăm Sóc Da Mặt,1001,Chăm Sóc Da Mặt,Chăm Sóc Da Mặt,Bộ Chăm Sóc Da Mặt,Bộ Chăm Sóc Da Mặt,Sức Khỏe - Làm Đẹp -> Chăm Sóc Da Mặt -> Bộ Chăm Sóc Da Mặt,False
P_77,77,Sữa Chống Nắng Sunplay Skin Aqua Dưỡng Da Sáng Mịn 55g,6,Chống Nắng Da Mặt,1001,Chăm Sóc Da Mặt,Chăm Sóc Da Mặt,Chống Nắng Da Mặt,Chống Nắng Da Mặt,Sức Khỏe - Làm Đẹp -> Chăm Sóc Da Mặt -> Chống Nắng Da Mặt,True
P_78,78,"Kem Dưỡng Torriden Làm Dịu Mát, Dưỡng Ẩm, Sáng Bóng Da 100ml",7,Kem / Gel / Dầu Dưỡng,2003,Dưỡng Ẩm,Chăm Sóc Da Mặt,Dưỡng Ẩm,Kem / Gel / Dầu Dưỡng,Sức Khỏe - Làm Đẹp -> Chăm Sóc Da Mặt -> Dưỡng Ẩm -> Kem / Gel / Dầu Dưỡng,True
P_80,80,Combo Cocoon Tẩy Da Chết Cho Mặt 150ml + Toàn Thân 200ml Từ Cà Phê Đắk Lắk,3,Bộ Chăm Sóc Da Mặt,1001,Chăm Sóc Da Mặt,Chăm Sóc Da Mặt,Bộ Chăm Sóc Da Mặt,Bộ Chăm Sóc Da Mặt,Sức Khỏe - Làm Đẹp -> Chăm Sóc Da Mặt -> Bộ Chăm Sóc Da Mặt,False
P_81,81,"Serum GoodnDoc Dưỡng Ẩm, Hỗ Trợ Phục Hồi Da 30ml",9,Serum / Tinh Chất,2004,Đặc Trị,Chăm Sóc Da Mặt,Đặc Trị,Serum / Tinh Chất,Sức Khỏe - Làm Đẹp -> Chăm Sóc Da Mặt -> Đặc Trị -> Serum / Tinh Chất,True
P_82,82,"Serum Garnier Giảm Mụn Mờ Thâm Cho Da Dầu, Mụn 30ml",9,Serum / Tinh Chất,2004,Đặc Trị,Chăm Sóc Da Mặt,Đặc Trị,Serum / Tinh Chất,Sức Khỏe - Làm Đẹp -> Chăm Sóc Da Mặt -> Đặc Trị -> Serum / Tinh Chất,True
P_83,83,Kem Dưỡng CeraVe Cho Da Khô Đến Rất Khô 340g,7,Kem / Gel / Dầu Dưỡng,2003,Dưỡng Ẩm,Chăm Sóc Da Mặt,Dưỡng Ẩm,Kem / Gel / Dầu Dưỡng,Sức Khỏe - Làm Đẹp -> Chăm Sóc Da Mặt -> Dưỡng Ẩm -> Kem / Gel / Dầu Dưỡng,True
P_86,86,"Kem Dưỡng Vichy Ngừa Lão Hóa, Săn Chắc Da Ban Ngày 50ml",7,Kem / Gel / Dầu Dưỡng,2003,Dưỡng Ẩm,Chăm Sóc Da Mặt,Dưỡng Ẩm,Kem / Gel / Dầu Dưỡng,Sức Khỏe - Làm Đẹp -> Chăm Sóc Da Mặt -> Dưỡng Ẩm -> Kem / Gel / Dầu Dưỡng,True
P_87,87,Combo 2 Sữa Chống Nắng Cocoon Bí Đao Quang Phổ Rộng 50ml,6,Chống Nắng Da Mặt,1001,Chăm Sóc Da Mặt,Chăm Sóc Da Mặt,Chống Nắng Da Mặt,Chống Nắng Da Mặt,Sức Khỏe - Làm Đẹp -> Chăm Sóc Da Mặt -> Chống Nắng Da Mặt,True
P_89,89,"Combo L'Oreal Serum Sáng Da, Mờ Thâm Mụn & Nám 30ml + 2 Kem Dưỡng Mờ Thâm Nám Ban Ngày 15ml",3,Bộ Chăm Sóc Da Mặt,1001,Chăm Sóc Da Mặt,Chăm Sóc Da Mặt,Bộ Chăm Sóc Da Mặt,Bộ Chăm Sóc Da Mặt,Sức Khỏe - Làm Đẹp -> Chăm Sóc Da Mặt -> Bộ Chăm Sóc Da Mặt,False
P_90,90,Sữa Rửa Mặt CeraVe Cho Da Thường Đến Khô 236ml,1,Sữa Rửa Mặt,2002,Làm Sạch Da,Chăm Sóc Da Mặt,Làm Sạch Da,Sữa Rửa Mặt,Sức Khỏe - Làm Đẹp -> Chăm Sóc Da Mặt -> Làm Sạch Da -> Sữa Rửa Mặt,True
P_91,91,Sữa Rửa Mặt Eucerin Dịu Nhẹ Cho Da Nhạy Cảm 400ml,1,Sữa Rửa Mặt,2002,Làm Sạch Da,Chăm Sóc Da Mặt,Làm Sạch Da,Sữa Rửa Mặt,Sức Khỏe - Làm Đẹp -> Chăm Sóc Da Mặt -> Làm Sạch Da -> Sữa Rửa Mặt,True
P_92,92,Combo 2 Nước Tẩy Trang L'Oreal Căng Mịn Da 400ml,2,Tẩy Trang Mặt,2002,Làm Sạch Da,Chăm Sóc Da Mặt,Làm Sạch Da,Tẩy Trang Mặt,Sức Khỏe - Làm Đẹp -> Chăm Sóc Da Mặt -> Làm Sạch Da -> Tẩy Trang Mặt,False
P_93,93,Sữa Dưỡng Ẩm Embryolisse Siêu Phục Hồi Da 30ml,7,Kem / Gel / Dầu Dưỡng,2003,Dưỡng Ẩm,Chăm Sóc Da Mặt,Dưỡng Ẩm,Kem / Gel / Dầu Dưỡng,Sức Khỏe - Làm Đẹp -> Chăm Sóc Da Mặt -> Dưỡng Ẩm -> Kem / Gel / Dầu Dưỡng,True
P_97,97,Combo Kem Dưỡng Olay Ngừa Lão Hóa Ban Ngày & Ban Đêm 50g/Lọ,3,Bộ Chăm Sóc Da Mặt,1001,Chăm Sóc Da Mặt,Chăm Sóc Da Mặt,Bộ Chăm Sóc Da Mặt,Bộ Chăm Sóc Da Mặt,Sức Khỏe - Làm Đẹp -> Chăm Sóc Da Mặt -> Bộ Chăm Sóc Da Mặt,False
P_98,98,"Kem Dưỡng Obagi Retinol 1.0% Trẻ Hóa Da, Ngừa Mụn 28g",25,Hỗ Trợ Trị Mụn,2004,Đặc Trị,Chăm Sóc Da Mặt,Đặc Trị,Hỗ Trợ Trị Mụn,Sức Khỏe - Làm Đẹp -> Chăm Sóc Da Mặt -> Đặc Trị -> Hỗ Trợ Trị Mụn,True
P_100,100,Kem Dưỡng La Roche-Posay Giảm Mụn Hiệu Quả 40ml,25,Hỗ Trợ Trị Mụn,2004,Đặc Trị,Chăm Sóc Da Mặt,Đặc Trị,Hỗ Trợ Trị Mụn,Sức Khỏe - Làm Đẹp -> Chăm Sóc Da Mặt -> Đặc Trị -> Hỗ Trợ Trị Mụn,True
P_101,101,"Kem Chống Nắng Beplain Nâng Tông, Kiềm Dầu Mịn Lì 50ml",6,Chống Nắng Da Mặt,1001,Chăm Sóc Da Mặt,Chăm Sóc Da Mặt,Chống Nắng Da Mặt,Chống Nắng Da Mặt,Sức Khỏe - Làm Đẹp -> Chăm Sóc Da Mặt -> Chống Nắng Da Mặt,True
P_103,103,Nước Tẩy Trang L'Oreal Làm Sạch Sâu Cho Da Dầu 400ml,2,Tẩy Trang Mặt,2002,Làm Sạch Da,Chăm Sóc Da Mặt,Làm Sạch Da,Tẩy Trang Mặt,Sức Khỏe - Làm Đẹp -> Chăm Sóc Da Mặt -> Làm Sạch Da -> Tẩy Trang Mặt,False
P_104,104,Serum Vichy Cải Thiện & Ngăn Ngừa Thâm Nám Đốm Nâu 30ml,9,Serum / Tinh Chất,2004,Đặc Trị,Chăm Sóc Da Mặt,Đặc Trị,Serum / Tinh Chất,Sức Khỏe - Làm Đẹp -> Chăm Sóc Da Mặt -> Đặc Trị -> Serum / Tinh Chất,True
P_106,106,Kem Dưỡng L'Oreal Sáng Mịn Mờ Thâm Nám Ban Đêm 50ml,7,Kem / Gel / Dầu Dưỡng,2003,Dưỡng Ẩm,Chăm Sóc Da Mặt,Dưỡng Ẩm,Kem / Gel / Dầu Dưỡng,Sức Khỏe - Làm Đẹp -> Chăm Sóc Da Mặt -> Dưỡng Ẩm -> Kem / Gel / Dầu Dưỡng,True
P_107,107,"Combo 5 Mặt Nạ Caryophy Làm Giảm Mụn, Thâm & Dưỡng Ẩm Da 22g",11,Mặt Nạ Giấy,2001,Mặt Nạ,Chăm Sóc Da Mặt,Mặt Nạ,Mặt Nạ Giấy,Sức Khỏe - Làm Đẹp -> Chăm Sóc Da Mặt -> Mặt Nạ -> Mặt Nạ Giấy,False
P_108,108,Kem Dưỡng CeraVe Cho Da Khô Đến Rất Khô 50ml,7,Kem / Gel / Dầu Dưỡng,2003,Dưỡng Ẩm,Chăm Sóc Da Mặt,Dưỡng Ẩm,Kem / Gel / Dầu Dưỡng,Sức Khỏe - Làm Đẹp -> Chăm Sóc Da Mặt -> Dưỡng Ẩm -> Kem / Gel / Dầu Dưỡng,True
P_109,109,Nước Hoa Hồng Caryophy Ngừa Mụn Kiềm Dầu Giảm Thâm 300ml,4,Toner / Nước Cân Bằng Da,2002,Làm Sạch Da,Chăm Sóc Da Mặt,Làm Sạch Da,Toner / Nước Cân Bằng Da,Sức Khỏe - Làm Đẹp -> Chăm Sóc Da Mặt -> Làm Sạch Da -> Toner / Nước Cân Bằng Da,False
P_110,110,Serum d'Alba Dạng Xịt 8 Loại Dầu Hoa Đỏ Cấp Ẩm Dịu Da 100ml,9,Serum / Tinh Chất,2004,Đặc Trị,Chăm Sóc Da Mặt,Đặc Trị,Serum / Tinh Chất,Sức Khỏe - Làm Đẹp -> Chăm Sóc Da Mặt -> Đặc Trị -> Serum / Tinh Chất,True
P_112,112,"Gel Dưỡng Megaduo Plus Giảm Mụn, Mờ Thâm 15g",25,Hỗ Trợ Trị Mụn,2004,Đặc Trị,Chăm Sóc Da Mặt,Đặc Trị,Hỗ Trợ Trị Mụn,Sức Khỏe - Làm Đẹp -> Chăm Sóc Da Mặt -> Đặc Trị -> Hỗ Trợ Trị Mụn,True
P_115,115,Tẩy Tế Bào Chết Rosette Thu Nhỏ Lỗ Chân Lông 180g,17,Tẩy Tế Bào Chết Da Mặt,2002,Làm Sạch Da,Chăm Sóc Da Mặt,Làm Sạch Da,Tẩy Tế Bào Chết Da Mặt,Sức Khỏe - Làm Đẹp -> Chăm Sóc Da Mặt -> Làm Sạch Da -> Tẩy Tế Bào Chết Da Mặt,False
P_120,120,Combo Cocoon Nước Tẩy Trang 500ml + Nước Cân Bằng 310ml Sen Hậu Giang Cho Da Rất Nhạy Cảm,3,Bộ Chăm Sóc Da Mặt,1001,Chăm Sóc Da Mặt,Chăm Sóc Da Mặt,Bộ Chăm Sóc Da Mặt,Bộ Chăm Sóc Da Mặt,Sức Khỏe - Làm Đẹp -> Chăm Sóc Da Mặt -> Bộ Chăm Sóc Da Mặt,False
P_121,121,Kem Rửa Mặt Hada Labo Sạch Sâu Dưỡng Ẩm 80g,1,Sữa Rửa Mặt,2002,Làm Sạch Da,Chăm Sóc Da Mặt,Làm Sạch Da,Sữa Rửa Mặt,Sức Khỏe - Làm Đẹp -> Chăm Sóc Da Mặt -> Làm Sạch Da -> Sữa Rửa Mặt,True
P_122,122,Serum Vichy 89 Khoáng Chất Phục Hồi Chuyên Sâu 50ml,9,Serum / Tinh Chất,2004,Đặc Trị,Chăm Sóc Da Mặt,Đặc Trị,Serum / Tinh Chất,Sức Khỏe - Làm Đẹp -> Chăm Sóc Da Mặt -> Đặc Trị -> Serum / Tinh Chất,True
P_123,123,Nước Tẩy Trang Garnier Dành Cho Da Nhạy Cảm 400ml,2,Tẩy Trang Mặt,2002,Làm Sạch Da,Chăm Sóc Da Mặt,Làm Sạch Da,Tẩy Trang Mặt,Sức Khỏe - Làm Đẹp -> Chăm Sóc Da Mặt -> Làm Sạch Da -> Tẩy Trang Mặt,False
P_124,124,Nước Tẩy Trang L'Oreal Căng Mịn Da 400ml,2,Tẩy Trang Mặt,2002,Làm Sạch Da,Chăm Sóc Da Mặt,Làm Sạch Da,Tẩy Trang Mặt,Sức Khỏe - Làm Đẹp -> Chăm Sóc Da Mặt -> Làm Sạch Da -> Tẩy Trang Mặt,False
P_125,125,Gel Chống Nắng Anessa Dưỡng Sáng Nâng Tông 90g (Mới),6,Chống Nắng Da Mặt,1001,Chăm Sóc Da Mặt,Chăm Sóc Da Mặt,Chống Nắng Da Mặt,Chống Nắng Da Mặt,Sức Khỏe - Làm Đẹp -> Chăm Sóc Da Mặt -> Chống Nắng Da Mặt,True
P_126,126,"Serum Eucerin Dưỡng Sáng Da, Mờ Thâm Nám 30ml",9,Serum / Tinh Chất,2004,Đặc Trị,Chăm Sóc Da Mặt,Đặc Trị,Serum / Tinh Chất,Sức Khỏe - Làm Đẹp -> Chăm Sóc Da Mặt -> Đặc Trị -> Serum / Tinh Chất,True
P_127,127,Sáp Dưỡng Môi Vaseline Hồng Xinh 7g,18,Son Dưỡng Môi,2006,Dưỡng Môi,Chăm Sóc Da Mặt,Dưỡng Môi,Son Dưỡng Môi,Sức Khỏe - Làm Đẹp -> Chăm Sóc Da Mặt -> Dưỡng Môi -> Son Dưỡng Môi,False
P_128,128,Kem Dưỡng d'Alba Sáng Da Và Cấp Ẩm Sâu 55g,7,Kem / Gel / Dầu Dưỡng,2003,Dưỡng Ẩm,Chăm Sóc Da Mặt,Dưỡng Ẩm,Kem / Gel / Dầu Dưỡng,Sức Khỏe - Làm Đẹp -> Chăm Sóc Da Mặt -> Dưỡng Ẩm -> Kem / Gel / Dầu Dưỡng,True
P_129,129,[Mini] Mặt Nạ Ngủ Môi Laneige Hương Quả Mọng 3g,29,Mặt Nạ Môi,2006,Dưỡng Môi,Chăm Sóc Da Mặt,Dưỡng Môi,Mặt Nạ Môi,Sức Khỏe - Làm Đẹp -> Chăm Sóc Da Mặt -> Dưỡng Môi -> Mặt Nạ Môi,False
P_130,130,Kem Dưỡng GoodnDoc Rau Má Dưỡng Ẩm Phục Hồi Da 50ml,7,Kem / Gel / Dầu Dưỡng,2003,Dưỡng Ẩm,Chăm Sóc Da Mặt,Dưỡng Ẩm,Kem / Gel / Dầu Dưỡng,Sức Khỏe - Làm Đẹp -> Chăm Sóc Da Mặt -> Dưỡng Ẩm -> Kem / Gel / Dầu Dưỡng,True
P_131,131,Nước Tẩy Trang Garnier Vitamin C Làm Sáng Da 400ml,2,Tẩy Trang Mặt,2002,Làm Sạch Da,Chăm Sóc Da Mặt,Làm Sạch Da,Tẩy Trang Mặt,Sức Khỏe - Làm Đẹp -> Chăm Sóc Da Mặt -> Làm Sạch Da -> Tẩy Trang Mặt,False
P_132,132,"Kem Dưỡng Ẩm Bioderma Dành Cho Da Mụn, Nhạy Cảm 30ml",7,Kem / Gel / Dầu Dưỡng,2003,Dưỡng Ẩm,Chăm Sóc Da Mặt,Dưỡng Ẩm,Kem / Gel / Dầu Dưỡng,Sức Khỏe - Làm Đẹp -> Chăm Sóc Da Mặt -> Dưỡng Ẩm -> Kem / Gel / Dầu Dưỡng,True
P_133,133,"Serum Uriage Làm Dịu, Phục Hồi Da Tổn Thương Hằng Ngày 30ml",9,Serum / Tinh Chất,2004,Đặc Trị,Chăm Sóc Da Mặt,Đặc Trị,Serum / Tinh Chất,Sức Khỏe - Làm Đẹp -> Chăm Sóc Da Mặt -> Đặc Trị -> Serum / Tinh Chất,True
P_134,134,Tẩy Da Chết Mặt Cocoon Cà Phê Đắk Lắk 150ml,17,Tẩy Tế Bào Chết Da Mặt,2002,Làm Sạch Da,Chăm Sóc Da Mặt,Làm Sạch Da,Tẩy Tế Bào Chết Da Mặt,Sức Khỏe - Làm Đẹp -> Chăm Sóc Da Mặt -> Làm Sạch Da -> Tẩy Tế Bào Chết Da Mặt,False
P_135,135,Combo Kem Chống Nắng Dr.G Dưỡng Sáng Da 50ml+20ml,6,Chống Nắng Da Mặt,1001,Chăm Sóc Da Mặt,Chăm Sóc Da Mặt,Chống Nắng Da Mặt,Chống Nắng Da Mặt,Sức Khỏe - Làm Đẹp -> Chăm Sóc Da Mặt -> Chống Nắng Da Mặt,True
P_137,137,Combo Cocoon Mặt Nạ Nghệ Hưng Yên & Tẩy Da Chết Toàn Thân Cà Phê Đắk Lắk 30ml+200ml,3,Bộ Chăm Sóc Da Mặt,1001,Chăm Sóc Da Mặt,Chăm Sóc Da Mặt,Bộ Chăm Sóc Da Mặt,Bộ Chăm Sóc Da Mặt,Sức Khỏe - Làm Đẹp -> Chăm Sóc Da Mặt -> Bộ Chăm Sóc Da Mặt,False
P_138,138,Xịt Khoáng Evoluderm Cấp Nước & Làm Dịu Da 400ml,30,Xịt Khoáng,2003,Dưỡng Ẩm,Chăm Sóc Da Mặt,Dưỡng Ẩm,Xịt Khoáng,Sức Khỏe - Làm Đẹp -> Chăm Sóc Da Mặt -> Dưỡng Ẩm -> Xịt Khoáng,False
P_139,139,Kem Dưỡng Ẩm Klairs Làm Dịu & Phục Hồi Da Ban Đêm 50g,7,Kem / Gel / Dầu Dưỡng,2003,Dưỡng Ẩm,Chăm Sóc Da Mặt,Dưỡng Ẩm,Kem / Gel / Dầu Dưỡng,Sức Khỏe - Làm Đẹp -> Chăm Sóc Da Mặt -> Dưỡng Ẩm -> Kem / Gel / Dầu Dưỡng,True
P_140,140,"Kem Chống Nắng Caryophy Nâng Tone, Ngừa Mụn 50ml",6,Chống Nắng Da Mặt,1001,Chăm Sóc Da Mặt,Chăm Sóc Da Mặt,Chống Nắng Da Mặt,Chống Nắng Da Mặt,Sức Khỏe - Làm Đẹp -> Chăm Sóc Da Mặt -> Chống Nắng Da Mặt,True
P_141,141,"Toner d'Alba Cải Thiện Lỗ Chân Lông, Dưỡng Ẩm Da 180ml",4,Toner / Nước Cân Bằng Da,2002,Làm Sạch Da,Chăm Sóc Da Mặt,Làm Sạch Da,Toner / Nước Cân Bằng Da,Sức Khỏe - Làm Đẹp -> Chăm Sóc Da Mặt -> Làm Sạch Da -> Toner / Nước Cân Bằng Da,False
P_142,142,Combo Angel's Liquid Tinh Chất 30ml + Kem Dưỡng 50ml Giảm Thâm Nám Chuyên Biệt,3,Bộ Chăm Sóc Da Mặt,1001,Chăm Sóc Da Mặt,Chăm Sóc Da Mặt,Bộ Chăm Sóc Da Mặt,Bộ Chăm Sóc Da Mặt,Sức Khỏe - Làm Đẹp -> Chăm Sóc Da Mặt -> Bộ Chăm Sóc Da Mặt,False
P_143,143,Nước Tẩy Trang Chacott for Professionals 500ml,2,Tẩy Trang Mặt,2002,Làm Sạch Da,Chăm Sóc Da Mặt,Làm Sạch Da,Tẩy Trang Mặt,Sức Khỏe - Làm Đẹp -> Chăm Sóc Da Mặt -> Làm Sạch Da -> Tẩy Trang Mặt,False
P_144,144,Serum Caryophy Giảm Mụn Mờ Thâm Se Lỗ Chân Lông 30ml,9,Serum / Tinh Chất,2004,Đặc Trị,Chăm Sóc Da Mặt,Đặc Trị,Serum / Tinh Chất,Sức Khỏe - Làm Đẹp -> Chăm Sóc Da Mặt -> Đặc Trị -> Serum / Tinh Chất,True
P_145,145,Tinh Chất Chống Nắng Tenamyd Dạng Nước SPF50/PA+++ 70ml,6,Chống Nắng Da Mặt,1001,Chăm Sóc Da Mặt,Chăm Sóc Da Mặt,Chống Nắng Da Mặt,Chống Nắng Da Mặt,Sức Khỏe - Làm Đẹp -> Chăm Sóc Da Mặt -> Chống Nắng Da Mặt,True
P_146,146,"Serum So'Natural Tái Tạo Da Sinh Học, Mờ Thâm Sáng Da 35ml",9,Serum / Tinh Chất,2004,Đặc Trị,Chăm Sóc Da Mặt,Đặc Trị,Serum / Tinh Chất,Sức Khỏe - Làm Đẹp -> Chăm Sóc Da Mặt -> Đặc Trị -> Serum / Tinh Chất,True
P_147,147,Combo 10 Mặt Nạ BNBG Vitamin E Dưỡng Ẩm Da 30ml (Mới),11,Mặt Nạ Giấy,2001,Mặt Nạ,Chăm Sóc Da Mặt,Mặt Nạ,Mặt Nạ Giấy,Sức Khỏe - Làm Đẹp -> Chăm Sóc Da Mặt -> Mặt Nạ -> Mặt Nạ Giấy,False
P_150,150,Kem Dưỡng CeraVe Dạng Gel Kiềm Dầu Cho Da Dầu & Hỗn Hợp 52ml,7,Kem / Gel / Dầu Dưỡng,2003,Dưỡng Ẩm,Chăm Sóc Da Mặt,Dưỡng Ẩm,Kem / Gel / Dầu Dưỡng,Sức Khỏe - Làm Đẹp -> Chăm Sóc Da Mặt -> Dưỡng Ẩm -> Kem / Gel / Dầu Dưỡng,True
P_151,151,"Kem Dưỡng Hada Labo Sáng Da Chuyên Sâu, Giảm Thâm Sạm 50g",7,Kem / Gel / Dầu Dưỡng,2003,Dưỡng Ẩm,Chăm Sóc Da Mặt,Dưỡng Ẩm,Kem / Gel / Dầu Dưỡng,Sức Khỏe - Làm Đẹp -> Chăm Sóc Da Mặt -> Dưỡng Ẩm -> Kem / Gel / Dầu Dưỡng,True
P_152,152,Sữa Rửa Mặt CeraVe Làm Sạch & Tẩy Tế Bào Chết Dịu Nhẹ 236ml,1,Sữa Rửa Mặt,2002,Làm Sạch Da,Chăm Sóc Da Mặt,Làm Sạch Da,Sữa Rửa Mặt,Sức Khỏe - Làm Đẹp -> Chăm Sóc Da Mặt -> Làm Sạch Da -> Sữa Rửa Mặt,True
P_153,153,Kem Dưỡng La Roche-Posay Giúp Phục Hồi Da Đa Công Dụng 15ml,7,Kem / Gel / Dầu Dưỡng,2003,Dưỡng Ẩm,Chăm Sóc Da Mặt,Dưỡng Ẩm,Kem / Gel / Dầu Dưỡng,Sức Khỏe - Làm Đẹp -> Chăm Sóc Da Mặt -> Dưỡng Ẩm -> Kem / Gel / Dầu Dưỡng,True
P_155,155,Kem Chống Nắng Naris Cosmetics Dạng Gel Nâng Tone Da 80g,6,Chống Nắng Da Mặt,1001,Chăm Sóc Da Mặt,Chăm Sóc Da Mặt,Chống Nắng Da Mặt,Chống Nắng Da Mặt,Sức Khỏe - Làm Đẹp -> Chăm Sóc Da Mặt -> Chống Nắng Da Mặt,True
P_156,156,Combo 2 Sữa Rửa Mặt Simple Dưỡng Ẩm Cho Da Khỏe Và Mịn Màng 150ml,1,Sữa Rửa Mặt,2002,Làm Sạch Da,Chăm Sóc Da Mặt,Làm Sạch Da,Sữa Rửa Mặt,Sức Khỏe - Làm Đẹp -> Chăm Sóc Da Mặt -> Làm Sạch Da -> Sữa Rửa Mặt,True
P_157,157,Kem Chống Nắng Beplain Vật Lý Hỗ Trợ Kiềm Dầu Mịn Lì 50ml,6,Chống Nắng Da Mặt,1001,Chăm Sóc Da Mặt,Chăm Sóc Da Mặt,Chống Nắng Da Mặt,Chống Nắng Da Mặt,Sức Khỏe - Làm Đẹp -> Chăm Sóc Da Mặt -> Chống Nắng Da Mặt,True
P_160,160,Kem Dưỡng Bioderma Giúp Se Khít Lỗ Chân Lông 30ml,7,Kem / Gel / Dầu Dưỡng,2003,Dưỡng Ẩm,Chăm Sóc Da Mặt,Dưỡng Ẩm,Kem / Gel / Dầu Dưỡng,Sức Khỏe - Làm Đẹp -> Chăm Sóc Da Mặt -> Dưỡng Ẩm -> Kem / Gel / Dầu Dưỡng,True
P_161,161,Serum d'Alba Viên Nang Dưỡng Sáng Da 50ml,9,Serum / Tinh Chất,2004,Đặc Trị,Chăm Sóc Da Mặt,Đặc Trị,Serum / Tinh Chất,Sức Khỏe - Làm Đẹp -> Chăm Sóc Da Mặt -> Đặc Trị -> Serum / Tinh Chất,True
P_162,162,Sữa Rửa Mặt Simple Giúp Da Sạch Thoáng 150ml,1,Sữa Rửa Mặt,2002,Làm Sạch Da,Chăm Sóc Da Mặt,Làm Sạch Da,Sữa Rửa Mặt,Sức Khỏe - Làm Đẹp -> Chăm Sóc Da Mặt -> Làm Sạch Da -> Sữa Rửa Mặt,True
P_164,164,"Combo 3 Hộp Mặt Nạ Colorkey B5 Dưỡng Ẩm Làm Dịu, Sáng Da, Ngừa Mụn 10 Miếng/Hộp",11,Mặt Nạ Giấy,2001,Mặt Nạ,Chăm Sóc Da Mặt,Mặt Nạ,Mặt Nạ Giấy,Sức Khỏe - Làm Đẹp -> Chăm Sóc Da Mặt -> Mặt Nạ -> Mặt Nạ Giấy,False
P_165,165,Gel Rửa Mặt Bioderma Dành Cho Da Dầu & Hỗn Hợp 500ml,1,Sữa Rửa Mặt,2002,Làm Sạch Da,Chăm Sóc Da Mặt,Làm Sạch Da,Sữa Rửa Mặt,Sức Khỏe - Làm Đẹp -> Chăm Sóc Da Mặt -> Làm Sạch Da -> Sữa Rửa Mặt,True
P_166,166,"Serum SVR Làm Giảm Mụn, Mờ Nám, Làm Mềm Mịn Da 30ml",9,Serum / Tinh Chất,2004,Đặc Trị,Chăm Sóc Da Mặt,Đặc Trị,Serum / Tinh Chất,Sức Khỏe - Làm Đẹp -> Chăm Sóc Da Mặt -> Đặc Trị -> Serum / Tinh Chất,True
P_167,167,"Xịt Khoáng Avène Cấp Nước, Làm Dịu & Giảm Kích Ứng 300ml",30,Xịt Khoáng,2003,Dưỡng Ẩm,Chăm Sóc Da Mặt,Dưỡng Ẩm,Xịt Khoáng,Sức Khỏe - Làm Đẹp -> Chăm Sóc Da Mặt -> Dưỡng Ẩm -> Xịt Khoáng,False
P_168,168,Serum Vichy 89 Khoáng Chất Phục Hồi Chuyên Sâu 30ml,9,Serum / Tinh Chất,2004,Đặc Trị,Chăm Sóc Da Mặt,Đặc Trị,Serum / Tinh Chất,Sức Khỏe - Làm Đẹp -> Chăm Sóc Da Mặt -> Đặc Trị -> Serum / Tinh Chất,True
P_171,171,Nước Hoa Hồng Obagi 2% BHA Giảm Nhờn Mụn 148ml,4,Toner / Nước Cân Bằng Da,2002,Làm Sạch Da,Chăm Sóc Da Mặt,Làm Sạch Da,Toner / Nước Cân Bằng Da,Sức Khỏe - Làm Đẹp -> Chăm Sóc Da Mặt -> Làm Sạch Da -> Toner / Nước Cân Bằng Da,False
P_172,172,Gel Tẩy Tế Bào Chết Caryophy Ngăn Ngừa Mụn 250ml,17,Tẩy Tế Bào Chết Da Mặt,2002,Làm Sạch Da,Chăm Sóc Da Mặt,Làm Sạch Da,Tẩy Tế Bào Chết Da Mặt,Sức Khỏe - Làm Đẹp -> Chăm Sóc Da Mặt -> Làm Sạch Da -> Tẩy Tế Bào Chết Da Mặt,False
P_173,173,Kem Dưỡng Hatomugi Cấp Ẩm & Làm Sáng Da 300g,7,Kem / Gel / Dầu Dưỡng,2003,Dưỡng Ẩm,Chăm Sóc Da Mặt,Dưỡng Ẩm,Kem / Gel / Dầu Dưỡng,Sức Khỏe - Làm Đẹp -> Chăm Sóc Da Mặt -> Dưỡng Ẩm -> Kem / Gel / Dầu Dưỡng,True
P_175,175,Combo 2 Sữa Rửa Mặt innisfree Dưỡng Ẩm Từ Trà Xanh 150g (Mới),1,Sữa Rửa Mặt,2002,Làm Sạch Da,Chăm Sóc Da Mặt,Làm Sạch Da,Sữa Rửa Mặt,Sức Khỏe - Làm Đẹp -> Chăm Sóc Da Mặt -> Làm Sạch Da -> Sữa Rửa Mặt,True
P_176,176,"Serum oh!oh! Dưỡng Sáng Da, Giảm Thâm Nám 10ml",9,Serum / Tinh Chất,2004,Đặc Trị,Chăm Sóc Da Mặt,Đặc Trị,Serum / Tinh Chất,Sức Khỏe - Làm Đẹp -> Chăm Sóc Da Mặt -> Đặc Trị -> Serum / Tinh Chất,True
P_180,180,Combo 2 Sữa Chống Nắng Anessa Dưỡng Da Kiềm Dầu 60ml (Bản Mới),6,Chống Nắng Da Mặt,1001,Chăm Sóc Da Mặt,Chăm Sóc Da Mặt,Chống Nắng Da Mặt,Chống Nắng Da Mặt,Sức Khỏe - Làm Đẹp -> Chăm Sóc Da Mặt -> Chống Nắng Da Mặt,True
P_182,182,Sữa Rửa Mặt Cetaphil Dịu Lành Cho Da Nhạy Cảm 1000ml (Mới),1,Sữa Rửa Mặt,2002,Làm Sạch Da,Chăm Sóc Da Mặt,Làm Sạch Da,Sữa Rửa Mặt,Sức Khỏe - Làm Đẹp -> Chăm Sóc Da Mặt -> Làm Sạch Da -> Sữa Rửa Mặt,True
P_183,183,Kem Dưỡng L'Oreal Sáng Mịn Mờ Thâm Nám Ban Ngày 50ml,7,Kem / Gel / Dầu Dưỡng,2003,Dưỡng Ẩm,Chăm Sóc Da Mặt,Dưỡng Ẩm,Kem / Gel / Dầu Dưỡng,Sức Khỏe - Làm Đẹp -> Chăm Sóc Da Mặt -> Dưỡng Ẩm -> Kem / Gel / Dầu Dưỡng,True
P_184,184,Mặt Nạ Beplain Đất Sét Từ Đậu Xanh Hỗ Trợ Sạch Sâu 120ml,19,Mặt Nạ Rửa,2001,Mặt Nạ,Chăm Sóc Da Mặt,Mặt Nạ,Mặt Nạ Rửa,Sức Khỏe - Làm Đẹp -> Chăm Sóc Da Mặt -> Mặt Nạ -> Mặt Nạ Rửa,False
P_185,185,Hộp 10 Miếng Mặt Nạ Wonjin Phục Hồi Chuyên Sâu 30g/M,11,Mặt Nạ Giấy,2001,Mặt Nạ,Chăm Sóc Da Mặt,Mặt Nạ,Mặt Nạ Giấy,Sức Khỏe - Làm Đẹp -> Chăm Sóc Da Mặt -> Mặt Nạ -> Mặt Nạ Giấy,False
P_186,186,Miếng Dán Mụn Some By Mi 18 Miếng,25,Hỗ Trợ Trị Mụn,2004,Đặc Trị,Chăm Sóc Da Mặt,Đặc Trị,Hỗ Trợ Trị Mụn,Sức Khỏe - Làm Đẹp -> Chăm Sóc Da Mặt -> Đặc Trị -> Hỗ Trợ Trị Mụn,True
P_187,187,Kem Chống Nắng Cell Fusion C Nâng Tông Da 50ml,6,Chống Nắng Da Mặt,1001,Chăm Sóc Da Mặt,Chăm Sóc Da Mặt,Chống Nắng Da Mặt,Chống Nắng Da Mặt,Sức Khỏe - Làm Đẹp -> Chăm Sóc Da Mặt -> Chống Nắng Da Mặt,True
P_188,188,Mặt Nạ Naruko Tràm Trà Kiểm Soát Dầu Và Giảm Mụn 26ml,11,Mặt Nạ Giấy,2001,Mặt Nạ,Chăm Sóc Da Mặt,Mặt Nạ,Mặt Nạ Giấy,Sức Khỏe - Làm Đẹp -> Chăm Sóc Da Mặt -> Mặt Nạ -> Mặt Nạ Giấy,False
P_189,189,Gel Chống Nắng Anessa Dưỡng Ẩm Bảo Vệ Hoàn Hảo 90g (Mới),6,Chống Nắng Da Mặt,1001,Chăm Sóc Da Mặt,Chăm Sóc Da Mặt,Chống Nắng Da Mặt,Chống Nắng Da Mặt,Sức Khỏe - Làm Đẹp -> Chăm Sóc Da Mặt -> Chống Nắng Da Mặt,True
P_190,190,Sữa Rửa Mặt Cerave Cho Da Dầu Mụn 473ml,1,Sữa Rửa Mặt,2002,Làm Sạch Da,Chăm Sóc Da Mặt,Làm Sạch Da,Sữa Rửa Mặt,Sức Khỏe - Làm Đẹp -> Chăm Sóc Da Mặt -> Làm Sạch Da -> Sữa Rửa Mặt,True
P_191,191,Serum Klairs Vitamin C Cho Da Nhạy Cảm 35ml,9,Serum / Tinh Chất,2004,Đặc Trị,Chăm Sóc Da Mặt,Đặc Trị,Serum / Tinh Chất,Sức Khỏe - Làm Đẹp -> Chăm Sóc Da Mặt -> Đặc Trị -> Serum / Tinh Chất,True
P_192,192,Tinh Chất Chống Nắng Sunplay Hiệu Chỉnh Sắc Da 50g (Tím),6,Chống Nắng Da Mặt,1001,Chăm Sóc Da Mặt,Chăm Sóc Da Mặt,Chống Nắng Da Mặt,Chống Nắng Da Mặt,Sức Khỏe - Làm Đẹp -> Chăm Sóc Da Mặt -> Chống Nắng Da Mặt,True
P_193,193,Combo 2 Kem Rửa Mặt Hada Labo Sạch Sâu Dưỡng Ẩm 80g,1,Sữa Rửa Mặt,2002,Làm Sạch Da,Chăm Sóc Da Mặt,Làm Sạch Da,Sữa Rửa Mặt,Sức Khỏe - Làm Đẹp -> Chăm Sóc Da Mặt -> Làm Sạch Da -> Sữa Rửa Mặt,True
P_194,194,Sữa Rửa Mặt Isis Pharma Giảm Nhờn Và Ngăn Ngừa Mụn 150ml,1,Sữa Rửa Mặt,2002,Làm Sạch Da,Chăm Sóc Da Mặt,Làm Sạch Da,Sữa Rửa Mặt,Sức Khỏe - Làm Đẹp -> Chăm Sóc Da Mặt -> Làm Sạch Da -> Sữa Rửa Mặt,True
P_195,195,"Kem Dưỡng Ẩm Klairs Cho Da Khô, Nhạy Cảm 80ml",7,Kem / Gel / Dầu Dưỡng,2003,Dưỡng Ẩm,Chăm Sóc Da Mặt,Dưỡng Ẩm,Kem / Gel / Dầu Dưỡng,Sức Khỏe - Làm Đẹp -> Chăm Sóc Da Mặt -> Dưỡng Ẩm -> Kem / Gel / Dầu Dưỡng,True
P_196,196,[Mini] Mặt Nạ Ngủ Môi Laneige Hương Quả Mọng 8g,29,Mặt Nạ Môi,2006,Dưỡng Môi,Chăm Sóc Da Mặt,Dưỡng Môi,Mặt Nạ Môi,Sức Khỏe - Làm Đẹp -> Chăm Sóc Da Mặt -> Dưỡng Môi -> Mặt Nạ Môi,False
P_197,197,Kem Dưỡng Bioderma Phục Hồi Da Tổn Thương Và Ngừa Sẹo 40ml,7,Kem / Gel / Dầu Dưỡng,2003,Dưỡng Ẩm,Chăm Sóc Da Mặt,Dưỡng Ẩm,Kem / Gel / Dầu Dưỡng,Sức Khỏe - Làm Đẹp -> Chăm Sóc Da Mặt -> Dưỡng Ẩm -> Kem / Gel / Dầu Dưỡng,True
P_198,198,Mặt Nạ Ngủ Môi Laneige Hương Quả Mọng 20g,29,Mặt Nạ Môi,2006,Dưỡng Môi,Chăm Sóc Da Mặt,Dưỡng Môi,Mặt Nạ Môi,Sức Khỏe - Làm Đẹp -> Chăm Sóc Da Mặt -> Dưỡng Môi -> Mặt Nạ Môi,False
P_199,199,Kem Dưỡng L'Oreal Siêu Cấp Ẩm Căng Mịn Da 50ml,7,Kem / Gel / Dầu Dưỡng,2003,Dưỡng Ẩm,Chăm Sóc Da Mặt,Dưỡng Ẩm,Kem / Gel / Dầu Dưỡng,Sức Khỏe - Làm Đẹp -> Chăm Sóc Da Mặt -> Dưỡng Ẩm -> Kem / Gel / Dầu Dưỡng,True
P_201,201,"Gel Dưỡng Megaduo Giảm Mụn, Mờ Thâm 15g",25,Hỗ Trợ Trị Mụn,2004,Đặc Trị,Chăm Sóc Da Mặt,Đặc Trị,Hỗ Trợ Trị Mụn,Sức Khỏe - Làm Đẹp -> Chăm Sóc Da Mặt -> Đặc Trị -> Hỗ Trợ Trị Mụn,True
P_202,202,Mặt Nạ Nghệ Hưng Yên Cocoon Giúp Da Rạng Rỡ Mịn Màng 30ml,19,Mặt Nạ Rửa,2001,Mặt Nạ,Chăm Sóc Da Mặt,Mặt Nạ,Mặt Nạ Rửa,Sức Khỏe - Làm Đẹp -> Chăm Sóc Da Mặt -> Mặt Nạ -> Mặt Nạ Rửa,False
P_203,203,Nước Cân Bằng Cocoon Sen Hậu Giang Làm Dịu Da Nhạy Cảm 310ml,4,Toner / Nước Cân Bằng Da,2002,Làm Sạch Da,Chăm Sóc Da Mặt,Làm Sạch Da,Toner / Nước Cân Bằng Da,Sức Khỏe - Làm Đẹp -> Chăm Sóc Da Mặt -> Làm Sạch Da -> Toner / Nước Cân Bằng Da,False
P_204,204,Dầu Tẩy Trang Hada Labo Sạch Sâu Dưỡng Ẩm Tối Ưu 200ml,2,Tẩy Trang Mặt,2002,Làm Sạch Da,Chăm Sóc Da Mặt,Làm Sạch Da,Tẩy Trang Mặt,Sức Khỏe - Làm Đẹp -> Chăm Sóc Da Mặt -> Làm Sạch Da -> Tẩy Trang Mặt,False
P_206,206,Combo 2 Gel Rửa Mặt Cocoon Bí Đao Giúp Giảm Dầu & Mụn 310ml,1,Sữa Rửa Mặt,2002,Làm Sạch Da,Chăm Sóc Da Mặt,Làm Sạch Da,Sữa Rửa Mặt,Sức Khỏe - Làm Đẹp -> Chăm Sóc Da Mặt -> Làm Sạch Da -> Sữa Rửa Mặt,True
P_208,208,Combo 10 Mặt Nạ BNBG Vitamin Dưỡng Da Chuyên Sâu 30ml,11,Mặt Nạ Giấy,2001,Mặt Nạ,Chăm Sóc Da Mặt,Mặt Nạ,Mặt Nạ Giấy,Sức Khỏe - Làm Đẹp -> Chăm Sóc Da Mặt -> Mặt Nạ -> Mặt Nạ Giấy,False
P_210,210,Kem Dưỡng Olay Ban Ngày Sáng Da Chống Tia UV SPF15 50g,7,Kem / Gel / Dầu Dưỡng,2003,Dưỡng Ẩm,Chăm Sóc Da Mặt,Dưỡng Ẩm,Kem / Gel / Dầu Dưỡng,Sức Khỏe - Làm Đẹp -> Chăm Sóc Da Mặt -> Dưỡng Ẩm -> Kem / Gel / Dầu Dưỡng,True
P_212,212,"Serum Balance Active Formula Làm Sáng Da, Mờ Thâm 30ml",9,Serum / Tinh Chất,2004,Đặc Trị,Chăm Sóc Da Mặt,Đặc Trị,Serum / Tinh Chất,Sức Khỏe - Làm Đẹp -> Chăm Sóc Da Mặt -> Đặc Trị -> Serum / Tinh Chất,True
P_213,213,Hộp 8 Miếng Mặt Nạ Naruko Tràm Trà Kiềm Dầu Giảm Mụn 26ml/M,11,Mặt Nạ Giấy,2001,Mặt Nạ,Chăm Sóc Da Mặt,Mặt Nạ,Mặt Nạ Giấy,Sức Khỏe - Làm Đẹp -> Chăm Sóc Da Mặt -> Mặt Nạ -> Mặt Nạ Giấy,False
P_214,214,Kem Dưỡng Olay Regenerist Ngừa Lão Hóa Da Ban Đêm 50g,7,Kem / Gel / Dầu Dưỡng,2003,Dưỡng Ẩm,Chăm Sóc Da Mặt,Dưỡng Ẩm,Kem / Gel / Dầu Dưỡng,Sức Khỏe - Làm Đẹp -> Chăm Sóc Da Mặt -> Dưỡng Ẩm -> Kem / Gel / Dầu Dưỡng,True
P_215,215,Kem Dưỡng Hada Labo Chuyên Biệt Cải Thiện Da Lão Hóa 50g,7,Kem / Gel / Dầu Dưỡng,2003,Dưỡng Ẩm,Chăm Sóc Da Mặt,Dưỡng Ẩm,Kem / Gel / Dầu Dưỡng,Sức Khỏe - Làm Đẹp -> Chăm Sóc Da Mặt -> Dưỡng Ẩm -> Kem / Gel / Dầu Dưỡng,True
P_218,218,Combo 2 Sữa Chống Nắng Anessa Cho Da Nhạy Cảm & Trẻ Em 60ml (Mới),6,Chống Nắng Da Mặt,1001,Chăm Sóc Da Mặt,Chăm Sóc Da Mặt,Chống Nắng Da Mặt,Chống Nắng Da Mặt,Sức Khỏe - Làm Đẹp -> Chăm Sóc Da Mặt -> Chống Nắng Da Mặt,True
P_219,219,Kem Chống Nắng Skin1004 Nâng Tông Cho Da Nhạy Cảm SPF50+ 50ml,6,Chống Nắng Da Mặt,1001,Chăm Sóc Da Mặt,Chăm Sóc Da Mặt,Chống Nắng Da Mặt,Chống Nắng Da Mặt,Sức Khỏe - Làm Đẹp -> Chăm Sóc Da Mặt -> Chống Nắng Da Mặt,True
P_221,221,"Gel Rửa Mặt Simple Thanh Khiết, Giảm Bóng Nhờn 150ml",1,Sữa Rửa Mặt,2002,Làm Sạch Da,Chăm Sóc Da Mặt,Làm Sạch Da,Sữa Rửa Mặt,Sức Khỏe - Làm Đẹp -> Chăm Sóc Da Mặt -> Làm Sạch Da -> Sữa Rửa Mặt,True
P_222,222,Kem Dưỡng Olay Total Effects Ngừa Lão Hóa Da Ban Đêm 50g,7,Kem / Gel / Dầu Dưỡng,2003,Dưỡng Ẩm,Chăm Sóc Da Mặt,Dưỡng Ẩm,Kem / Gel / Dầu Dưỡng,Sức Khỏe - Làm Đẹp -> Chăm Sóc Da Mặt -> Dưỡng Ẩm -> Kem / Gel / Dầu Dưỡng,True
P_223,223,"Gel Rửa Mặt La Roche-Posay Dành Cho Da Dầu, Nhạy Cảm 200ml",1,Sữa Rửa Mặt,2002,Làm Sạch Da,Chăm Sóc Da Mặt,Làm Sạch Da,Sữa Rửa Mặt,Sức Khỏe - Làm Đẹp -> Chăm Sóc Da Mặt -> Làm Sạch Da -> Sữa Rửa Mặt,True
P_224,224,Combo 2 Dung Dịch Tẩy Da Chết Paula’s Choice 2% BHA 118ml,17,Tẩy Tế Bào Chết Da Mặt,2002,Làm Sạch Da,Chăm Sóc Da Mặt,Làm Sạch Da,Tẩy Tế Bào Chết Da Mặt,Sức Khỏe - Làm Đẹp -> Chăm Sóc Da Mặt -> Làm Sạch Da -> Tẩy Tế Bào Chết Da Mặt,False
P_225,225,Gel Rửa Mặt Cocoon Bí Đao Giúp Giảm Dầu & Mụn 310ml,1,Sữa Rửa Mặt,2002,Làm Sạch Da,Chăm Sóc Da Mặt,Làm Sạch Da,Sữa Rửa Mặt,Sức Khỏe - Làm Đẹp -> Chăm Sóc Da Mặt -> Làm Sạch Da -> Sữa Rửa Mặt,True
P_227,227,Serum La Roche-Posay Giảm Mụn 3 Tác Động 30ml,9,Serum / Tinh Chất,2004,Đặc Trị,Chăm Sóc Da Mặt,Đặc Trị,Serum / Tinh Chất,Sức Khỏe - Làm Đẹp -> Chăm Sóc Da Mặt -> Đặc Trị -> Serum / Tinh Chất,True
P_228,228,Sữa Rửa Mặt CeraVe Sạch Sâu Cho Da Thường Đến Da Dầu 88ml,1,Sữa Rửa Mặt,2002,Làm Sạch Da,Chăm Sóc Da Mặt,Làm Sạch Da,Sữa Rửa Mặt,Sức Khỏe - Làm Đẹp -> Chăm Sóc Da Mặt -> Làm Sạch Da -> Sữa Rửa Mặt,True
P_229,229,Combo d'Alba Serum Dạng Xịt Căng Bóng & Kem Chống Nắng Nâng Tông Tím 100ml+50ml,3,Bộ Chăm Sóc Da Mặt,1001,Chăm Sóc Da Mặt,Chăm Sóc Da Mặt,Bộ Chăm Sóc Da Mặt,Bộ Chăm Sóc Da Mặt,Sức Khỏe - Làm Đẹp -> Chăm Sóc Da Mặt -> Bộ Chăm Sóc Da Mặt,False
P_231,231,Dung Dịch Hada Labo Gokujyun Dưỡng Ẩm Da Tối Ưu 170ml,37,Lotion / Sữa Dưỡng,2003,Dưỡng Ẩm,Chăm Sóc Da Mặt,Dưỡng Ẩm,Lotion / Sữa Dưỡng,Sức Khỏe - Làm Đẹp -> Chăm Sóc Da Mặt -> Dưỡng Ẩm -> Lotion / Sữa Dưỡng,False
P_232,232,Kem Dưỡng Ẩm Neutrogena Cấp Nước Cho Da Khô 50g,7,Kem / Gel / Dầu Dưỡng,2003,Dưỡng Ẩm,Chăm Sóc Da Mặt,Dưỡng Ẩm,Kem / Gel / Dầu Dưỡng,Sức Khỏe - Làm Đẹp -> Chăm Sóc Da Mặt -> Dưỡng Ẩm -> Kem / Gel / Dầu Dưỡng,True
P_233,233,Gel Rửa Mặt SVR Không Chứa Xà Phòng Cho Da Dầu Túi 400ml,1,Sữa Rửa Mặt,2002,Làm Sạch Da,Chăm Sóc Da Mặt,Làm Sạch Da,Sữa Rửa Mặt,Sức Khỏe - Làm Đẹp -> Chăm Sóc Da Mặt -> Làm Sạch Da -> Sữa Rửa Mặt,True
P_234,234,"Kem Dưỡng Mắt Sur.Medic+ Giảm Nếp Nhăn, Ngăn Lão Hóa 35ml",38,Serum / Kem Dưỡng Mắt,2005,Dưỡng Mắt,Chăm Sóc Da Mặt,Dưỡng Mắt,Serum / Kem Dưỡng Mắt,Sức Khỏe - Làm Đẹp -> Chăm Sóc Da Mặt -> Dưỡng Mắt -> Serum / Kem Dưỡng Mắt,False
P_235,235,"Tinh Chất Dưỡng Môi Torriden Căng Mọng, Cấp Ẩm 11ml",18,Son Dưỡng Môi,2006,Dưỡng Môi,Chăm Sóc Da Mặt,Dưỡng Môi,Son Dưỡng Môi,Sức Khỏe - Làm Đẹp -> Chăm Sóc Da Mặt -> Dưỡng Môi -> Son Dưỡng Môi,False
P_236,236,Kem Dưỡng Olay Chiết Xuất Retinol24 Ngừa Lão Hóa Ban Đêm 50g,7,Kem / Gel / Dầu Dưỡng,2003,Dưỡng Ẩm,Chăm Sóc Da Mặt,Dưỡng Ẩm,Kem / Gel / Dầu Dưỡng,Sức Khỏe - Làm Đẹp -> Chăm Sóc Da Mặt -> Dưỡng Ẩm -> Kem / Gel / Dầu Dưỡng,True
P_237,237,Kem Chống Nắng innisfree Nâng Tông Kiềm Dầu 60ml (Mới),6,Chống Nắng Da Mặt,1001,Chăm Sóc Da Mặt,Chăm Sóc Da Mặt,Chống Nắng Da Mặt,Chống Nắng Da Mặt,Sức Khỏe - Làm Đẹp -> Chăm Sóc Da Mặt -> Chống Nắng Da Mặt,True
P_240,240,Nước Hoa Hồng Simple Làm Dịu Da & Cấp Ẩm 200ml,4,Toner / Nước Cân Bằng Da,2002,Làm Sạch Da,Chăm Sóc Da Mặt,Làm Sạch Da,Toner / Nước Cân Bằng Da,Sức Khỏe - Làm Đẹp -> Chăm Sóc Da Mặt -> Làm Sạch Da -> Toner / Nước Cân Bằng Da,False
P_241,241,"Combo 10 Mặt Nạ Sinh Học Emmié Phục Hồi, Dịu Da 25g",11,Mặt Nạ Giấy,2001,Mặt Nạ,Chăm Sóc Da Mặt,Mặt Nạ,Mặt Nạ Giấy,Sức Khỏe - Làm Đẹp -> Chăm Sóc Da Mặt -> Mặt Nạ -> Mặt Nạ Giấy,False
P_242,242,Combo 10 Mặt Nạ BNBG Vitamin B3 Làm Sáng Da 30ml (Mới),11,Mặt Nạ Giấy,2001,Mặt Nạ,Chăm Sóc Da Mặt,Mặt Nạ,Mặt Nạ Giấy,Sức Khỏe - Làm Đẹp -> Chăm Sóc Da Mặt -> Mặt Nạ -> Mặt Nạ Giấy,False
P_244,244,"Serum Some By Mi Retinol 0.1% Ngừa Lão Hóa, Căng Bóng Da 30ml",9,Serum / Tinh Chất,2004,Đặc Trị,Chăm Sóc Da Mặt,Đặc Trị,Serum / Tinh Chất,Sức Khỏe - Làm Đẹp -> Chăm Sóc Da Mặt -> Đặc Trị -> Serum / Tinh Chất,True
P_246,246,Serum 9Wishes Dưỡng Ẩm & Làm Căng Bóng Da 30ml,9,Serum / Tinh Chất,2004,Đặc Trị,Chăm Sóc Da Mặt,Đặc Trị,Serum / Tinh Chất,Sức Khỏe - Làm Đẹp -> Chăm Sóc Da Mặt -> Đặc Trị -> Serum / Tinh Chất,True
P_248,248,"Serum Neogen Dermalogy Dưỡng Sáng Da, Mờ Thâm 32g",9,Serum / Tinh Chất,2004,Đặc Trị,Chăm Sóc Da Mặt,Đặc Trị,Serum / Tinh Chất,Sức Khỏe - Làm Đẹp -> Chăm Sóc Da Mặt -> Đặc Trị -> Serum / Tinh Chất,True
P_249,249,"Serum Klairs Cấp Ẩm Cho Da Khô, Nhạy Cảm 80ml",9,Serum / Tinh Chất,2004,Đặc Trị,Chăm Sóc Da Mặt,Đặc Trị,Serum / Tinh Chất,Sức Khỏe - Làm Đẹp -> Chăm Sóc Da Mặt -> Đặc Trị -> Serum / Tinh Chất,True
P_250,250,Combo 10 Mặt Nạ Sur.Medic+ Tinh Chất Glutathione Làm Sáng Da 30g,11,Mặt Nạ Giấy,2001,Mặt Nạ,Chăm Sóc Da Mặt,Mặt Nạ,Mặt Nạ Giấy,Sức Khỏe - Làm Đẹp -> Chăm Sóc Da Mặt -> Mặt Nạ -> Mặt Nạ Giấy,False
P_252,252,Kem Dưỡng Bio-essence Dưỡng Da Tươi Sáng Căng Mọng 50g,7,Kem / Gel / Dầu Dưỡng,2003,Dưỡng Ẩm,Chăm Sóc Da Mặt,Dưỡng Ẩm,Kem / Gel / Dầu Dưỡng,Sức Khỏe - Làm Đẹp -> Chăm Sóc Da Mặt -> Dưỡng Ẩm -> Kem / Gel / Dầu Dưỡng,True
P_253,253,Combo 2 Nước Tẩy Trang Garnier Làm Sạch Sâu Lớp Trang Điểm 400ml,2,Tẩy Trang Mặt,2002,Làm Sạch Da,Chăm Sóc Da Mặt,Làm Sạch Da,Tẩy Trang Mặt,Sức Khỏe - Làm Đẹp -> Chăm Sóc Da Mặt -> Làm Sạch Da -> Tẩy Trang Mặt,False
P_255,255,Sữa Rửa Mặt Tia'm Ốc Sên Làm Dịu & Phục Hồi Da 200ml,1,Sữa Rửa Mặt,2002,Làm Sạch Da,Chăm Sóc Da Mặt,Làm Sạch Da,Sữa Rửa Mặt,Sức Khỏe - Làm Đẹp -> Chăm Sóc Da Mặt -> Làm Sạch Da -> Sữa Rửa Mặt,True
P_257,257,"Mặt Nạ Caryophy Làm Giảm Mụn, Thâm & Dưỡng Ẩm Da 22g",11,Mặt Nạ Giấy,2001,Mặt Nạ,Chăm Sóc Da Mặt,Mặt Nạ,Mặt Nạ Giấy,Sức Khỏe - Làm Đẹp -> Chăm Sóc Da Mặt -> Mặt Nạ -> Mặt Nạ Giấy,False
P_258,258,"Kem Dưỡng Avène Làm Lành Da Nội Sinh, Ngừa Nhiễm Khuẩn 40ml",7,Kem / Gel / Dầu Dưỡng,2003,Dưỡng Ẩm,Chăm Sóc Da Mặt,Dưỡng Ẩm,Kem / Gel / Dầu Dưỡng,Sức Khỏe - Làm Đẹp -> Chăm Sóc Da Mặt -> Dưỡng Ẩm -> Kem / Gel / Dầu Dưỡng,True
P_260,260,"Kem Dưỡng Angel's Liquid Làm Sáng Da, Mờ Thâm 50ml",7,Kem / Gel / Dầu Dưỡng,2003,Dưỡng Ẩm,Chăm Sóc Da Mặt,Dưỡng Ẩm,Kem / Gel / Dầu Dưỡng,Sức Khỏe - Làm Đẹp -> Chăm Sóc Da Mặt -> Dưỡng Ẩm -> Kem / Gel / Dầu Dưỡng,True
P_261,261,Kem Chống Nắng Eucerin Kiềm Dầu & Ngừa Mụn 50ml,6,Chống Nắng Da Mặt,1001,Chăm Sóc Da Mặt,Chăm Sóc Da Mặt,Chống Nắng Da Mặt,Chống Nắng Da Mặt,Sức Khỏe - Làm Đẹp -> Chăm Sóc Da Mặt -> Chống Nắng Da Mặt,True
P_263,263,Gel Rửa Mặt Bioderma Dành Cho Da Dầu & Hỗn Hợp 200ml (Tuýp),1,Sữa Rửa Mặt,2002,Làm Sạch Da,Chăm Sóc Da Mặt,Làm Sạch Da,Sữa Rửa Mặt,Sức Khỏe - Làm Đẹp -> Chăm Sóc Da Mặt -> Làm Sạch Da -> Sữa Rửa Mặt,True
P_264,264,Combo 10 Mặt Nạ Colorkey B5 Dưỡng Ẩm Sáng Da Với Niacinamide 25ml,11,Mặt Nạ Giấy,2001,Mặt Nạ,Chăm Sóc Da Mặt,Mặt Nạ,Mặt Nạ Giấy,Sức Khỏe - Làm Đẹp -> Chăm Sóc Da Mặt -> Mặt Nạ -> Mặt Nạ Giấy,False
P_265,265,Nước Hoa Hồng Klairs Dành Cho Da Nhạy Cảm 180ml,4,Toner / Nước Cân Bằng Da,2002,Làm Sạch Da,Chăm Sóc Da Mặt,Làm Sạch Da,Toner / Nước Cân Bằng Da,Sức Khỏe - Làm Đẹp -> Chăm Sóc Da Mặt -> Làm Sạch Da -> Toner / Nước Cân Bằng Da,False
P_266,266,Gel Rửa Mặt Eucerin Cho Da Nhờn Mụn 400ml,1,Sữa Rửa Mặt,2002,Làm Sạch Da,Chăm Sóc Da Mặt,Làm Sạch Da,Sữa Rửa Mặt,Sức Khỏe - Làm Đẹp -> Chăm Sóc Da Mặt -> Làm Sạch Da -> Sữa Rửa Mặt,True
P_269,269,"Serum Obagi Cấp Nước, Dưỡng Ẩm, Phục Hồi Da 30ml",9,Serum / Tinh Chất,2004,Đặc Trị,Chăm Sóc Da Mặt,Đặc Trị,Serum / Tinh Chất,Sức Khỏe - Làm Đẹp -> Chăm Sóc Da Mặt -> Đặc Trị -> Serum / Tinh Chất,True
P_270,270,"Tinh Chất La Bonita B5 Hỗ Trợ Phục Hồi, Làm Dịu Da 50ml",9,Serum / Tinh Chất,2004,Đặc Trị,Chăm Sóc Da Mặt,Đặc Trị,Serum / Tinh Chất,Sức Khỏe - Làm Đẹp -> Chăm Sóc Da Mặt -> Đặc Trị -> Serum / Tinh Chất,True
P_271,271,"Serum Angel's Liquid Dưỡng Sáng Da, Mờ Thâm 30ml",9,Serum / Tinh Chất,2004,Đặc Trị,Chăm Sóc Da Mặt,Đặc Trị,Serum / Tinh Chất,Sức Khỏe - Làm Đẹp -> Chăm Sóc Da Mặt -> Đặc Trị -> Serum / Tinh Chất,True
P_273,273,Kem Dưỡng Skin1004 Làm Dịu Da Chiết Xuất Rau Má 75ml,7,Kem / Gel / Dầu Dưỡng,2003,Dưỡng Ẩm,Chăm Sóc Da Mặt,Dưỡng Ẩm,Kem / Gel / Dầu Dưỡng,Sức Khỏe - Làm Đẹp -> Chăm Sóc Da Mặt -> Dưỡng Ẩm -> Kem / Gel / Dầu Dưỡng,True
P_274,274,"Kem Rửa Mặt Hada Labo Sạch Sâu, Dưỡng Sáng Da 80g",1,Sữa Rửa Mặt,2002,Làm Sạch Da,Chăm Sóc Da Mặt,Làm Sạch Da,Sữa Rửa Mặt,Sức Khỏe - Làm Đẹp -> Chăm Sóc Da Mặt -> Làm Sạch Da -> Sữa Rửa Mặt,True
P_275,275,Nước Tẩy Trang JMsolution Rau Má Cho Da Dầu Mụn 500ml,2,Tẩy Trang Mặt,2002,Làm Sạch Da,Chăm Sóc Da Mặt,Làm Sạch Da,Tẩy Trang Mặt,Sức Khỏe - Làm Đẹp -> Chăm Sóc Da Mặt -> Làm Sạch Da -> Tẩy Trang Mặt,False
P_277,277,Combo 2 Sữa Rửa Mặt innisfree Kiểm Soát Nhờn Tro Núi Lửa & BHA 150g (Mới),1,Sữa Rửa Mặt,2002,Làm Sạch Da,Chăm Sóc Da Mặt,Làm Sạch Da,Sữa Rửa Mặt,Sức Khỏe - Làm Đẹp -> Chăm Sóc Da Mặt -> Làm Sạch Da -> Sữa Rửa Mặt,True
P_279,279,"Combo 10 Mặt Nạ BNBG Tràm Trà Thải Độc Da, Giảm Mụn 30ml",11,Mặt Nạ Giấy,2001,Mặt Nạ,Chăm Sóc Da Mặt,Mặt Nạ,Mặt Nạ Giấy,Sức Khỏe - Làm Đẹp -> Chăm Sóc Da Mặt -> Mặt Nạ -> Mặt Nạ Giấy,False
P_280,280,Sáp Tẩy Trang Banila Co Original Cho Mọi Loại Da 100ml,2,Tẩy Trang Mặt,2002,Làm Sạch Da,Chăm Sóc Da Mặt,Làm Sạch Da,Tẩy Trang Mặt,Sức Khỏe - Làm Đẹp -> Chăm Sóc Da Mặt -> Làm Sạch Da -> Tẩy Trang Mặt,False
P_281,281,Serum Skin1004 Rau Má Dưỡng Sáng & Làm Dịu Da 100ml,9,Serum / Tinh Chất,2004,Đặc Trị,Chăm Sóc Da Mặt,Đặc Trị,Serum / Tinh Chất,Sức Khỏe - Làm Đẹp -> Chăm Sóc Da Mặt -> Đặc Trị -> Serum / Tinh Chất,True
P_283,283,Chấm Mụn Neogen Dermalogy Hỗ Trợ Giảm Sưng Viêm 15ml,25,Hỗ Trợ Trị Mụn,2004,Đặc Trị,Chăm Sóc Da Mặt,Đặc Trị,Hỗ Trợ Trị Mụn,Sức Khỏe - Làm Đẹp -> Chăm Sóc Da Mặt -> Đặc Trị -> Hỗ Trợ Trị Mụn,True
P_284,284,Gel Rửa Mặt SVR Không Chứa Xà Phòng Cho Da Dầu 200ml,1,Sữa Rửa Mặt,2002,Làm Sạch Da,Chăm Sóc Da Mặt,Làm Sạch Da,Sữa Rửa Mặt,Sức Khỏe - Làm Đẹp -> Chăm Sóc Da Mặt -> Làm Sạch Da -> Sữa Rửa Mặt,True
P_285,285,[Mini] Combo 4 Nước Tẩy Trang L'Oreal Căng Mịn Da 95ml,2,Tẩy Trang Mặt,2002,Làm Sạch Da,Chăm Sóc Da Mặt,Làm Sạch Da,Tẩy Trang Mặt,Sức Khỏe - Làm Đẹp -> Chăm Sóc Da Mặt -> Làm Sạch Da -> Tẩy Trang Mặt,False
P_287,287,Mặt Nạ Đất Sét Aperire Băng Lạnh Thu Nhỏ Lỗ Chân Lông 120g,19,Mặt Nạ Rửa,2001,Mặt Nạ,Chăm Sóc Da Mặt,Mặt Nạ,Mặt Nạ Rửa,Sức Khỏe - Làm Đẹp -> Chăm Sóc Da Mặt -> Mặt Nạ -> Mặt Nạ Rửa,False
P_288,288,"Serum Tia'm Làm Sáng, Phục Hồi Cho Da Dầu Mụn, Nhạy Cảm 40ml",9,Serum / Tinh Chất,2004,Đặc Trị,Chăm Sóc Da Mặt,Đặc Trị,Serum / Tinh Chất,Sức Khỏe - Làm Đẹp -> Chăm Sóc Da Mặt -> Đặc Trị -> Serum / Tinh Chất,True
P_292,292,Combo Angel's Liquid Serum 30ml + Kem Dưỡng 50ml Sáng Da Chuyên Sâu,3,Bộ Chăm Sóc Da Mặt,1001,Chăm Sóc Da Mặt,Chăm Sóc Da Mặt,Bộ Chăm Sóc Da Mặt,Bộ Chăm Sóc Da Mặt,Sức Khỏe - Làm Đẹp -> Chăm Sóc Da Mặt -> Bộ Chăm Sóc Da Mặt,False
P_293,293,Sữa Chống Nắng Sunplay Hiệu Chỉnh Sắc Da 50g (Tím),6,Chống Nắng Da Mặt,1001,Chăm Sóc Da Mặt,Chăm Sóc Da Mặt,Chống Nắng Da Mặt,Chống Nắng Da Mặt,Sức Khỏe - Làm Đẹp -> Chăm Sóc Da Mặt -> Chống Nắng Da Mặt,True
P_294,294,Kem Dưỡng Ẩm Cetaphil Dịu Lành Cho Da Nhạy Cảm 453g,7,Kem / Gel / Dầu Dưỡng,2003,Dưỡng Ẩm,Chăm Sóc Da Mặt,Dưỡng Ẩm,Kem / Gel / Dầu Dưỡng,Sức Khỏe - Làm Đẹp -> Chăm Sóc Da Mặt -> Dưỡng Ẩm -> Kem / Gel / Dầu Dưỡng,True
P_295,295,"Hộp 10 Mặt Nạ Keyshu Sợi Xơ Rau Má Cấp Ẩm, Ngừa Lão Hóa 30ml",11,Mặt Nạ Giấy,2001,Mặt Nạ,Chăm Sóc Da Mặt,Mặt Nạ,Mặt Nạ Giấy,Sức Khỏe - Làm Đẹp -> Chăm Sóc Da Mặt -> Mặt Nạ -> Mặt Nạ Giấy,False
P_298,298,Combo 2 Tẩy Da Chết Mặt Cocoon Cà Phê Đắk Lắk 150ml,17,Tẩy Tế Bào Chết Da Mặt,2002,Làm Sạch Da,Chăm Sóc Da Mặt,Làm Sạch Da,Tẩy Tế Bào Chết Da Mặt,Sức Khỏe - Làm Đẹp -> Chăm Sóc Da Mặt -> Làm Sạch Da -> Tẩy Tế Bào Chết Da Mặt,False
P_299,299,"Kem Dưỡng Obagi Retinol 0.5% Trẻ Hóa Da, Ngừa Mụn 28g",25,Hỗ Trợ Trị Mụn,2004,Đặc Trị,Chăm Sóc Da Mặt,Đặc Trị,Hỗ Trợ Trị Mụn,Sức Khỏe - Làm Đẹp -> Chăm Sóc Da Mặt -> Đặc Trị -> Hỗ Trợ Trị Mụn,True
P_300,300,Combo 2 Nước Tẩy Trang Garnier Dành Cho Da Dầu Và Mụn 400ml (Mới),2,Tẩy Trang Mặt,2002,Làm Sạch Da,Chăm Sóc Da Mặt,Làm Sạch Da,Tẩy Trang Mặt,Sức Khỏe - Làm Đẹp -> Chăm Sóc Da Mặt -> Làm Sạch Da -> Tẩy Trang Mặt,False
P_302,302,Kem Dưỡng La Roche-Posay Giảm Mụn Hiệu Quả 7.5ml,25,Hỗ Trợ Trị Mụn,2004,Đặc Trị,Chăm Sóc Da Mặt,Đặc Trị,Hỗ Trợ Trị Mụn,Sức Khỏe - Làm Đẹp -> Chăm Sóc Da Mặt -> Đặc Trị -> Hỗ Trợ Trị Mụn,True
P_304,304,"Combo Torriden Serum 50ml + Kem Dưỡng 100ml Cấp Ẩm, Sáng Bóng Da",3,Bộ Chăm Sóc Da Mặt,1001,Chăm Sóc Da Mặt,Chăm Sóc Da Mặt,Bộ Chăm Sóc Da Mặt,Bộ Chăm Sóc Da Mặt,Sức Khỏe - Làm Đẹp -> Chăm Sóc Da Mặt -> Bộ Chăm Sóc Da Mặt,False
P_308,308,Kem Chống Nắng L'Oreal Mịn Nhẹ Nâng Tông Giảm Thâm 50ml,6,Chống Nắng Da Mặt,1001,Chăm Sóc Da Mặt,Chăm Sóc Da Mặt,Chống Nắng Da Mặt,Chống Nắng Da Mặt,Sức Khỏe - Làm Đẹp -> Chăm Sóc Da Mặt -> Chống Nắng Da Mặt,True
P_309,309,Dưỡng Môi Đa Năng Pure Paw Paw Chiết Xuất Đu Đủ 25g,18,Son Dưỡng Môi,2006,Dưỡng Môi,Chăm Sóc Da Mặt,Dưỡng Môi,Son Dưỡng Môi,Sức Khỏe - Làm Đẹp -> Chăm Sóc Da Mặt -> Dưỡng Môi -> Son Dưỡng Môi,False
P_314,314,Nước Tẩy Trang Simple Làm Sạch Trang Điểm 200ml,2,Tẩy Trang Mặt,2002,Làm Sạch Da,Chăm Sóc Da Mặt,Làm Sạch Da,Tẩy Trang Mặt,Sức Khỏe - Làm Đẹp -> Chăm Sóc Da Mặt -> Làm Sạch Da -> Tẩy Trang Mặt,False
P_315,315,Nước Tẩy Trang JMsolution Hyaluronic Acid Mọi Loại Da 850ml,2,Tẩy Trang Mặt,2002,Làm Sạch Da,Chăm Sóc Da Mặt,Làm Sạch Da,Tẩy Trang Mặt,Sức Khỏe - Làm Đẹp -> Chăm Sóc Da Mặt -> Làm Sạch Da -> Tẩy Trang Mặt,False
P_317,317,"Kem Dưỡng Obagi Clinical Kinetin+ Giúp Dưỡng Ẩm, Làm Dịu Da 50ml",7,Kem / Gel / Dầu Dưỡng,2003,Dưỡng Ẩm,Chăm Sóc Da Mặt,Dưỡng Ẩm,Kem / Gel / Dầu Dưỡng,Sức Khỏe - Làm Đẹp -> Chăm Sóc Da Mặt -> Dưỡng Ẩm -> Kem / Gel / Dầu Dưỡng,True
P_318,318,Kem Dưỡng Ẩm Hada Labo Tối Ưu Cho Mọi Loại Da 50g,7,Kem / Gel / Dầu Dưỡng,2003,Dưỡng Ẩm,Chăm Sóc Da Mặt,Dưỡng Ẩm,Kem / Gel / Dầu Dưỡng,Sức Khỏe - Làm Đẹp -> Chăm Sóc Da Mặt -> Dưỡng Ẩm -> Kem / Gel / Dầu Dưỡng,True
P_321,321,Gel Tẩy Tế Bào Chết Bio-essence Dưỡng Da Tươi Trẻ 60g,17,Tẩy Tế Bào Chết Da Mặt,2002,Làm Sạch Da,Chăm Sóc Da Mặt,Làm Sạch Da,Tẩy Tế Bào Chết Da Mặt,Sức Khỏe - Làm Đẹp -> Chăm Sóc Da Mặt -> Làm Sạch Da -> Tẩy Tế Bào Chết Da Mặt,False
P_322,322,Combo 2 Sữa Rửa Mặt Simple Dưỡng Ẩm Cho Da Dạng Gel 150ml,1,Sữa Rửa Mặt,2002,Làm Sạch Da,Chăm Sóc Da Mặt,Làm Sạch Da,Sữa Rửa Mặt,Sức Khỏe - Làm Đẹp -> Chăm Sóc Da Mặt -> Làm Sạch Da -> Sữa Rửa Mặt,True
P_327,327,Serum Olay Sức Mạnh Từ 5 Dưỡng Chất Trong 1 30ml,9,Serum / Tinh Chất,2004,Đặc Trị,Chăm Sóc Da Mặt,Đặc Trị,Serum / Tinh Chất,Sức Khỏe - Làm Đẹp -> Chăm Sóc Da Mặt -> Đặc Trị -> Serum / Tinh Chất,True
P_328,328,Combo 10 Mặt Nạ Wonjin Siêu Tinh Chất Phục Hồi 27g,11,Mặt Nạ Giấy,2001,Mặt Nạ,Chăm Sóc Da Mặt,Mặt Nạ,Mặt Nạ Giấy,Sức Khỏe - Làm Đẹp -> Chăm Sóc Da Mặt -> Mặt Nạ -> Mặt Nạ Giấy,False
P_331,331,"Sữa Rửa Mặt Hatomugi Tẩy Trang, Hỗ Trợ Sáng Da 130g",1,Sữa Rửa Mặt,2002,Làm Sạch Da,Chăm Sóc Da Mặt,Làm Sạch Da,Sữa Rửa Mặt,Sức Khỏe - Làm Đẹp -> Chăm Sóc Da Mặt -> Làm Sạch Da -> Sữa Rửa Mặt,True
P_332,332,"Combo Serum & Kem Dưỡng Olay Dưỡng Sáng Da, Mờ Thâm Mụn 30ml+50g",3,Bộ Chăm Sóc Da Mặt,1001,Chăm Sóc Da Mặt,Chăm Sóc Da Mặt,Bộ Chăm Sóc Da Mặt,Bộ Chăm Sóc Da Mặt,Sức Khỏe - Làm Đẹp -> Chăm Sóc Da Mặt -> Bộ Chăm Sóc Da Mặt,False
P_334,334,Sữa Rửa Mặt Cocoon Chiết Xuất Từ Nghệ Hưng Yên 310ml,1,Sữa Rửa Mặt,2002,Làm Sạch Da,Chăm Sóc Da Mặt,Làm Sạch Da,Sữa Rửa Mặt,Sức Khỏe - Làm Đẹp -> Chăm Sóc Da Mặt -> Làm Sạch Da -> Sữa Rửa Mặt,True
P_335,335,Mặt Nạ BNBG Vitamin E Dưỡng Ẩm Da 30ml (Mới),11,Mặt Nạ Giấy,2001,Mặt Nạ,Chăm Sóc Da Mặt,Mặt Nạ,Mặt Nạ Giấy,Sức Khỏe - Làm Đẹp -> Chăm Sóc Da Mặt -> Mặt Nạ -> Mặt Nạ Giấy,False
P_339,339,"Serum Derladie Niacinamide 20% Giảm Mụn, Mờ Thâm Đỏ 30ml",9,Serum / Tinh Chất,2004,Đặc Trị,Chăm Sóc Da Mặt,Đặc Trị,Serum / Tinh Chất,Sức Khỏe - Làm Đẹp -> Chăm Sóc Da Mặt -> Đặc Trị -> Serum / Tinh Chất,True
P_340,340,Sữa Rửa Mặt Cocoon Sen Hậu Giang Làm Dịu Da Nhạy Cảm 310ml,1,Sữa Rửa Mặt,2002,Làm Sạch Da,Chăm Sóc Da Mặt,Làm Sạch Da,Sữa Rửa Mặt,Sức Khỏe - Làm Đẹp -> Chăm Sóc Da Mặt -> Làm Sạch Da -> Sữa Rửa Mặt,True
P_343,343,Sữa Chống Nắng Anessa Dưỡng Da Kiềm Dầu 20ml (Mới),6,Chống Nắng Da Mặt,1001,Chăm Sóc Da Mặt,Chăm Sóc Da Mặt,Chống Nắng Da Mặt,Chống Nắng Da Mặt,Sức Khỏe - Làm Đẹp -> Chăm Sóc Da Mặt -> Chống Nắng Da Mặt,True
P_344,344,Serum Paula's Choice Se Khít Lỗ Chân Lông Tối Ưu 20ml,9,Serum / Tinh Chất,2004,Đặc Trị,Chăm Sóc Da Mặt,Đặc Trị,Serum / Tinh Chất,Sức Khỏe - Làm Đẹp -> Chăm Sóc Da Mặt -> Đặc Trị -> Serum / Tinh Chất,True
P_349,349,Kem Dưỡng Eucerin Làm Sáng Da Ban Đêm 50ml,7,Kem / Gel / Dầu Dưỡng,2003,Dưỡng Ẩm,Chăm Sóc Da Mặt,Dưỡng Ẩm,Kem / Gel / Dầu Dưỡng,Sức Khỏe - Làm Đẹp -> Chăm Sóc Da Mặt -> Dưỡng Ẩm -> Kem / Gel / Dầu Dưỡng,True
P_350,350,Serum Skin1004 Rau Má Làm Dịu & Hỗ Trợ Phục Hồi Da 55ml,9,Serum / Tinh Chất,2004,Đặc Trị,Chăm Sóc Da Mặt,Đặc Trị,Serum / Tinh Chất,Sức Khỏe - Làm Đẹp -> Chăm Sóc Da Mặt -> Đặc Trị -> Serum / Tinh Chất,True
P_353,353,"Tinh Chất Bí Đao Cocoon Làm Giảm Mụn, Mờ Thâm 70ml",9,Serum / Tinh Chất,2004,Đặc Trị,Chăm Sóc Da Mặt,Đặc Trị,Serum / Tinh Chất,Sức Khỏe - Làm Đẹp -> Chăm Sóc Da Mặt -> Đặc Trị -> Serum / Tinh Chất,True
P_354,354,Combo Cocoon Gel Tắm Đường Thốt Nốt An Giang 500ml + Tẩy Da Chết Toàn Thân Đường Thốt Nốt An Giang 200ml,3,Bộ Chăm Sóc Da Mặt,1001,Chăm Sóc Da Mặt,Chăm Sóc Da Mặt,Bộ Chăm Sóc Da Mặt,Bộ Chăm Sóc Da Mặt,Sức Khỏe - Làm Đẹp -> Chăm Sóc Da Mặt -> Bộ Chăm Sóc Da Mặt,False
P_356,356,Sữa Rửa Mặt Cerave Cho Da Dầu Mụn 236ml,1,Sữa Rửa Mặt,2002,Làm Sạch Da,Chăm Sóc Da Mặt,Làm Sạch Da,Sữa Rửa Mặt,Sức Khỏe - Làm Đẹp -> Chăm Sóc Da Mặt -> Làm Sạch Da -> Sữa Rửa Mặt,True
P_357,357,Miếng Dán Mụn Derma Angel Dùng Cho Ngày & Đêm 18 Miếng,25,Hỗ Trợ Trị Mụn,2004,Đặc Trị,Chăm Sóc Da Mặt,Đặc Trị,Hỗ Trợ Trị Mụn,Sức Khỏe - Làm Đẹp -> Chăm Sóc Da Mặt -> Đặc Trị -> Hỗ Trợ Trị Mụn,True
P_360,360,"Nước Tẩy Trang Caryophy Cho Da Dầu Mụn, Nhạy Cảm 500ml",2,Tẩy Trang Mặt,2002,Làm Sạch Da,Chăm Sóc Da Mặt,Làm Sạch Da,Tẩy Trang Mặt,Sức Khỏe - Làm Đẹp -> Chăm Sóc Da Mặt -> Làm Sạch Da -> Tẩy Trang Mặt,False
P_361,361,"Serum Tia'm Thu Nhỏ Lỗ Chân Lông, Giảm Dầu Nhờn 40ml",9,Serum / Tinh Chất,2004,Đặc Trị,Chăm Sóc Da Mặt,Đặc Trị,Serum / Tinh Chất,Sức Khỏe - Làm Đẹp -> Chăm Sóc Da Mặt -> Đặc Trị -> Serum / Tinh Chất,True
P_364,364,Nước Tẩy Trang Simple Làm Sạch Trang Điểm Vượt Trội 400ml,2,Tẩy Trang Mặt,2002,Làm Sạch Da,Chăm Sóc Da Mặt,Làm Sạch Da,Tẩy Trang Mặt,Sức Khỏe - Làm Đẹp -> Chăm Sóc Da Mặt -> Làm Sạch Da -> Tẩy Trang Mặt,False
P_367,367,Mặt Nạ innisfree Chăm Sóc Lỗ Chân Lông 100ml (Mới),19,Mặt Nạ Rửa,2001,Mặt Nạ,Chăm Sóc Da Mặt,Mặt Nạ,Mặt Nạ Rửa,Sức Khỏe - Làm Đẹp -> Chăm Sóc Da Mặt -> Mặt Nạ -> Mặt Nạ Rửa,False
P_368,368,[Mini] Combo 2 Mặt Nạ Ngủ Môi Laneige Hương Quả Mọng 3g,29,Mặt Nạ Môi,2006,Dưỡng Môi,Chăm Sóc Da Mặt,Dưỡng Môi,Mặt Nạ Môi,Sức Khỏe - Làm Đẹp -> Chăm Sóc Da Mặt -> Dưỡng Môi -> Mặt Nạ Môi,False
P_370,370,Gel Giảm Mụn Alcom Derma Forte Advanced 15g,25,Hỗ Trợ Trị Mụn,2004,Đặc Trị,Chăm Sóc Da Mặt,Đặc Trị,Hỗ Trợ Trị Mụn,Sức Khỏe - Làm Đẹp -> Chăm Sóc Da Mặt -> Đặc Trị -> Hỗ Trợ Trị Mụn,True
P_373,373,Sữa Rửa Mặt Skin1004 Làm Sạch Sâu Cho Da Nhạy Cảm 125ml,1,Sữa Rửa Mặt,2002,Làm Sạch Da,Chăm Sóc Da Mặt,Làm Sạch Da,Sữa Rửa Mặt,Sức Khỏe - Làm Đẹp -> Chăm Sóc Da Mặt -> Làm Sạch Da -> Sữa Rửa Mặt,True
P_376,376,Combo 2 Nước Cân Bằng Cocoon Sen Hậu Giang Làm Dịu Da Nhạy Cảm 310ml,4,Toner / Nước Cân Bằng Da,2002,Làm Sạch Da,Chăm Sóc Da Mặt,Làm Sạch Da,Toner / Nước Cân Bằng Da,Sức Khỏe - Làm Đẹp -> Chăm Sóc Da Mặt -> Làm Sạch Da -> Toner / Nước Cân Bằng Da,False
P_378,378,"Kem Dưỡng Ducray Giúp Làm Giảm Mụn, Mờ Vết Thâm 30ml",25,Hỗ Trợ Trị Mụn,2004,Đặc Trị,Chăm Sóc Da Mặt,Đặc Trị,Hỗ Trợ Trị Mụn,Sức Khỏe - Làm Đẹp -> Chăm Sóc Da Mặt -> Đặc Trị -> Hỗ Trợ Trị Mụn,True
P_379,379,Combo Paula's Choice Serum Se Khít Lỗ Chân Lông Tối Ưu 20ml + Dung Dịch Tẩy Da Chết 2% BHA 30ml,3,Bộ Chăm Sóc Da Mặt,1001,Chăm Sóc Da Mặt,Chăm Sóc Da Mặt,Bộ Chăm Sóc Da Mặt,Bộ Chăm Sóc Da Mặt,Sức Khỏe - Làm Đẹp -> Chăm Sóc Da Mặt -> Bộ Chăm Sóc Da Mặt,False
P_380,380,Nước Hoa Hồng Skin1004 Phục Hồi Và Tái Tạo Da 210ml,4,Toner / Nước Cân Bằng Da,2002,Làm Sạch Da,Chăm Sóc Da Mặt,Làm Sạch Da,Toner / Nước Cân Bằng Da,Sức Khỏe - Làm Đẹp -> Chăm Sóc Da Mặt -> Làm Sạch Da -> Toner / Nước Cân Bằng Da,False
P_381,381,Kem Dưỡng Forencos Dầu Marula Nâng Tông Da Ban Ngày 15g,7,Kem / Gel / Dầu Dưỡng,2003,Dưỡng Ẩm,Chăm Sóc Da Mặt,Dưỡng Ẩm,Kem / Gel / Dầu Dưỡng,Sức Khỏe - Làm Đẹp -> Chăm Sóc Da Mặt -> Dưỡng Ẩm -> Kem / Gel / Dầu Dưỡng,True
P_382,382,Kem Mắt Some By Mi Retinol Ngừa Lão Hóa 30ml,38,Serum / Kem Dưỡng Mắt,2005,Dưỡng Mắt,Chăm Sóc Da Mặt,Dưỡng Mắt,Serum / Kem Dưỡng Mắt,Sức Khỏe - Làm Đẹp -> Chăm Sóc Da Mặt -> Dưỡng Mắt -> Serum / Kem Dưỡng Mắt,False
P_384,384,Kem Dưỡng Olay Ban Ngày Ngăn Ngừa 7 Dấu Hiệu Lão Hóa 50g,7,Kem / Gel / Dầu Dưỡng,2003,Dưỡng Ẩm,Chăm Sóc Da Mặt,Dưỡng Ẩm,Kem / Gel / Dầu Dưỡng,Sức Khỏe - Làm Đẹp -> Chăm Sóc Da Mặt -> Dưỡng Ẩm -> Kem / Gel / Dầu Dưỡng,True
P_385,385,Nước Xịt Khoáng Bio-essence Dưỡng Da Ẩm Mượt Mịn Màng 300ml,30,Xịt Khoáng,2003,Dưỡng Ẩm,Chăm Sóc Da Mặt,Dưỡng Ẩm,Xịt Khoáng,Sức Khỏe - Làm Đẹp -> Chăm Sóc Da Mặt -> Dưỡng Ẩm -> Xịt Khoáng,False
P_386,386,"Combo Paula’s Choice Serum Sáng Da, Se Lỗ Chân Lông 20ml + Dung Dịch Tẩy Da Chết 2% BHA 30ml",3,Bộ Chăm Sóc Da Mặt,1001,Chăm Sóc Da Mặt,Chăm Sóc Da Mặt,Bộ Chăm Sóc Da Mặt,Bộ Chăm Sóc Da Mặt,Sức Khỏe - Làm Đẹp -> Chăm Sóc Da Mặt -> Bộ Chăm Sóc Da Mặt,False
P_392,392,Lotion Chấm Mụn Bye Bye Blemish Cho Da Mụn Thâm 30ml,25,Hỗ Trợ Trị Mụn,2004,Đặc Trị,Chăm Sóc Da Mặt,Đặc Trị,Hỗ Trợ Trị Mụn,Sức Khỏe - Làm Đẹp -> Chăm Sóc Da Mặt -> Đặc Trị -> Hỗ Trợ Trị Mụn,True
P_393,393,Combo L'Oreal Serum Sáng Da 30ml + Kem Dưỡng Sáng Da Ban Đêm 50ml,3,Bộ Chăm Sóc Da Mặt,1001,Chăm Sóc Da Mặt,Chăm Sóc Da Mặt,Bộ Chăm Sóc Da Mặt,Bộ Chăm Sóc Da Mặt,Sức Khỏe - Làm Đẹp -> Chăm Sóc Da Mặt -> Bộ Chăm Sóc Da Mặt,False
P_396,396,Nước Tẩy Trang JMsolution Hyaluronic Acid Mọi Loại Da 500ml,2,Tẩy Trang Mặt,2002,Làm Sạch Da,Chăm Sóc Da Mặt,Làm Sạch Da,Tẩy Trang Mặt,Sức Khỏe - Làm Đẹp -> Chăm Sóc Da Mặt -> Làm Sạch Da -> Tẩy Trang Mặt,False
P_397,397,Serum Chống Nắng Anessa Dưỡng Da Nâng Tông 30ml,6,Chống Nắng Da Mặt,1001,Chăm Sóc Da Mặt,Chăm Sóc Da Mặt,Chống Nắng Da Mặt,Chống Nắng Da Mặt,Sức Khỏe - Làm Đẹp -> Chăm Sóc Da Mặt -> Chống Nắng Da Mặt,True
P_398,398,Lotion Chấm Mụn Bye Bye Blemish Dành Cho Mụn Sưng Viêm 30ml,25,Hỗ Trợ Trị Mụn,2004,Đặc Trị,Chăm Sóc Da Mặt,Đặc Trị,Hỗ Trợ Trị Mụn,Sức Khỏe - Làm Đẹp -> Chăm Sóc Da Mặt -> Đặc Trị -> Hỗ Trợ Trị Mụn,True
P_400,400,Serum Balance Active Formula Ngừa Mụn Mờ Thâm 30ml,9,Serum / Tinh Chất,2004,Đặc Trị,Chăm Sóc Da Mặt,Đặc Trị,Serum / Tinh Chất,Sức Khỏe - Làm Đẹp -> Chăm Sóc Da Mặt -> Đặc Trị -> Serum / Tinh Chất,True
P_401,401,Sữa Chống Nắng Sunplay Skin Aqua Dưỡng Da Sáng Mịn 25g,6,Chống Nắng Da Mặt,1001,Chăm Sóc Da Mặt,Chăm Sóc Da Mặt,Chống Nắng Da Mặt,Chống Nắng Da Mặt,Sức Khỏe - Làm Đẹp -> Chăm Sóc Da Mặt -> Chống Nắng Da Mặt,True
P_403,403,Combo Simple Nước Tẩy Trang 200ml + Sữa Rửa Mặt Giúp Da Sạch Thoáng 150ml,3,Bộ Chăm Sóc Da Mặt,1001,Chăm Sóc Da Mặt,Chăm Sóc Da Mặt,Bộ Chăm Sóc Da Mặt,Bộ Chăm Sóc Da Mặt,Sức Khỏe - Làm Đẹp -> Chăm Sóc Da Mặt -> Bộ Chăm Sóc Da Mặt,False
P_404,404,Sữa Rửa Mặt Cetaphil Dịu Lành Cho Da Dầu Nhạy Cảm 500ml,1,Sữa Rửa Mặt,2002,Làm Sạch Da,Chăm Sóc Da Mặt,Làm Sạch Da,Sữa Rửa Mặt,Sức Khỏe - Làm Đẹp -> Chăm Sóc Da Mặt -> Làm Sạch Da -> Sữa Rửa Mặt,True
P_405,405,Combo 10 Mặt Nạ Sinh Học Emmié Cấp Ẩm Sâu & Dưỡng Sáng Da 25g,11,Mặt Nạ Giấy,2001,Mặt Nạ,Chăm Sóc Da Mặt,Mặt Nạ,Mặt Nạ Giấy,Sức Khỏe - Làm Đẹp -> Chăm Sóc Da Mặt -> Mặt Nạ -> Mặt Nạ Giấy,False
P_407,407,Serum Chống Nắng Garnier 12H Kiềm Dầu & Hỗ Trợ Giảm Mụn 30ml,6,Chống Nắng Da Mặt,1001,Chăm Sóc Da Mặt,Chăm Sóc Da Mặt,Chống Nắng Da Mặt,Chống Nắng Da Mặt,Sức Khỏe - Làm Đẹp -> Chăm Sóc Da Mặt -> Chống Nắng Da Mặt,True
P_408,408,Miếng Dán Mụn Mayan Ultra Thin Spot 20+4 Miếng,25,Hỗ Trợ Trị Mụn,2004,Đặc Trị,Chăm Sóc Da Mặt,Đặc Trị,Hỗ Trợ Trị Mụn,Sức Khỏe - Làm Đẹp -> Chăm Sóc Da Mặt -> Đặc Trị -> Hỗ Trợ Trị Mụn,True
P_409,409,"Serum Tia'm HA Cấp Nước, Hỗ Trợ Căng Bóng Da 40ml",9,Serum / Tinh Chất,2004,Đặc Trị,Chăm Sóc Da Mặt,Đặc Trị,Serum / Tinh Chất,Sức Khỏe - Làm Đẹp -> Chăm Sóc Da Mặt -> Đặc Trị -> Serum / Tinh Chất,True
P_410,410,"Combo 5 Mặt Nạ Sinh Học Emmié Phục Hồi, Dịu Da 25g",11,Mặt Nạ Giấy,2001,Mặt Nạ,Chăm Sóc Da Mặt,Mặt Nạ,Mặt Nạ Giấy,Sức Khỏe - Làm Đẹp -> Chăm Sóc Da Mặt -> Mặt Nạ -> Mặt Nạ Giấy,False
P_412,412,Son Dưỡng Laneige Căng Bóng Hương Quả Mọng 10g,18,Son Dưỡng Môi,2006,Dưỡng Môi,Chăm Sóc Da Mặt,Dưỡng Môi,Son Dưỡng Môi,Sức Khỏe - Làm Đẹp -> Chăm Sóc Da Mặt -> Dưỡng Môi -> Son Dưỡng Môi,False
P_413,413,"Kem Dưỡng Olay Dưỡng Sáng Da, Mờ Thâm Mụn 50g",7,Kem / Gel / Dầu Dưỡng,2003,Dưỡng Ẩm,Chăm Sóc Da Mặt,Dưỡng Ẩm,Kem / Gel / Dầu Dưỡng,Sức Khỏe - Làm Đẹp -> Chăm Sóc Da Mặt -> Dưỡng Ẩm -> Kem / Gel / Dầu Dưỡng,True
P_414,414,"Kem Dưỡng Ẩm Swiss Image Phục Hồi, Tái Tạo Da Ban Đêm 50ml",7,Kem / Gel / Dầu Dưỡng,2003,Dưỡng Ẩm,Chăm Sóc Da Mặt,Dưỡng Ẩm,Kem / Gel / Dầu Dưỡng,Sức Khỏe - Làm Đẹp -> Chăm Sóc Da Mặt -> Dưỡng Ẩm -> Kem / Gel / Dầu Dưỡng,True
P_418,418,Tinh Chất Angel's Liquid Giảm Thâm Nám Chuyên Biệt 30ml,9,Serum / Tinh Chất,2004,Đặc Trị,Chăm Sóc Da Mặt,Đặc Trị,Serum / Tinh Chất,Sức Khỏe - Làm Đẹp -> Chăm Sóc Da Mặt -> Đặc Trị -> Serum / Tinh Chất,True
P_419,419,Sữa Rửa Mặt Caryophy Ngăn Ngừa Mụn Giảm Thâm 150ml,1,Sữa Rửa Mặt,2002,Làm Sạch Da,Chăm Sóc Da Mặt,Làm Sạch Da,Sữa Rửa Mặt,Sức Khỏe - Làm Đẹp -> Chăm Sóc Da Mặt -> Làm Sạch Da -> Sữa Rửa Mặt,True
P_423,423,Combo L'Oreal Kem Chống Nắng X20 Thoáng Da Mỏng Nhẹ 50ml + 2 Nước Tẩy Trang Căng Mịn Da 95ml,3,Bộ Chăm Sóc Da Mặt,1001,Chăm Sóc Da Mặt,Chăm Sóc Da Mặt,Bộ Chăm Sóc Da Mặt,Bộ Chăm Sóc Da Mặt,Sức Khỏe - Làm Đẹp -> Chăm Sóc Da Mặt -> Bộ Chăm Sóc Da Mặt,False
P_426,426,Sữa Dưỡng Ẩm Ban Đêm CeraVe Dành Cho Da Mặt 52ml,37,Lotion / Sữa Dưỡng,2003,Dưỡng Ẩm,Chăm Sóc Da Mặt,Dưỡng Ẩm,Lotion / Sữa Dưỡng,Sức Khỏe - Làm Đẹp -> Chăm Sóc Da Mặt -> Dưỡng Ẩm -> Lotion / Sữa Dưỡng,False
P_427,427,Gel Rửa Mặt SVR Không Chứa Xà Phòng Cho Da Dầu 55ml,1,Sữa Rửa Mặt,2002,Làm Sạch Da,Chăm Sóc Da Mặt,Làm Sạch Da,Sữa Rửa Mặt,Sức Khỏe - Làm Đẹp -> Chăm Sóc Da Mặt -> Làm Sạch Da -> Sữa Rửa Mặt,True
P_428,428,"Gel Dưỡng Hada Labo Sáng Da Chuyên Sâu, Giảm Thâm Sạm 50g",7,Kem / Gel / Dầu Dưỡng,2003,Dưỡng Ẩm,Chăm Sóc Da Mặt,Dưỡng Ẩm,Kem / Gel / Dầu Dưỡng,Sức Khỏe - Làm Đẹp -> Chăm Sóc Da Mặt -> Dưỡng Ẩm -> Kem / Gel / Dầu Dưỡng,True
P_429,429,"Kem Dưỡng Olay Mờ Vết Thâm, Đốm Nâu, Dưỡng Sáng Da 50g",7,Kem / Gel / Dầu Dưỡng,2003,Dưỡng Ẩm,Chăm Sóc Da Mặt,Dưỡng Ẩm,Kem / Gel / Dầu Dưỡng,Sức Khỏe - Làm Đẹp -> Chăm Sóc Da Mặt -> Dưỡng Ẩm -> Kem / Gel / Dầu Dưỡng,True
P_434,434,"Combo 2 Kem Rửa Mặt Hada Labo Sạch Sâu, Dưỡng Sáng Da 80g",1,Sữa Rửa Mặt,2002,Làm Sạch Da,Chăm Sóc Da Mặt,Làm Sạch Da,Sữa Rửa Mặt,Sức Khỏe - Làm Đẹp -> Chăm Sóc Da Mặt -> Làm Sạch Da -> Sữa Rửa Mặt,True
P_436,436,Combo 2 Kem Dưỡng Ẩm Neutrogena Cấp Nước Cho Da Dầu 50g,7,Kem / Gel / Dầu Dưỡng,2003,Dưỡng Ẩm,Chăm Sóc Da Mặt,Dưỡng Ẩm,Kem / Gel / Dầu Dưỡng,Sức Khỏe - Làm Đẹp -> Chăm Sóc Da Mặt -> Dưỡng Ẩm -> Kem / Gel / Dầu Dưỡng,True
P_438,438,"Serum Prettyskin B5 Phục Hồi, Dưỡng Sáng Da 50ml",9,Serum / Tinh Chất,2004,Đặc Trị,Chăm Sóc Da Mặt,Đặc Trị,Serum / Tinh Chất,Sức Khỏe - Làm Đẹp -> Chăm Sóc Da Mặt -> Đặc Trị -> Serum / Tinh Chất,True
P_440,440,"Mặt Nạ Wonjin Cung Cấp Năng Lượng, Phục Hồi Chuyên Sâu 30g",11,Mặt Nạ Giấy,2001,Mặt Nạ,Chăm Sóc Da Mặt,Mặt Nạ,Mặt Nạ Giấy,Sức Khỏe - Làm Đẹp -> Chăm Sóc Da Mặt -> Mặt Nạ -> Mặt Nạ Giấy,False
P_441,441,Tẩy Tế Bào Chết Eucerin Dành Cho Da Nhờn Mụn 100ml,17,Tẩy Tế Bào Chết Da Mặt,2002,Làm Sạch Da,Chăm Sóc Da Mặt,Làm Sạch Da,Tẩy Tế Bào Chết Da Mặt,Sức Khỏe - Làm Đẹp -> Chăm Sóc Da Mặt -> Làm Sạch Da -> Tẩy Tế Bào Chết Da Mặt,False
P_442,442,Serum Simple Hyaluronic Acid & B5 Cấp Ẩm Sâu Đa Tầng 30ml,9,Serum / Tinh Chất,2004,Đặc Trị,Chăm Sóc Da Mặt,Đặc Trị,Serum / Tinh Chất,Sức Khỏe - Làm Đẹp -> Chăm Sóc Da Mặt -> Đặc Trị -> Serum / Tinh Chất,True
P_446,446,Serum Eucerin Giảm Thâm Mụn Và Dưỡng Sáng Da 40ml,9,Serum / Tinh Chất,2004,Đặc Trị,Chăm Sóc Da Mặt,Đặc Trị,Serum / Tinh Chất,Sức Khỏe - Làm Đẹp -> Chăm Sóc Da Mặt -> Đặc Trị -> Serum / Tinh Chất,True
P_447,447,Nước Hoa Hồng Some By Mi AHA-BHA-PHA Cho Da Mụn 150ml,4,Toner / Nước Cân Bằng Da,2002,Làm Sạch Da,Chăm Sóc Da Mặt,Làm Sạch Da,Toner / Nước Cân Bằng Da,Sức Khỏe - Làm Đẹp -> Chăm Sóc Da Mặt -> Làm Sạch Da -> Toner / Nước Cân Bằng Da,False
P_448,448,Kem Chống Nắng L'Oreal Mịn Nhẹ Kiềm Dầu Thoáng Mịn Da 50ml,6,Chống Nắng Da Mặt,1001,Chăm Sóc Da Mặt,Chăm Sóc Da Mặt,Chống Nắng Da Mặt,Chống Nắng Da Mặt,Sức Khỏe - Làm Đẹp -> Chăm Sóc Da Mặt -> Chống Nắng Da Mặt,True
P_449,449,Nước Tẩy Trang Garnier Làm Sạch Tế Bào Da Chết 400ml,2,Tẩy Trang Mặt,2002,Làm Sạch Da,Chăm Sóc Da Mặt,Làm Sạch Da,Tẩy Trang Mặt,Sức Khỏe - Làm Đẹp -> Chăm Sóc Da Mặt -> Làm Sạch Da -> Tẩy Trang Mặt,False
P_450,450,Sữa Rửa Mặt Naruko Dạng Bùn Tràm Trà 120ml,1,Sữa Rửa Mặt,2002,Làm Sạch Da,Chăm Sóc Da Mặt,Làm Sạch Da,Sữa Rửa Mặt,Sức Khỏe - Làm Đẹp -> Chăm Sóc Da Mặt -> Làm Sạch Da -> Sữa Rửa Mặt,True
P_452,452,Kem Dưỡng Eucerin Sáng Da Ban Ngày 50ml,7,Kem / Gel / Dầu Dưỡng,2003,Dưỡng Ẩm,Chăm Sóc Da Mặt,Dưỡng Ẩm,Kem / Gel / Dầu Dưỡng,Sức Khỏe - Làm Đẹp -> Chăm Sóc Da Mặt -> Dưỡng Ẩm -> Kem / Gel / Dầu Dưỡng,True
P_455,455,Nước Tẩy Trang Eucerin Dịu Nhẹ Cho Da Nhạy Cảm 400ml,2,Tẩy Trang Mặt,2002,Làm Sạch Da,Chăm Sóc Da Mặt,Làm Sạch Da,Tẩy Trang Mặt,Sức Khỏe - Làm Đẹp -> Chăm Sóc Da Mặt -> Làm Sạch Da -> Tẩy Trang Mặt,False
P_456,456,"Kem Dưỡng Forencos Peptide Sáng Da, Giảm Nhăn Ban Đêm 50ml",7,Kem / Gel / Dầu Dưỡng,2003,Dưỡng Ẩm,Chăm Sóc Da Mặt,Dưỡng Ẩm,Kem / Gel / Dầu Dưỡng,Sức Khỏe - Làm Đẹp -> Chăm Sóc Da Mặt -> Dưỡng Ẩm -> Kem / Gel / Dầu Dưỡng,True
P_459,459,"Kem Dưỡng Ẩm Bioderma Giảm Khô Căng, Bong Tróc Da Mụn 40ml",7,Kem / Gel / Dầu Dưỡng,2003,Dưỡng Ẩm,Chăm Sóc Da Mặt,Dưỡng Ẩm,Kem / Gel / Dầu Dưỡng,Sức Khỏe - Làm Đẹp -> Chăm Sóc Da Mặt -> Dưỡng Ẩm -> Kem / Gel / Dầu Dưỡng,True
P_460,460,Kem Dưỡng Forencos Dầu Marula Nâng Tông Da Ban Ngày 50ml,7,Kem / Gel / Dầu Dưỡng,2003,Dưỡng Ẩm,Chăm Sóc Da Mặt,Dưỡng Ẩm,Kem / Gel / Dầu Dưỡng,Sức Khỏe - Làm Đẹp -> Chăm Sóc Da Mặt -> Dưỡng Ẩm -> Kem / Gel / Dầu Dưỡng,True
P_461,461,"Combo 3 Mặt Nạ Caryophy Giảm Mụn, Thâm & Dưỡng Ẩm Da 22g",11,Mặt Nạ Giấy,2001,Mặt Nạ,Chăm Sóc Da Mặt,Mặt Nạ,Mặt Nạ Giấy,Sức Khỏe - Làm Đẹp -> Chăm Sóc Da Mặt -> Mặt Nạ -> Mặt Nạ Giấy,False
P_462,462,"Kem Dưỡng Torriden Làm Dịu, Phục Hồi Da Bị Tổn Thương 80ml",7,Kem / Gel / Dầu Dưỡng,2003,Dưỡng Ẩm,Chăm Sóc Da Mặt,Dưỡng Ẩm,Kem / Gel / Dầu Dưỡng,Sức Khỏe - Làm Đẹp -> Chăm Sóc Da Mặt -> Dưỡng Ẩm -> Kem / Gel / Dầu Dưỡng,True
P_463,463,Combo 2 Nước Tẩy Trang L'Oreal Căng Mịn Da 400ml+95ml,2,Tẩy Trang Mặt,2002,Làm Sạch Da,Chăm Sóc Da Mặt,Làm Sạch Da,Tẩy Trang Mặt,Sức Khỏe - Làm Đẹp -> Chăm Sóc Da Mặt -> Làm Sạch Da -> Tẩy Trang Mặt,False
P_465,465,Combo 2 Sữa Rửa Mặt Cocoon Chiết Xuất Từ Nghệ Hưng Yên 310ml,1,Sữa Rửa Mặt,2002,Làm Sạch Da,Chăm Sóc Da Mặt,Làm Sạch Da,Sữa Rửa Mặt,Sức Khỏe - Làm Đẹp -> Chăm Sóc Da Mặt -> Làm Sạch Da -> Sữa Rửa Mặt,True
P_466,466,Kem Dưỡng Ẩm Nivea Dưỡng Da Sáng Mịn 60ml,7,Kem / Gel / Dầu Dưỡng,2003,Dưỡng Ẩm,Chăm Sóc Da Mặt,Dưỡng Ẩm,Kem / Gel / Dầu Dưỡng,Sức Khỏe - Làm Đẹp -> Chăm Sóc Da Mặt -> Dưỡng Ẩm -> Kem / Gel / Dầu Dưỡng,True
P_468,468,Son Dưỡng Cocoon Dầu Dừa Bến Tre 5g,18,Son Dưỡng Môi,2006,Dưỡng Môi,Chăm Sóc Da Mặt,Dưỡng Môi,Son Dưỡng Môi,Sức Khỏe - Làm Đẹp -> Chăm Sóc Da Mặt -> Dưỡng Môi -> Son Dưỡng Môi,False
P_469,469,Sáp Dưỡng Ẩm Vaseline Original Protecting Jelly 50ml,7,Kem / Gel / Dầu Dưỡng,2003,Dưỡng Ẩm,Chăm Sóc Da Mặt,Dưỡng Ẩm,Kem / Gel / Dầu Dưỡng,Sức Khỏe - Làm Đẹp -> Chăm Sóc Da Mặt -> Dưỡng Ẩm -> Kem / Gel / Dầu Dưỡng,True
P_470,470,Gel Dưỡng I'm from Dưỡng Ẩm Và Kiểm Soát Dầu 75g,7,Kem / Gel / Dầu Dưỡng,2003,Dưỡng Ẩm,Chăm Sóc Da Mặt,Dưỡng Ẩm,Kem / Gel / Dầu Dưỡng,Sức Khỏe - Làm Đẹp -> Chăm Sóc Da Mặt -> Dưỡng Ẩm -> Kem / Gel / Dầu Dưỡng,True
P_471,471,"Combo Simple Nước Tẩy Trang 200ml + Gel Rửa Mặt Thanh Khiết, Giảm Bóng Nhờn 150ml",3,Bộ Chăm Sóc Da Mặt,1001,Chăm Sóc Da Mặt,Chăm Sóc Da Mặt,Bộ Chăm Sóc Da Mặt,Bộ Chăm Sóc Da Mặt,Sức Khỏe - Làm Đẹp -> Chăm Sóc Da Mặt -> Bộ Chăm Sóc Da Mặt,False
P_472,472,Combo 4 Gel Rửa Mặt La Roche-Posay Cho Da Dầu Nhạy Cảm 50ml,1,Sữa Rửa Mặt,2002,Làm Sạch Da,Chăm Sóc Da Mặt,Làm Sạch Da,Sữa Rửa Mặt,Sức Khỏe - Làm Đẹp -> Chăm Sóc Da Mặt -> Làm Sạch Da -> Sữa Rửa Mặt,True
P_473,473,"Serum Bio-essence Dưỡng Ẩm, Phục Hồi Da 30ml",9,Serum / Tinh Chất,2004,Đặc Trị,Chăm Sóc Da Mặt,Đặc Trị,Serum / Tinh Chất,Sức Khỏe - Làm Đẹp -> Chăm Sóc Da Mặt -> Đặc Trị -> Serum / Tinh Chất,True
P_476,476,Combo 4 Mặt Nạ Ngủ Laneige Cung Cấp Nước 15ml,53,Mặt Nạ Ngủ,2001,Mặt Nạ,Chăm Sóc Da Mặt,Mặt Nạ,Mặt Nạ Ngủ,Sức Khỏe - Làm Đẹp -> Chăm Sóc Da Mặt -> Mặt Nạ -> Mặt Nạ Ngủ,False
P_479,479,Dầu Tẩy Trang Cocoon Chiết Xuất Hoa Hồng 140ml,2,Tẩy Trang Mặt,2002,Làm Sạch Da,Chăm Sóc Da Mặt,Làm Sạch Da,Tẩy Trang Mặt,Sức Khỏe - Làm Đẹp -> Chăm Sóc Da Mặt -> Làm Sạch Da -> Tẩy Trang Mặt,False
P_485,485,Combo L'Oreal Nước Tẩy Trang Tươi Mát Da 400ml + Nước Tẩy Trang Căng Mịn Da 95ml,2,Tẩy Trang Mặt,2002,Làm Sạch Da,Chăm Sóc Da Mặt,Làm Sạch Da,Tẩy Trang Mặt,Sức Khỏe - Làm Đẹp -> Chăm Sóc Da Mặt -> Làm Sạch Da -> Tẩy Trang Mặt,False
P_486,486,Sáp Dưỡng Môi Vaseline Mềm Mịn 7g,18,Son Dưỡng Môi,2006,Dưỡng Môi,Chăm Sóc Da Mặt,Dưỡng Môi,Son Dưỡng Môi,Sức Khỏe - Làm Đẹp -> Chăm Sóc Da Mặt -> Dưỡng Môi -> Son Dưỡng Môi,False
P_487,487,Gel Dưỡng Ẩm Bioderma Làm Dịu Cho Da Rất Khô 500ml,7,Kem / Gel / Dầu Dưỡng,2003,Dưỡng Ẩm,Chăm Sóc Da Mặt,Dưỡng Ẩm,Kem / Gel / Dầu Dưỡng,Sức Khỏe - Làm Đẹp -> Chăm Sóc Da Mặt -> Dưỡng Ẩm -> Kem / Gel / Dầu Dưỡng,True
P_488,488,Kem Chống Nắng Eucerin Chứa Tinh Chất Sáng Da 50ml,6,Chống Nắng Da Mặt,1001,Chăm Sóc Da Mặt,Chăm Sóc Da Mặt,Chống Nắng Da Mặt,Chống Nắng Da Mặt,Sức Khỏe - Làm Đẹp -> Chăm Sóc Da Mặt -> Chống Nắng Da Mặt,True
P_492,492,"Combo 2 Mặt Nạ Caryophy Làm Giảm Mụn, Thâm & Dưỡng Ẩm Da 22g",11,Mặt Nạ Giấy,2001,Mặt Nạ,Chăm Sóc Da Mặt,Mặt Nạ,Mặt Nạ Giấy,Sức Khỏe - Làm Đẹp -> Chăm Sóc Da Mặt -> Mặt Nạ -> Mặt Nạ Giấy,False
P_493,493,"Serum Prettyskin B5 Phục Hồi, Dưỡng Sáng Cho Da Dầu 50ml",9,Serum / Tinh Chất,2004,Đặc Trị,Chăm Sóc Da Mặt,Đặc Trị,Serum / Tinh Chất,Sức Khỏe - Làm Đẹp -> Chăm Sóc Da Mặt -> Đặc Trị -> Serum / Tinh Chất,True
P_494,494,"Mặt Nạ Sinh Học Emmié Phục Hồi, Dịu Da 25g",11,Mặt Nạ Giấy,2001,Mặt Nạ,Chăm Sóc Da Mặt,Mặt Nạ,Mặt Nạ Giấy,Sức Khỏe - Làm Đẹp -> Chăm Sóc Da Mặt -> Mặt Nạ -> Mặt Nạ Giấy,False
P_496,496,Son Dưỡng Môi Curél Cấp Ẩm Chuyên Sâu Không Màu 4.2g,18,Son Dưỡng Môi,2006,Dưỡng Môi,Chăm Sóc Da Mặt,Dưỡng Môi,Son Dưỡng Môi,Sức Khỏe - Làm Đẹp -> Chăm Sóc Da Mặt -> Dưỡng Môi -> Son Dưỡng Môi,False
P_497,497,Kem Dưỡng Naris Nature Làm Sáng Da Ban Đêm 50g,7,Kem / Gel / Dầu Dưỡng,2003,Dưỡng Ẩm,Chăm Sóc Da Mặt,Dưỡng Ẩm,Kem / Gel / Dầu Dưỡng,Sức Khỏe - Làm Đẹp -> Chăm Sóc Da Mặt -> Dưỡng Ẩm -> Kem / Gel / Dầu Dưỡng,True
P_502,502,Kem Dưỡng La Roche-Posay Giảm Thâm Nám & Dưỡng Sáng Da 40ml,7,Kem / Gel / Dầu Dưỡng,2003,Dưỡng Ẩm,Chăm Sóc Da Mặt,Dưỡng Ẩm,Kem / Gel / Dầu Dưỡng,Sức Khỏe - Làm Đẹp -> Chăm Sóc Da Mặt -> Dưỡng Ẩm -> Kem / Gel / Dầu Dưỡng,True
P_503,503,"Kem Dưỡng A-Derma Làm Dịu, Giảm Sẹo & Phục Hồi Thương Tổn 40ml",7,Kem / Gel / Dầu Dưỡng,2003,Dưỡng Ẩm,Chăm Sóc Da Mặt,Dưỡng Ẩm,Kem / Gel / Dầu Dưỡng,Sức Khỏe - Làm Đẹp -> Chăm Sóc Da Mặt -> Dưỡng Ẩm -> Kem / Gel / Dầu Dưỡng,True
P_504,504,Mặt Nạ BNBG Vitamin B Phục Hồi Da 30ml (Mới),11,Mặt Nạ Giấy,2001,Mặt Nạ,Chăm Sóc Da Mặt,Mặt Nạ,Mặt Nạ Giấy,Sức Khỏe - Làm Đẹp -> Chăm Sóc Da Mặt -> Mặt Nạ -> Mặt Nạ Giấy,False
P_505,505,"Serum Melano CC Dưỡng Sáng Da, Ngừa Thâm Nám 20ml",9,Serum / Tinh Chất,2004,Đặc Trị,Chăm Sóc Da Mặt,Đặc Trị,Serum / Tinh Chất,Sức Khỏe - Làm Đẹp -> Chăm Sóc Da Mặt -> Đặc Trị -> Serum / Tinh Chất,True
P_506,506,Kem Dưỡng Ẩm Klairs Làm Dịu & Phục Hồi Da Ban Đêm 30ml,7,Kem / Gel / Dầu Dưỡng,2003,Dưỡng Ẩm,Chăm Sóc Da Mặt,Dưỡng Ẩm,Kem / Gel / Dầu Dưỡng,Sức Khỏe - Làm Đẹp -> Chăm Sóc Da Mặt -> Dưỡng Ẩm -> Kem / Gel / Dầu Dưỡng,True
P_510,510,Sữa Chống Nắng La Roche-Posay Cho Da Dầu Mụn 50ml,6,Chống Nắng Da Mặt,1001,Chăm Sóc Da Mặt,Chăm Sóc Da Mặt,Chống Nắng Da Mặt,Chống Nắng Da Mặt,Sức Khỏe - Làm Đẹp -> Chăm Sóc Da Mặt -> Chống Nắng Da Mặt,True
P_511,511,"Son Dưỡng Bioderma Dạng Sáp Làm Dịu Môi Khô, Nứt Nẻ 4g",18,Son Dưỡng Môi,2006,Dưỡng Môi,Chăm Sóc Da Mặt,Dưỡng Môi,Son Dưỡng Môi,Sức Khỏe - Làm Đẹp -> Chăm Sóc Da Mặt -> Dưỡng Môi -> Son Dưỡng Môi,False
P_515,515,"Mặt Nạ BNBG Tràm Trà Giúp Thải Độc Da, Giảm Mụn 30ml",11,Mặt Nạ Giấy,2001,Mặt Nạ,Chăm Sóc Da Mặt,Mặt Nạ,Mặt Nạ Giấy,Sức Khỏe - Làm Đẹp -> Chăm Sóc Da Mặt -> Mặt Nạ -> Mặt Nạ Giấy,False
P_517,517,Nước Dưỡng Da Chinoshio Dokudami Chiết Xuất Lá Diếp Cá 500ml,4,Toner / Nước Cân Bằng Da,2002,Làm Sạch Da,Chăm Sóc Da Mặt,Làm Sạch Da,Toner / Nước Cân Bằng Da,Sức Khỏe - Làm Đẹp -> Chăm Sóc Da Mặt -> Làm Sạch Da -> Toner / Nước Cân Bằng Da,False
P_519,519,Mặt Nạ Wonjin Cấp Ẩm Chuyên Sâu 30g,11,Mặt Nạ Giấy,2001,Mặt Nạ,Chăm Sóc Da Mặt,Mặt Nạ,Mặt Nạ Giấy,Sức Khỏe - Làm Đẹp -> Chăm Sóc Da Mặt -> Mặt Nạ -> Mặt Nạ Giấy,False
P_522,522,Nước Tẩy Trang Eveline Hyaluron Clinic B5 Cấp Ẩm 500ml,2,Tẩy Trang Mặt,2002,Làm Sạch Da,Chăm Sóc Da Mặt,Làm Sạch Da,Tẩy Trang Mặt,Sức Khỏe - Làm Đẹp -> Chăm Sóc Da Mặt -> Làm Sạch Da -> Tẩy Trang Mặt,False
P_525,525,Combo 10 Mặt Nạ Sur.Medic+ Cung Cấp Multi Vitamin 30g,11,Mặt Nạ Giấy,2001,Mặt Nạ,Chăm Sóc Da Mặt,Mặt Nạ,Mặt Nạ Giấy,Sức Khỏe - Làm Đẹp -> Chăm Sóc Da Mặt -> Mặt Nạ -> Mặt Nạ Giấy,False
P_528,528,Serum Dưỡng Môi Lipstician Cấp Ẩm Căng Mọng 9g,18,Son Dưỡng Môi,2006,Dưỡng Môi,Chăm Sóc Da Mặt,Dưỡng Môi,Son Dưỡng Môi,Sức Khỏe - Làm Đẹp -> Chăm Sóc Da Mặt -> Dưỡng Môi -> Son Dưỡng Môi,False
P_531,531,"Combo La Roche-Posay Kem Dưỡng Giảm Mụn Hiệu Quả 40ml + Gel Rửa Mặt Cho Da Dầu, Nhạy Cảm 50ml",3,Bộ Chăm Sóc Da Mặt,1001,Chăm Sóc Da Mặt,Chăm Sóc Da Mặt,Bộ Chăm Sóc Da Mặt,Bộ Chăm Sóc Da Mặt,Sức Khỏe - Làm Đẹp -> Chăm Sóc Da Mặt -> Bộ Chăm Sóc Da Mặt,False
P_532,532,"Combo Serum & Kem Dưỡng Olay Mờ Vết Thâm, Đốm Nâu, Sáng Da 30ml+50g",3,Bộ Chăm Sóc Da Mặt,1001,Chăm Sóc Da Mặt,Chăm Sóc Da Mặt,Bộ Chăm Sóc Da Mặt,Bộ Chăm Sóc Da Mặt,Sức Khỏe - Làm Đẹp -> Chăm Sóc Da Mặt -> Bộ Chăm Sóc Da Mặt,False
P_534,534,Mặt Nạ BNBG Vitamin B3 Làm Sáng Da 30ml (Mới),11,Mặt Nạ Giấy,2001,Mặt Nạ,Chăm Sóc Da Mặt,Mặt Nạ,Mặt Nạ Giấy,Sức Khỏe - Làm Đẹp -> Chăm Sóc Da Mặt -> Mặt Nạ -> Mặt Nạ Giấy,False
P_535,535,Mặt Nạ Some By Mi Đất Sét Trà Xanh Thu Nhỏ Lỗ Chân Lông 100g,19,Mặt Nạ Rửa,2001,Mặt Nạ,Chăm Sóc Da Mặt,Mặt Nạ,Mặt Nạ Rửa,Sức Khỏe - Làm Đẹp -> Chăm Sóc Da Mặt -> Mặt Nạ -> Mặt Nạ Rửa,False
P_536,536,Kem Dưỡng Senka Cấp Ẩm Dạng Gel 50g,53,Mặt Nạ Ngủ,2001,Mặt Nạ,Chăm Sóc Da Mặt,Mặt Nạ,Mặt Nạ Ngủ,Sức Khỏe - Làm Đẹp -> Chăm Sóc Da Mặt -> Mặt Nạ -> Mặt Nạ Ngủ,False
P_541,541,Nước Cân Bằng Cocoon Bí Đao Giảm Dầu & Mụn 310ml,4,Toner / Nước Cân Bằng Da,2002,Làm Sạch Da,Chăm Sóc Da Mặt,Làm Sạch Da,Toner / Nước Cân Bằng Da,Sức Khỏe - Làm Đẹp -> Chăm Sóc Da Mặt -> Làm Sạch Da -> Toner / Nước Cân Bằng Da,False
P_543,543,Combo 10 Mặt Nạ Colorkey Hỗ Trợ Giảm Dầu Mụn Từ Trà Xanh & BHA 25ml,11,Mặt Nạ Giấy,2001,Mặt Nạ,Chăm Sóc Da Mặt,Mặt Nạ,Mặt Nạ Giấy,Sức Khỏe - Làm Đẹp -> Chăm Sóc Da Mặt -> Mặt Nạ -> Mặt Nạ Giấy,False
P_546,546,Combo La Roche-Posay Serum Phục Hồi Da 30ml + Xịt Khoáng Làm Dịu Da 50ml,3,Bộ Chăm Sóc Da Mặt,1001,Chăm Sóc Da Mặt,Chăm Sóc Da Mặt,Bộ Chăm Sóc Da Mặt,Bộ Chăm Sóc Da Mặt,Sức Khỏe - Làm Đẹp -> Chăm Sóc Da Mặt -> Bộ Chăm Sóc Da Mặt,False
P_548,548,Kem Dưỡng Cocoon Dạng Thạch Hoa Hồng Dưỡng Ẩm Da 30ml,7,Kem / Gel / Dầu Dưỡng,2003,Dưỡng Ẩm,Chăm Sóc Da Mặt,Dưỡng Ẩm,Kem / Gel / Dầu Dưỡng,Sức Khỏe - Làm Đẹp -> Chăm Sóc Da Mặt -> Dưỡng Ẩm -> Kem / Gel / Dầu Dưỡng,True
P_550,550,Kem Dưỡng Garnier Tinh Chất Serum Sáng Da Ban Ngày 50ml,7,Kem / Gel / Dầu Dưỡng,2003,Dưỡng Ẩm,Chăm Sóc Da Mặt,Dưỡng Ẩm,Kem / Gel / Dầu Dưỡng,Sức Khỏe - Làm Đẹp -> Chăm Sóc Da Mặt -> Dưỡng Ẩm -> Kem / Gel / Dầu Dưỡng,True
P_552,552,"Kem Dưỡng Mắt Meishoku Ngừa Lão Hóa, Giảm Quầng Thâm 30g",38,Serum / Kem Dưỡng Mắt,2005,Dưỡng Mắt,Chăm Sóc Da Mặt,Dưỡng Mắt,Serum / Kem Dưỡng Mắt,Sức Khỏe - Làm Đẹp -> Chăm Sóc Da Mặt -> Dưỡng Mắt -> Serum / Kem Dưỡng Mắt,False
P_553,553,Kem Dưỡng Angel's Liquid Giảm Thâm Nám Chuyên Biệt 50ml,7,Kem / Gel / Dầu Dưỡng,2003,Dưỡng Ẩm,Chăm Sóc Da Mặt,Dưỡng Ẩm,Kem / Gel / Dầu Dưỡng,Sức Khỏe - Làm Đẹp -> Chăm Sóc Da Mặt -> Dưỡng Ẩm -> Kem / Gel / Dầu Dưỡng,True
P_557,557,Mặt Nạ Sur.Medic+ Tinh Chất Glutathione Làm Sáng Da 30g,11,Mặt Nạ Giấy,2001,Mặt Nạ,Chăm Sóc Da Mặt,Mặt Nạ,Mặt Nạ Giấy,Sức Khỏe - Làm Đẹp -> Chăm Sóc Da Mặt -> Mặt Nạ -> Mặt Nạ Giấy,False
P_558,558,Hộp 10 Miếng Mặt Nạ Wonjin Cấp Ẩm Chuyên Sâu 30g/M,11,Mặt Nạ Giấy,2001,Mặt Nạ,Chăm Sóc Da Mặt,Mặt Nạ,Mặt Nạ Giấy,Sức Khỏe - Làm Đẹp -> Chăm Sóc Da Mặt -> Mặt Nạ -> Mặt Nạ Giấy,False
P_559,559,Serum Eucerin Phục Hồi Da Nhạy Cảm 30ml,9,Serum / Tinh Chất,2004,Đặc Trị,Chăm Sóc Da Mặt,Đặc Trị,Serum / Tinh Chất,Sức Khỏe - Làm Đẹp -> Chăm Sóc Da Mặt -> Đặc Trị -> Serum / Tinh Chất,True
P_560,560,Dưỡng Môi Đa Năng Pure Paw Paw Từ Đu Đủ Hương Dâu 25g,18,Son Dưỡng Môi,2006,Dưỡng Môi,Chăm Sóc Da Mặt,Dưỡng Môi,Son Dưỡng Môi,Sức Khỏe - Làm Đẹp -> Chăm Sóc Da Mặt -> Dưỡng Môi -> Son Dưỡng Môi,False
P_561,561,"Kem Dưỡng Angel's Liquid Dưỡng Sáng Da, Mờ Thâm Nám 50ml",7,Kem / Gel / Dầu Dưỡng,2003,Dưỡng Ẩm,Chăm Sóc Da Mặt,Dưỡng Ẩm,Kem / Gel / Dầu Dưỡng,Sức Khỏe - Làm Đẹp -> Chăm Sóc Da Mặt -> Dưỡng Ẩm -> Kem / Gel / Dầu Dưỡng,True
P_562,562,Xịt Khoáng Evoluderm Cấp Nước & Làm Dịu Da 150ml,30,Xịt Khoáng,2003,Dưỡng Ẩm,Chăm Sóc Da Mặt,Dưỡng Ẩm,Xịt Khoáng,Sức Khỏe - Làm Đẹp -> Chăm Sóc Da Mặt -> Dưỡng Ẩm -> Xịt Khoáng,False
P_563,563,Gel Rửa Mặt Compliment 3 In 1 BHA Ngừa Mụn Kiềm Dầu 200ml,1,Sữa Rửa Mặt,2002,Làm Sạch Da,Chăm Sóc Da Mặt,Làm Sạch Da,Sữa Rửa Mặt,Sức Khỏe - Làm Đẹp -> Chăm Sóc Da Mặt -> Làm Sạch Da -> Sữa Rửa Mặt,True
P_564,564,"Gel Rửa Mặt La Roche-Posay Mờ Thâm, Sáng Da 200ml",1,Sữa Rửa Mặt,2002,Làm Sạch Da,Chăm Sóc Da Mặt,Làm Sạch Da,Sữa Rửa Mặt,Sức Khỏe - Làm Đẹp -> Chăm Sóc Da Mặt -> Làm Sạch Da -> Sữa Rửa Mặt,True
P_567,567,Gel Rửa Mặt Bioderma Tạo Bọt Cho Da Nhạy Cảm 200ml,1,Sữa Rửa Mặt,2002,Làm Sạch Da,Chăm Sóc Da Mặt,Làm Sạch Da,Sữa Rửa Mặt,Sức Khỏe - Làm Đẹp -> Chăm Sóc Da Mặt -> Làm Sạch Da -> Sữa Rửa Mặt,True
P_568,568,Serum Dưỡng Môi Lipstician Giảm Khô Nứt Môi 9g,18,Son Dưỡng Môi,2006,Dưỡng Môi,Chăm Sóc Da Mặt,Dưỡng Môi,Son Dưỡng Môi,Sức Khỏe - Làm Đẹp -> Chăm Sóc Da Mặt -> Dưỡng Môi -> Son Dưỡng Môi,False
P_569,569,Mặt Nạ Ngủ Môi Care:Nel Chiết Xuất Quả Lựu 5g,29,Mặt Nạ Môi,2006,Dưỡng Môi,Chăm Sóc Da Mặt,Dưỡng Môi,Mặt Nạ Môi,Sức Khỏe - Làm Đẹp -> Chăm Sóc Da Mặt -> Dưỡng Môi -> Mặt Nạ Môi,False
P_570,570,Dầu Tẩy Trang Cocoon Chiết Xuất Hoa Hồng 310ml,2,Tẩy Trang Mặt,2002,Làm Sạch Da,Chăm Sóc Da Mặt,Làm Sạch Da,Tẩy Trang Mặt,Sức Khỏe - Làm Đẹp -> Chăm Sóc Da Mặt -> Làm Sạch Da -> Tẩy Trang Mặt,False
P_571,571,Sữa Rửa Mặt Cetaphil Tạo Bọt Dịu Lành Cho Da Nhạy Cảm 473ml,1,Sữa Rửa Mặt,2002,Làm Sạch Da,Chăm Sóc Da Mặt,Làm Sạch Da,Sữa Rửa Mặt,Sức Khỏe - Làm Đẹp -> Chăm Sóc Da Mặt -> Làm Sạch Da -> Sữa Rửa Mặt,True
P_573,573,Sữa Chống Nắng Sunplay Bảo Vệ Vượt Trội SPF50+ PA++++ 70g,6,Chống Nắng Da Mặt,1001,Chăm Sóc Da Mặt,Chăm Sóc Da Mặt,Chống Nắng Da Mặt,Chống Nắng Da Mặt,Sức Khỏe - Làm Đẹp -> Chăm Sóc Da Mặt -> Chống Nắng Da Mặt,True
P_576,576,Kem Rửa Mặt Hada Labo Dưỡng Chuyên Biệt Ngừa Lão Hóa 80g,1,Sữa Rửa Mặt,2002,Làm Sạch Da,Chăm Sóc Da Mặt,Làm Sạch Da,Sữa Rửa Mặt,Sức Khỏe - Làm Đẹp -> Chăm Sóc Da Mặt -> Làm Sạch Da -> Sữa Rửa Mặt,True
P_577,577,[Mini] Sữa Rửa Mặt CeraVe Sạch Sâu Cho Da Thường Đến Da Dầu 30ml,1,Sữa Rửa Mặt,2002,Làm Sạch Da,Chăm Sóc Da Mặt,Làm Sạch Da,Sữa Rửa Mặt,Sức Khỏe - Làm Đẹp -> Chăm Sóc Da Mặt -> Làm Sạch Da -> Sữa Rửa Mặt,True
P_578,578,"Mặt Nạ Mắt JMsolution Mật Ong Mờ Quầng Thâm, Nếp Nhăn 90g",60,Mặt Nạ Mắt,2005,Dưỡng Mắt,Chăm Sóc Da Mặt,Dưỡng Mắt,Mặt Nạ Mắt,Sức Khỏe - Làm Đẹp -> Chăm Sóc Da Mặt -> Dưỡng Mắt -> Mặt Nạ Mắt,False
P_579,579,Kem Dưỡng Caryophy Cấp Ẩm Và Phục Hồi Da 50ml,7,Kem / Gel / Dầu Dưỡng,2003,Dưỡng Ẩm,Chăm Sóc Da Mặt,Dưỡng Ẩm,Kem / Gel / Dầu Dưỡng,Sức Khỏe - Làm Đẹp -> Chăm Sóc Da Mặt -> Dưỡng Ẩm -> Kem / Gel / Dầu Dưỡng,True
P_582,582,Gel Chấm Mụn Naris Cosmetics Acne Grand 20g,25,Hỗ Trợ Trị Mụn,2004,Đặc Trị,Chăm Sóc Da Mặt,Đặc Trị,Hỗ Trợ Trị Mụn,Sức Khỏe - Làm Đẹp -> Chăm Sóc Da Mặt -> Đặc Trị -> Hỗ Trợ Trị Mụn,True
P_584,584,Sữa Rửa Mặt CeraVe Cho Da Thường Đến Khô 88ml,1,Sữa Rửa Mặt,2002,Làm Sạch Da,Chăm Sóc Da Mặt,Làm Sạch Da,Sữa Rửa Mặt,Sức Khỏe - Làm Đẹp -> Chăm Sóc Da Mặt -> Làm Sạch Da -> Sữa Rửa Mặt,True
P_585,585,"Kem Dưỡng SVR Kiềm Dầu, Se Khít Lỗ Chân Lông 40ml (Mới)",7,Kem / Gel / Dầu Dưỡng,2003,Dưỡng Ẩm,Chăm Sóc Da Mặt,Dưỡng Ẩm,Kem / Gel / Dầu Dưỡng,Sức Khỏe - Làm Đẹp -> Chăm Sóc Da Mặt -> Dưỡng Ẩm -> Kem / Gel / Dầu Dưỡng,True
P_587,587,Combo 2 Kem Rửa Mặt Hada Labo Cho Da Mụn Và Nhạy Cảm 80g,1,Sữa Rửa Mặt,2002,Làm Sạch Da,Chăm Sóc Da Mặt,Làm Sạch Da,Sữa Rửa Mặt,Sức Khỏe - Làm Đẹp -> Chăm Sóc Da Mặt -> Làm Sạch Da -> Sữa Rửa Mặt,True
P_588,588,Toner Paula’s Choice Điều Chỉnh Lỗ Chân Lông 190ml,4,Toner / Nước Cân Bằng Da,2002,Làm Sạch Da,Chăm Sóc Da Mặt,Làm Sạch Da,Toner / Nước Cân Bằng Da,Sức Khỏe - Làm Đẹp -> Chăm Sóc Da Mặt -> Làm Sạch Da -> Toner / Nước Cân Bằng Da,False
P_589,589,Gel Dưỡng SVR Giảm Mụn & Loại Bỏ Dầu Cho Da 40ml,25,Hỗ Trợ Trị Mụn,2004,Đặc Trị,Chăm Sóc Da Mặt,Đặc Trị,Hỗ Trợ Trị Mụn,Sức Khỏe - Làm Đẹp -> Chăm Sóc Da Mặt -> Đặc Trị -> Hỗ Trợ Trị Mụn,True
P_594,594,Tinh Chất Dưỡng Mi DHC Eyelash Tonic 6.5ml,38,Serum / Kem Dưỡng Mắt,2005,Dưỡng Mắt,Chăm Sóc Da Mặt,Dưỡng Mắt,Serum / Kem Dưỡng Mắt,Sức Khỏe - Làm Đẹp -> Chăm Sóc Da Mặt -> Dưỡng Mắt -> Serum / Kem Dưỡng Mắt,False
P_595,595,Combo 2 Nước Tẩy Trang Simple Làm Sạch Trang Điểm Vượt Trội 400ml,2,Tẩy Trang Mặt,2002,Làm Sạch Da,Chăm Sóc Da Mặt,Làm Sạch Da,Tẩy Trang Mặt,Sức Khỏe - Làm Đẹp -> Chăm Sóc Da Mặt -> Làm Sạch Da -> Tẩy Trang Mặt,False
P_597,597,Dung Dịch Tẩy Da Chết Paula’s Choice 2% BHA 118ml,17,Tẩy Tế Bào Chết Da Mặt,2002,Làm Sạch Da,Chăm Sóc Da Mặt,Làm Sạch Da,Tẩy Tế Bào Chết Da Mặt,Sức Khỏe - Làm Đẹp -> Chăm Sóc Da Mặt -> Làm Sạch Da -> Tẩy Tế Bào Chết Da Mặt,False
P_599,599,Combo Cocoon Nước Tẩy Trang Bí Đao 140ml + Tẩy Da Chết Mặt Cà Phê Đắk Lắk 150ml,3,Bộ Chăm Sóc Da Mặt,1001,Chăm Sóc Da Mặt,Chăm Sóc Da Mặt,Bộ Chăm Sóc Da Mặt,Bộ Chăm Sóc Da Mặt,Sức Khỏe - Làm Đẹp -> Chăm Sóc Da Mặt -> Bộ Chăm Sóc Da Mặt,False
P_602,602,Serum Hada Labo Retinol B3 Ngừa Lão Hóa 30ml (Mới),9,Serum / Tinh Chất,2004,Đặc Trị,Chăm Sóc Da Mặt,Đặc Trị,Serum / Tinh Chất,Sức Khỏe - Làm Đẹp -> Chăm Sóc Da Mặt -> Đặc Trị -> Serum / Tinh Chất,True
P_603,603,"Kem Dưỡng Bio-essence Cấp Ẩm Sâu, Ngăn Bụi Bẩn 50g",7,Kem / Gel / Dầu Dưỡng,2003,Dưỡng Ẩm,Chăm Sóc Da Mặt,Dưỡng Ẩm,Kem / Gel / Dầu Dưỡng,Sức Khỏe - Làm Đẹp -> Chăm Sóc Da Mặt -> Dưỡng Ẩm -> Kem / Gel / Dầu Dưỡng,True
P_604,604,Serum Martiderm Giảm Mụn & Kiểm Soát Nhờn 30ml,9,Serum / Tinh Chất,2004,Đặc Trị,Chăm Sóc Da Mặt,Đặc Trị,Serum / Tinh Chất,Sức Khỏe - Làm Đẹp -> Chăm Sóc Da Mặt -> Đặc Trị -> Serum / Tinh Chất,True
P_607,607,Kem Dưỡng Ẩm Cetaphil Dịu Lành Cho Da Nhạy Cảm 50g,7,Kem / Gel / Dầu Dưỡng,2003,Dưỡng Ẩm,Chăm Sóc Da Mặt,Dưỡng Ẩm,Kem / Gel / Dầu Dưỡng,Sức Khỏe - Làm Đẹp -> Chăm Sóc Da Mặt -> Dưỡng Ẩm -> Kem / Gel / Dầu Dưỡng,True
P_608,608,"Kem Dưỡng Ẩm Eucerin Dịu Nhẹ Cho Da Thường, Hỗn Hợp 50ml",7,Kem / Gel / Dầu Dưỡng,2003,Dưỡng Ẩm,Chăm Sóc Da Mặt,Dưỡng Ẩm,Kem / Gel / Dầu Dưỡng,Sức Khỏe - Làm Đẹp -> Chăm Sóc Da Mặt -> Dưỡng Ẩm -> Kem / Gel / Dầu Dưỡng,True
P_611,611,Sữa Chống Nắng Cocoon Chiết Xuất Bí Đao Quang Phổ Rộng 15ml,6,Chống Nắng Da Mặt,1001,Chăm Sóc Da Mặt,Chăm Sóc Da Mặt,Chống Nắng Da Mặt,Chống Nắng Da Mặt,Sức Khỏe - Làm Đẹp -> Chăm Sóc Da Mặt -> Chống Nắng Da Mặt,True
P_612,612,"Combo 3 Nước Tẩy Trang L'Oreal Tươi Mát Cho Da Dầu, Hỗn Hợp 400ml",2,Tẩy Trang Mặt,2002,Làm Sạch Da,Chăm Sóc Da Mặt,Làm Sạch Da,Tẩy Trang Mặt,Sức Khỏe - Làm Đẹp -> Chăm Sóc Da Mặt -> Làm Sạch Da -> Tẩy Trang Mặt,False
P_615,615,Dung Dịch Tẩy Da Chết DrCeutics 2% BHA Nền Cồn 100ml,17,Tẩy Tế Bào Chết Da Mặt,2002,Làm Sạch Da,Chăm Sóc Da Mặt,Làm Sạch Da,Tẩy Tế Bào Chết Da Mặt,Sức Khỏe - Làm Đẹp -> Chăm Sóc Da Mặt -> Làm Sạch Da -> Tẩy Tế Bào Chết Da Mặt,False
P_616,616,Kem Dưỡng Neutrogena Retinol Ngăn Ngừa Lão Hóa 50g,7,Kem / Gel / Dầu Dưỡng,2003,Dưỡng Ẩm,Chăm Sóc Da Mặt,Dưỡng Ẩm,Kem / Gel / Dầu Dưỡng,Sức Khỏe - Làm Đẹp -> Chăm Sóc Da Mặt -> Dưỡng Ẩm -> Kem / Gel / Dầu Dưỡng,True
P_618,618,[Mini] Nước Hoa Hồng Klairs Không Mùi Cho Da Nhạy Cảm 30ml,4,Toner / Nước Cân Bằng Da,2002,Làm Sạch Da,Chăm Sóc Da Mặt,Làm Sạch Da,Toner / Nước Cân Bằng Da,Sức Khỏe - Làm Đẹp -> Chăm Sóc Da Mặt -> Làm Sạch Da -> Toner / Nước Cân Bằng Da,False
P_619,619,"Serum Torriden Làm Dịu, Giảm Mẩn Đỏ Cho Da Mụn 50ml",9,Serum / Tinh Chất,2004,Đặc Trị,Chăm Sóc Da Mặt,Đặc Trị,Serum / Tinh Chất,Sức Khỏe - Làm Đẹp -> Chăm Sóc Da Mặt -> Đặc Trị -> Serum / Tinh Chất,True
P_622,622,Kem Chống Nắng Cocoon Bí Đao Quang Phổ Rộng 50ml,6,Chống Nắng Da Mặt,1001,Chăm Sóc Da Mặt,Chăm Sóc Da Mặt,Chống Nắng Da Mặt,Chống Nắng Da Mặt,Sức Khỏe - Làm Đẹp -> Chăm Sóc Da Mặt -> Chống Nắng Da Mặt,True
P_628,628,Kem Rửa Mặt Hada Labo Cho Da Mụn Và Nhạy Cảm 80g,1,Sữa Rửa Mặt,2002,Làm Sạch Da,Chăm Sóc Da Mặt,Làm Sạch Da,Sữa Rửa Mặt,Sức Khỏe - Làm Đẹp -> Chăm Sóc Da Mặt -> Làm Sạch Da -> Sữa Rửa Mặt,True
P_629,629,Serum DrCeutics Vitamin B5 Cấp Ẩm Cho Da Dầu Mụn 30g,9,Serum / Tinh Chất,2004,Đặc Trị,Chăm Sóc Da Mặt,Đặc Trị,Serum / Tinh Chất,Sức Khỏe - Làm Đẹp -> Chăm Sóc Da Mặt -> Đặc Trị -> Serum / Tinh Chất,True
P_635,635,Toner Eucerin Dành Cho Da Nhờn Mụn 200ml,4,Toner / Nước Cân Bằng Da,2002,Làm Sạch Da,Chăm Sóc Da Mặt,Làm Sạch Da,Toner / Nước Cân Bằng Da,Sức Khỏe - Làm Đẹp -> Chăm Sóc Da Mặt -> Làm Sạch Da -> Toner / Nước Cân Bằng Da,False
P_636,636,[Mini] Kem Dưỡng Neutrogena Cấp Nước Cho Da Dầu 15g,7,Kem / Gel / Dầu Dưỡng,2003,Dưỡng Ẩm,Chăm Sóc Da Mặt,Dưỡng Ẩm,Kem / Gel / Dầu Dưỡng,Sức Khỏe - Làm Đẹp -> Chăm Sóc Da Mặt -> Dưỡng Ẩm -> Kem / Gel / Dầu Dưỡng,True
P_637,637,Combo Nước Tẩy Trang Garnier Dành Cho Da Dầu Và Mụn 400ml+50mlx2,2,Tẩy Trang Mặt,2002,Làm Sạch Da,Chăm Sóc Da Mặt,Làm Sạch Da,Tẩy Trang Mặt,Sức Khỏe - Làm Đẹp -> Chăm Sóc Da Mặt -> Làm Sạch Da -> Tẩy Trang Mặt,False
P_639,639,[Mua 1 Tặng 1] Kem Chống Nắng Clinicos Nâng Tông Tự Nhiên 50ml,6,Chống Nắng Da Mặt,1001,Chăm Sóc Da Mặt,Chăm Sóc Da Mặt,Chống Nắng Da Mặt,Chống Nắng Da Mặt,Sức Khỏe - Làm Đẹp -> Chăm Sóc Da Mặt -> Chống Nắng Da Mặt,True
P_641,641,Gel Rửa Mặt Compliment BHA & Zinc Giảm Viêm Ngừa Mụn 200ml,1,Sữa Rửa Mặt,2002,Làm Sạch Da,Chăm Sóc Da Mặt,Làm Sạch Da,Sữa Rửa Mặt,Sức Khỏe - Làm Đẹp -> Chăm Sóc Da Mặt -> Làm Sạch Da -> Sữa Rửa Mặt,True
P_643,643,Sữa Rửa Mặt L'Oreal Cấp Ẩm Và Căng Mịn Da 100ml,1,Sữa Rửa Mặt,2002,Làm Sạch Da,Chăm Sóc Da Mặt,Làm Sạch Da,Sữa Rửa Mặt,Sức Khỏe - Làm Đẹp -> Chăm Sóc Da Mặt -> Làm Sạch Da -> Sữa Rửa Mặt,True
P_644,644,[Mini] Kem Dưỡng L'Oreal Sáng Mịn Mờ Thâm Nám Ban Ngày 15ml,7,Kem / Gel / Dầu Dưỡng,2003,Dưỡng Ẩm,Chăm Sóc Da Mặt,Dưỡng Ẩm,Kem / Gel / Dầu Dưỡng,Sức Khỏe - Làm Đẹp -> Chăm Sóc Da Mặt -> Dưỡng Ẩm -> Kem / Gel / Dầu Dưỡng,True
P_645,645,Kem Giảm Mụn Acnes Chuyên Sâu 10g,25,Hỗ Trợ Trị Mụn,2004,Đặc Trị,Chăm Sóc Da Mặt,Đặc Trị,Hỗ Trợ Trị Mụn,Sức Khỏe - Làm Đẹp -> Chăm Sóc Da Mặt -> Đặc Trị -> Hỗ Trợ Trị Mụn,True
P_646,646,Xịt Khoáng La Roche-Posay Làm Dịu Và Bảo Vệ Da 300g,30,Xịt Khoáng,2003,Dưỡng Ẩm,Chăm Sóc Da Mặt,Dưỡng Ẩm,Xịt Khoáng,Sức Khỏe - Làm Đẹp -> Chăm Sóc Da Mặt -> Dưỡng Ẩm -> Xịt Khoáng,False
P_647,647,"Serum Olay Mờ Vết Thâm, Đốm Nâu, Dưỡng Sáng Da 30ml",9,Serum / Tinh Chất,2004,Đặc Trị,Chăm Sóc Da Mặt,Đặc Trị,Serum / Tinh Chất,Sức Khỏe - Làm Đẹp -> Chăm Sóc Da Mặt -> Đặc Trị -> Serum / Tinh Chất,True
P_648,648,"Kem Dưỡng Skin1004 Rau Má Dưỡng Ẩm, Phục Hồi Da 75g",7,Kem / Gel / Dầu Dưỡng,2003,Dưỡng Ẩm,Chăm Sóc Da Mặt,Dưỡng Ẩm,Kem / Gel / Dầu Dưỡng,Sức Khỏe - Làm Đẹp -> Chăm Sóc Da Mặt -> Dưỡng Ẩm -> Kem / Gel / Dầu Dưỡng,True
P_649,649,Mặt Nạ Banobagi Dưỡng Sáng Và Cấp Ẩm Cho Da 30g (Xanh),11,Mặt Nạ Giấy,2001,Mặt Nạ,Chăm Sóc Da Mặt,Mặt Nạ,Mặt Nạ Giấy,Sức Khỏe - Làm Đẹp -> Chăm Sóc Da Mặt -> Mặt Nạ -> Mặt Nạ Giấy,False
P_650,650,Toner Ma:nyo Chứa Tinh Chất Dưỡng Ẩm Cho Da 210ml,4,Toner / Nước Cân Bằng Da,2002,Làm Sạch Da,Chăm Sóc Da Mặt,Làm Sạch Da,Toner / Nước Cân Bằng Da,Sức Khỏe - Làm Đẹp -> Chăm Sóc Da Mặt -> Làm Sạch Da -> Toner / Nước Cân Bằng Da,False
P_651,651,Serum Paula's Choice Làm Mờ Thâm Nám Và Đều Màu Da 30ml,9,Serum / Tinh Chất,2004,Đặc Trị,Chăm Sóc Da Mặt,Đặc Trị,Serum / Tinh Chất,Sức Khỏe - Làm Đẹp -> Chăm Sóc Da Mặt -> Đặc Trị -> Serum / Tinh Chất,True
P_652,652,Combo Nước Tẩy Trang L'Oreal Làm Sạch Cho Da Dầu 400ml + Căng Mịn Da 95ml,2,Tẩy Trang Mặt,2002,Làm Sạch Da,Chăm Sóc Da Mặt,Làm Sạch Da,Tẩy Trang Mặt,Sức Khỏe - Làm Đẹp -> Chăm Sóc Da Mặt -> Làm Sạch Da -> Tẩy Trang Mặt,False
P_653,653,Sữa Chống Nắng Sunplay Skin Aqua Dưỡng Da Ngừa Mụn 25g,6,Chống Nắng Da Mặt,1001,Chăm Sóc Da Mặt,Chăm Sóc Da Mặt,Chống Nắng Da Mặt,Chống Nắng Da Mặt,Sức Khỏe - Làm Đẹp -> Chăm Sóc Da Mặt -> Chống Nắng Da Mặt,True
P_654,654,Sáp Dưỡng Ẩm Vaseline Original Protecting Jelly 100ml,7,Kem / Gel / Dầu Dưỡng,2003,Dưỡng Ẩm,Chăm Sóc Da Mặt,Dưỡng Ẩm,Kem / Gel / Dầu Dưỡng,Sức Khỏe - Làm Đẹp -> Chăm Sóc Da Mặt -> Dưỡng Ẩm -> Kem / Gel / Dầu Dưỡng,True
P_655,655,Kem Dưỡng L'Oreal Săn Chắc Da và Giảm Nếp Nhăn Ban Đêm 50ml,7,Kem / Gel / Dầu Dưỡng,2003,Dưỡng Ẩm,Chăm Sóc Da Mặt,Dưỡng Ẩm,Kem / Gel / Dầu Dưỡng,Sức Khỏe - Làm Đẹp -> Chăm Sóc Da Mặt -> Dưỡng Ẩm -> Kem / Gel / Dầu Dưỡng,True
P_656,656,"Serum Skin1004 Cấp Ẩm, Làm Dịu & Dưỡng Sáng Da 50ml",9,Serum / Tinh Chất,2004,Đặc Trị,Chăm Sóc Da Mặt,Đặc Trị,Serum / Tinh Chất,Sức Khỏe - Làm Đẹp -> Chăm Sóc Da Mặt -> Đặc Trị -> Serum / Tinh Chất,True
P_657,657,Gel Rửa Mặt Compliment AHA-BHA-PHA Tẩy Da Chết 200ml,1,Sữa Rửa Mặt,2002,Làm Sạch Da,Chăm Sóc Da Mặt,Làm Sạch Da,Sữa Rửa Mặt,Sức Khỏe - Làm Đẹp -> Chăm Sóc Da Mặt -> Làm Sạch Da -> Sữa Rửa Mặt,True
P_659,659,Combo 2 Xịt Khoáng Evoluderm Cấp Nước & Làm Dịu Da 400ml,30,Xịt Khoáng,2003,Dưỡng Ẩm,Chăm Sóc Da Mặt,Dưỡng Ẩm,Xịt Khoáng,Sức Khỏe - Làm Đẹp -> Chăm Sóc Da Mặt -> Dưỡng Ẩm -> Xịt Khoáng,False
P_660,660,Combo 5 Mặt Nạ Thạch Luvum Collagen Hỗ Trợ Trẻ Hoá Da 38g,11,Mặt Nạ Giấy,2001,Mặt Nạ,Chăm Sóc Da Mặt,Mặt Nạ,Mặt Nạ Giấy,Sức Khỏe - Làm Đẹp -> Chăm Sóc Da Mặt -> Mặt Nạ -> Mặt Nạ Giấy,False
P_661,661,Combo 10 Mặt Nạ Klairs Làm Dịu Da & Kiểm Soát Dầu Nhờn 25ml,11,Mặt Nạ Giấy,2001,Mặt Nạ,Chăm Sóc Da Mặt,Mặt Nạ,Mặt Nạ Giấy,Sức Khỏe - Làm Đẹp -> Chăm Sóc Da Mặt -> Mặt Nạ -> Mặt Nạ Giấy,False
P_664,664,Sữa Rửa Mặt Curél Dạng Bọt Cấp Ẩm Chuyên Sâu 150ml,1,Sữa Rửa Mặt,2002,Làm Sạch Da,Chăm Sóc Da Mặt,Làm Sạch Da,Sữa Rửa Mặt,Sức Khỏe - Làm Đẹp -> Chăm Sóc Da Mặt -> Làm Sạch Da -> Sữa Rửa Mặt,True
P_665,665,Miếng Dán Mụn Acnes Giúp Giảm Mụn Sưng Viêm 48 Miếng,25,Hỗ Trợ Trị Mụn,2004,Đặc Trị,Chăm Sóc Da Mặt,Đặc Trị,Hỗ Trợ Trị Mụn,Sức Khỏe - Làm Đẹp -> Chăm Sóc Da Mặt -> Đặc Trị -> Hỗ Trợ Trị Mụn,True
P_668,668,Combo 2 Kem Rửa Mặt Hada Labo Dưỡng Chuyên Biệt Ngừa Lão Hóa 80g,1,Sữa Rửa Mặt,2002,Làm Sạch Da,Chăm Sóc Da Mặt,Làm Sạch Da,Sữa Rửa Mặt,Sức Khỏe - Làm Đẹp -> Chăm Sóc Da Mặt -> Làm Sạch Da -> Sữa Rửa Mặt,True
P_669,669,Sữa Rửa Mặt L'Oreal Glycolic Bright Sáng Da 100ml,1,Sữa Rửa Mặt,2002,Làm Sạch Da,Chăm Sóc Da Mặt,Làm Sạch Da,Sữa Rửa Mặt,Sức Khỏe - Làm Đẹp -> Chăm Sóc Da Mặt -> Làm Sạch Da -> Sữa Rửa Mặt,True
P_670,670,Sữa Chống Nắng Cocoon Bí Đao Quang Phổ Rộng 50ml,6,Chống Nắng Da Mặt,1001,Chăm Sóc Da Mặt,Chăm Sóc Da Mặt,Chống Nắng Da Mặt,Chống Nắng Da Mặt,Sức Khỏe - Làm Đẹp -> Chăm Sóc Da Mặt -> Chống Nắng Da Mặt,True
P_671,671,Combo 2 Kem Dưỡng Cocoon Dạng Thạch Hoa Hồng Dưỡng Ẩm Da 30ml,7,Kem / Gel / Dầu Dưỡng,2003,Dưỡng Ẩm,Chăm Sóc Da Mặt,Dưỡng Ẩm,Kem / Gel / Dầu Dưỡng,Sức Khỏe - Làm Đẹp -> Chăm Sóc Da Mặt -> Dưỡng Ẩm -> Kem / Gel / Dầu Dưỡng,True
P_672,672,Sữa Rửa Mặt St.Ives Tẩy Tế Bào Chết Trà Xanh & Than Tre 170g,1,Sữa Rửa Mặt,2002,Làm Sạch Da,Chăm Sóc Da Mặt,Làm Sạch Da,Sữa Rửa Mặt,Sức Khỏe - Làm Đẹp -> Chăm Sóc Da Mặt -> Làm Sạch Da -> Sữa Rửa Mặt,True
P_673,673,[Mini] Kem Dưỡng Ẩm Klairs Làm Dịu & Phục Hồi Da Ban Đêm 20g,7,Kem / Gel / Dầu Dưỡng,2003,Dưỡng Ẩm,Chăm Sóc Da Mặt,Dưỡng Ẩm,Kem / Gel / Dầu Dưỡng,Sức Khỏe - Làm Đẹp -> Chăm Sóc Da Mặt -> Dưỡng Ẩm -> Kem / Gel / Dầu Dưỡng,True
P_674,674,Kem Dưỡng Ẩm Bioderma Chuyên Sâu Cho Da Rất Khô 75ml,7,Kem / Gel / Dầu Dưỡng,2003,Dưỡng Ẩm,Chăm Sóc Da Mặt,Dưỡng Ẩm,Kem / Gel / Dầu Dưỡng,Sức Khỏe - Làm Đẹp -> Chăm Sóc Da Mặt -> Dưỡng Ẩm -> Kem / Gel / Dầu Dưỡng,True
P_675,675,Serum Senka Dưỡng Ẩm Chuyên Sâu Và Ngừa Lão Hóa 30ml,9,Serum / Tinh Chất,2004,Đặc Trị,Chăm Sóc Da Mặt,Đặc Trị,Serum / Tinh Chất,Sức Khỏe - Làm Đẹp -> Chăm Sóc Da Mặt -> Đặc Trị -> Serum / Tinh Chất,True
P_678,678,"Dầu Khô Đa Năng Nuxe Dưỡng Ẩm Cho Da Mặt, Body Và Tóc 100ml",7,Kem / Gel / Dầu Dưỡng,2003,Dưỡng Ẩm,Chăm Sóc Da Mặt,Dưỡng Ẩm,Kem / Gel / Dầu Dưỡng,Sức Khỏe - Làm Đẹp -> Chăm Sóc Da Mặt -> Dưỡng Ẩm -> Kem / Gel / Dầu Dưỡng,True
P_679,679,"Gel Rửa Mặt SVR Không Xà Phòng Cho Da Khô, Nhạy Cảm 200ml",1,Sữa Rửa Mặt,2002,Làm Sạch Da,Chăm Sóc Da Mặt,Làm Sạch Da,Sữa Rửa Mặt,Sức Khỏe - Làm Đẹp -> Chăm Sóc Da Mặt -> Làm Sạch Da -> Sữa Rửa Mặt,True
P_680,680,Hộp 10 Miếng Mặt Nạ Wonjin Dưỡng Sáng Da 30g/M,11,Mặt Nạ Giấy,2001,Mặt Nạ,Chăm Sóc Da Mặt,Mặt Nạ,Mặt Nạ Giấy,Sức Khỏe - Làm Đẹp -> Chăm Sóc Da Mặt -> Mặt Nạ -> Mặt Nạ Giấy,False
P_683,683,Sữa Rửa Mặt Cetaphil Dịu Lành Cho Da Nhạy Cảm 250ml (Mới),1,Sữa Rửa Mặt,2002,Làm Sạch Da,Chăm Sóc Da Mặt,Làm Sạch Da,Sữa Rửa Mặt,Sức Khỏe - Làm Đẹp -> Chăm Sóc Da Mặt -> Làm Sạch Da -> Sữa Rửa Mặt,True
P_684,684,Kem Dưỡng d program Hỗ Trợ Phục Hồi Da 45g,7,Kem / Gel / Dầu Dưỡng,2003,Dưỡng Ẩm,Chăm Sóc Da Mặt,Dưỡng Ẩm,Kem / Gel / Dầu Dưỡng,Sức Khỏe - Làm Đẹp -> Chăm Sóc Da Mặt -> Dưỡng Ẩm -> Kem / Gel / Dầu Dưỡng,True
P_685,685,Xịt Chống Nắng Anessa Dưỡng Da Đa Năng 60g (Mới),6,Chống Nắng Da Mặt,1001,Chăm Sóc Da Mặt,Chăm Sóc Da Mặt,Chống Nắng Da Mặt,Chống Nắng Da Mặt,Sức Khỏe - Làm Đẹp -> Chăm Sóc Da Mặt -> Chống Nắng Da Mặt,True
P_686,686,Sữa Rửa Mặt Cetaphil Dịu Lành Cho Da Dầu Nhạy Cảm 125ml,1,Sữa Rửa Mặt,2002,Làm Sạch Da,Chăm Sóc Da Mặt,Làm Sạch Da,Sữa Rửa Mặt,Sức Khỏe - Làm Đẹp -> Chăm Sóc Da Mặt -> Làm Sạch Da -> Sữa Rửa Mặt,True
P_689,689,Combo 10 Mặt Nạ Colorkey B5 Dưỡng Ẩm Căng Bóng Rạng Rỡ Từ Sen Tuyết 25ml,11,Mặt Nạ Giấy,2001,Mặt Nạ,Chăm Sóc Da Mặt,Mặt Nạ,Mặt Nạ Giấy,Sức Khỏe - Làm Đẹp -> Chăm Sóc Da Mặt -> Mặt Nạ -> Mặt Nạ Giấy,False
P_691,691,Nước Hoa Hồng Bioderma Dành Cho Da Nhạy Cảm 250ml,4,Toner / Nước Cân Bằng Da,2002,Làm Sạch Da,Chăm Sóc Da Mặt,Làm Sạch Da,Toner / Nước Cân Bằng Da,Sức Khỏe - Làm Đẹp -> Chăm Sóc Da Mặt -> Làm Sạch Da -> Toner / Nước Cân Bằng Da,False
P_692,692,Son Dưỡng Có Màu Vaseline Hồng Cam Êm Dịu 3g,18,Son Dưỡng Môi,2006,Dưỡng Môi,Chăm Sóc Da Mặt,Dưỡng Môi,Son Dưỡng Môi,Sức Khỏe - Làm Đẹp -> Chăm Sóc Da Mặt -> Dưỡng Môi -> Son Dưỡng Môi,False
P_695,695,Xịt Dưỡng Ẩm Eucerin Cho Da Nhạy Cảm 150ml,30,Xịt Khoáng,2003,Dưỡng Ẩm,Chăm Sóc Da Mặt,Dưỡng Ẩm,Xịt Khoáng,Sức Khỏe - Làm Đẹp -> Chăm Sóc Da Mặt -> Dưỡng Ẩm -> Xịt Khoáng,False
P_696,696,Kem Dưỡng Pekah Làm Sáng Và Nâng Tông Da 50ml,7,Kem / Gel / Dầu Dưỡng,2003,Dưỡng Ẩm,Chăm Sóc Da Mặt,Dưỡng Ẩm,Kem / Gel / Dầu Dưỡng,Sức Khỏe - Làm Đẹp -> Chăm Sóc Da Mặt -> Dưỡng Ẩm -> Kem / Gel / Dầu Dưỡng,True
P_699,699,Sữa Rửa Mặt innisfree Dưỡng Ẩm Chiết Xuất Trà Xanh 150g (Mới),1,Sữa Rửa Mặt,2002,Làm Sạch Da,Chăm Sóc Da Mặt,Làm Sạch Da,Sữa Rửa Mặt,Sức Khỏe - Làm Đẹp -> Chăm Sóc Da Mặt -> Làm Sạch Da -> Sữa Rửa Mặt,True
P_702,702,Combo 2 Nước Tẩy Trang Bioderma Dành Cho Da Nhạy Cảm 500ml,2,Tẩy Trang Mặt,2002,Làm Sạch Da,Chăm Sóc Da Mặt,Làm Sạch Da,Tẩy Trang Mặt,Sức Khỏe - Làm Đẹp -> Chăm Sóc Da Mặt -> Làm Sạch Da -> Tẩy Trang Mặt,False
P_704,704,"Combo 5 Mặt Nạ Wonjin Cung Cấp Năng Lượng, Phục Hồi Chuyên Sâu 30g",11,Mặt Nạ Giấy,2001,Mặt Nạ,Chăm Sóc Da Mặt,Mặt Nạ,Mặt Nạ Giấy,Sức Khỏe - Làm Đẹp -> Chăm Sóc Da Mặt -> Mặt Nạ -> Mặt Nạ Giấy,False
P_705,705,"Nước Cân Bằng La Roche-Posay Cho Da Thường, Nhạy Cảm 200ml",4,Toner / Nước Cân Bằng Da,2002,Làm Sạch Da,Chăm Sóc Da Mặt,Làm Sạch Da,Toner / Nước Cân Bằng Da,Sức Khỏe - Làm Đẹp -> Chăm Sóc Da Mặt -> Làm Sạch Da -> Toner / Nước Cân Bằng Da,False
P_709,709,Mặt Nạ Nghệ Hưng Yên Cocoon Giúp Da Rạng Rỡ Mịn Màng 100ml,19,Mặt Nạ Rửa,2001,Mặt Nạ,Chăm Sóc Da Mặt,Mặt Nạ,Mặt Nạ Rửa,Sức Khỏe - Làm Đẹp -> Chăm Sóc Da Mặt -> Mặt Nạ -> Mặt Nạ Rửa,False
P_712,712,Sữa Rửa Mặt Simple Dưỡng Ẩm Cho Da Khỏe Và Mịn Màng 150ml,1,Sữa Rửa Mặt,2002,Làm Sạch Da,Chăm Sóc Da Mặt,Làm Sạch Da,Sữa Rửa Mặt,Sức Khỏe - Làm Đẹp -> Chăm Sóc Da Mặt -> Làm Sạch Da -> Sữa Rửa Mặt,True
P_713,713,Sữa Chống Nắng L’Oreal Bảo Vệ Phổ Rộng Sáng Da Mờ Thâm 50ml,6,Chống Nắng Da Mặt,1001,Chăm Sóc Da Mặt,Chăm Sóc Da Mặt,Chống Nắng Da Mặt,Chống Nắng Da Mặt,Sức Khỏe - Làm Đẹp -> Chăm Sóc Da Mặt -> Chống Nắng Da Mặt,True
P_715,715,Serum L'Oreal Hyaluronic Acid Cấp Ẩm Sáng Da 15ml,9,Serum / Tinh Chất,2004,Đặc Trị,Chăm Sóc Da Mặt,Đặc Trị,Serum / Tinh Chất,Sức Khỏe - Làm Đẹp -> Chăm Sóc Da Mặt -> Đặc Trị -> Serum / Tinh Chất,True
P_716,716,Son Dưỡng Có Màu Vaseline Đỏ Tươi Tắn 3g,18,Son Dưỡng Môi,2006,Dưỡng Môi,Chăm Sóc Da Mặt,Dưỡng Môi,Son Dưỡng Môi,Sức Khỏe - Làm Đẹp -> Chăm Sóc Da Mặt -> Dưỡng Môi -> Son Dưỡng Môi,False
P_717,717,Nước Xịt Khoáng Bio-essence Dưỡng Da Ẩm Mượt Mịn Màng 100ml,30,Xịt Khoáng,2003,Dưỡng Ẩm,Chăm Sóc Da Mặt,Dưỡng Ẩm,Xịt Khoáng,Sức Khỏe - Làm Đẹp -> Chăm Sóc Da Mặt -> Dưỡng Ẩm -> Xịt Khoáng,False
P_718,718,"Mặt Nạ Mắt JMsolution Ngọc Trai Mờ Quầng Thâm, Nếp Nhăn 90g",60,Mặt Nạ Mắt,2005,Dưỡng Mắt,Chăm Sóc Da Mặt,Dưỡng Mắt,Mặt Nạ Mắt,Sức Khỏe - Làm Đẹp -> Chăm Sóc Da Mặt -> Dưỡng Mắt -> Mặt Nạ Mắt,False
P_721,721,"Combo 10 Mặt Nạ Wonjin Siêu Tinh Chất Nâng Cơ, Trẻ Hoá Da 27g",11,Mặt Nạ Giấy,2001,Mặt Nạ,Chăm Sóc Da Mặt,Mặt Nạ,Mặt Nạ Giấy,Sức Khỏe - Làm Đẹp -> Chăm Sóc Da Mặt -> Mặt Nạ -> Mặt Nạ Giấy,False
P_723,723,Mặt Nạ Wonjin Dưỡng Sáng Da 30g,11,Mặt Nạ Giấy,2001,Mặt Nạ,Chăm Sóc Da Mặt,Mặt Nạ,Mặt Nạ Giấy,Sức Khỏe - Làm Đẹp -> Chăm Sóc Da Mặt -> Mặt Nạ -> Mặt Nạ Giấy,False
P_725,725,Sữa Chống Nắng Sunplay Hiệu Chỉnh Sắc Da 50g (Xanh Dương),6,Chống Nắng Da Mặt,1001,Chăm Sóc Da Mặt,Chăm Sóc Da Mặt,Chống Nắng Da Mặt,Chống Nắng Da Mặt,Sức Khỏe - Làm Đẹp -> Chăm Sóc Da Mặt -> Chống Nắng Da Mặt,True
P_727,727,Son Dưỡng Môi Vaseline Hồng Xinh 4.8g,18,Son Dưỡng Môi,2006,Dưỡng Môi,Chăm Sóc Da Mặt,Dưỡng Môi,Son Dưỡng Môi,Sức Khỏe - Làm Đẹp -> Chăm Sóc Da Mặt -> Dưỡng Môi -> Son Dưỡng Môi,False
P_728,728,Gel Rửa Mặt Eucerin Cho Da Nhờn Mụn 200ml,1,Sữa Rửa Mặt,2002,Làm Sạch Da,Chăm Sóc Da Mặt,Làm Sạch Da,Sữa Rửa Mặt,Sức Khỏe - Làm Đẹp -> Chăm Sóc Da Mặt -> Làm Sạch Da -> Sữa Rửa Mặt,True
P_729,729,Gel Chống Nắng L'Oreal Watergel Thế Hệ Mới 50ml,6,Chống Nắng Da Mặt,1001,Chăm Sóc Da Mặt,Chăm Sóc Da Mặt,Chống Nắng Da Mặt,Chống Nắng Da Mặt,Sức Khỏe - Làm Đẹp -> Chăm Sóc Da Mặt -> Chống Nắng Da Mặt,True
P_730,730,Serum Neutrogena Retinol Ngăn Ngừa Lão Hóa 30ml,9,Serum / Tinh Chất,2004,Đặc Trị,Chăm Sóc Da Mặt,Đặc Trị,Serum / Tinh Chất,Sức Khỏe - Làm Đẹp -> Chăm Sóc Da Mặt -> Đặc Trị -> Serum / Tinh Chất,True
P_731,731,Sữa Dưỡng Naris Cosmetics Collagen Ngăn Ngừa Lão Hóa 150ml,7,Kem / Gel / Dầu Dưỡng,2003,Dưỡng Ẩm,Chăm Sóc Da Mặt,Dưỡng Ẩm,Kem / Gel / Dầu Dưỡng,Sức Khỏe - Làm Đẹp -> Chăm Sóc Da Mặt -> Dưỡng Ẩm -> Kem / Gel / Dầu Dưỡng,True
P_736,736,Tinh Chất Sur.Medic+ Huyết Thanh Sáng Da Căng Bóng 32ml,9,Serum / Tinh Chất,2004,Đặc Trị,Chăm Sóc Da Mặt,Đặc Trị,Serum / Tinh Chất,Sức Khỏe - Làm Đẹp -> Chăm Sóc Da Mặt -> Đặc Trị -> Serum / Tinh Chất,True
P_739,739,"Kem Chống Nắng The Saem Kiềm Dầu, Nâng Tông Sáng Hồng 50g (Mới)",6,Chống Nắng Da Mặt,1001,Chăm Sóc Da Mặt,Chăm Sóc Da Mặt,Chống Nắng Da Mặt,Chống Nắng Da Mặt,Sức Khỏe - Làm Đẹp -> Chăm Sóc Da Mặt -> Chống Nắng Da Mặt,True
P_740,740,Gel Giảm Mụn Eucerin Dành Cho Mụn Viêm & Không Viêm 40ml,25,Hỗ Trợ Trị Mụn,2004,Đặc Trị,Chăm Sóc Da Mặt,Đặc Trị,Hỗ Trợ Trị Mụn,Sức Khỏe - Làm Đẹp -> Chăm Sóc Da Mặt -> Đặc Trị -> Hỗ Trợ Trị Mụn,True
P_741,741,"Combo 10 Mặt Nạ BNBG PDRN Cấp Ẩm Đa Tầng, Căng Bóng Da 30ml",11,Mặt Nạ Giấy,2001,Mặt Nạ,Chăm Sóc Da Mặt,Mặt Nạ,Mặt Nạ Giấy,Sức Khỏe - Làm Đẹp -> Chăm Sóc Da Mặt -> Mặt Nạ -> Mặt Nạ Giấy,False
P_742,742,Kem Dưỡng Ẩm Paula's Choice Dành Cho Da Mụn 60ml,7,Kem / Gel / Dầu Dưỡng,2003,Dưỡng Ẩm,Chăm Sóc Da Mặt,Dưỡng Ẩm,Kem / Gel / Dầu Dưỡng,Sức Khỏe - Làm Đẹp -> Chăm Sóc Da Mặt -> Dưỡng Ẩm -> Kem / Gel / Dầu Dưỡng,True
P_743,743,Serum Eucerin Cấp Ẩm & Ngăn Ngừa Lão Hóa 30ml,9,Serum / Tinh Chất,2004,Đặc Trị,Chăm Sóc Da Mặt,Đặc Trị,Serum / Tinh Chất,Sức Khỏe - Làm Đẹp -> Chăm Sóc Da Mặt -> Đặc Trị -> Serum / Tinh Chất,True
P_744,744,"Sữa Rửa Mặt Simple Purify+ Giảm Mụn, Kiểm Soát Dầu 240ml",1,Sữa Rửa Mặt,2002,Làm Sạch Da,Chăm Sóc Da Mặt,Làm Sạch Da,Sữa Rửa Mặt,Sức Khỏe - Làm Đẹp -> Chăm Sóc Da Mặt -> Làm Sạch Da -> Sữa Rửa Mặt,True
P_745,745,"Ampoule Angel's Liquid Dưỡng Sáng Da, Mờ Thâm Nám 30ml",9,Serum / Tinh Chất,2004,Đặc Trị,Chăm Sóc Da Mặt,Đặc Trị,Serum / Tinh Chất,Sức Khỏe - Làm Đẹp -> Chăm Sóc Da Mặt -> Đặc Trị -> Serum / Tinh Chất,True
P_746,746,Combo Dung Dịch Tẩy Da Chết Paula’s Choice 2% BHA 118ml+30ml,17,Tẩy Tế Bào Chết Da Mặt,2002,Làm Sạch Da,Chăm Sóc Da Mặt,Làm Sạch Da,Tẩy Tế Bào Chết Da Mặt,Sức Khỏe - Làm Đẹp -> Chăm Sóc Da Mặt -> Làm Sạch Da -> Tẩy Tế Bào Chết Da Mặt,False
P_747,747,Sữa Rửa Mặt Simple Dưỡng Ẩm Cho Da Dạng Gel 150ml,1,Sữa Rửa Mặt,2002,Làm Sạch Da,Chăm Sóc Da Mặt,Làm Sạch Da,Sữa Rửa Mặt,Sức Khỏe - Làm Đẹp -> Chăm Sóc Da Mặt -> Làm Sạch Da -> Sữa Rửa Mặt,True
P_749,749,Mặt Nạ Cocoon Bí Đao Giảm Dầu & Mụn 30ml,19,Mặt Nạ Rửa,2001,Mặt Nạ,Chăm Sóc Da Mặt,Mặt Nạ,Mặt Nạ Rửa,Sức Khỏe - Làm Đẹp -> Chăm Sóc Da Mặt -> Mặt Nạ -> Mặt Nạ Rửa,False
P_752,752,Son Dưỡng Môi Vaseline Mềm Mịn 4.8g,18,Son Dưỡng Môi,2006,Dưỡng Môi,Chăm Sóc Da Mặt,Dưỡng Môi,Son Dưỡng Môi,Sức Khỏe - Làm Đẹp -> Chăm Sóc Da Mặt -> Dưỡng Môi -> Son Dưỡng Môi,False
P_753,753,Gel Rửa Mặt Swiss Image Cho Da Hỗn Hợp Và Dầu Mụn 200ml,1,Sữa Rửa Mặt,2002,Làm Sạch Da,Chăm Sóc Da Mặt,Làm Sạch Da,Sữa Rửa Mặt,Sức Khỏe - Làm Đẹp -> Chăm Sóc Da Mặt -> Làm Sạch Da -> Sữa Rửa Mặt,True
P_754,754,Sữa Rửa Mặt Eucerin Dịu Nhẹ Cho Da Nhạy Cảm 100ml (Mới),1,Sữa Rửa Mặt,2002,Làm Sạch Da,Chăm Sóc Da Mặt,Làm Sạch Da,Sữa Rửa Mặt,Sức Khỏe - Làm Đẹp -> Chăm Sóc Da Mặt -> Làm Sạch Da -> Sữa Rửa Mặt,True
P_755,755,Serum DrCeutics 12% Niacinamide Sáng Da Mờ Thâm Kiềm Dầu 40g,9,Serum / Tinh Chất,2004,Đặc Trị,Chăm Sóc Da Mặt,Đặc Trị,Serum / Tinh Chất,Sức Khỏe - Làm Đẹp -> Chăm Sóc Da Mặt -> Đặc Trị -> Serum / Tinh Chất,True
P_756,756,Tinh Chất Chống Nắng Senka Nâng Tông Sáng Mượt Da Dầu 50g,6,Chống Nắng Da Mặt,1001,Chăm Sóc Da Mặt,Chăm Sóc Da Mặt,Chống Nắng Da Mặt,Chống Nắng Da Mặt,Sức Khỏe - Làm Đẹp -> Chăm Sóc Da Mặt -> Chống Nắng Da Mặt,True
P_757,757,Kem Dưỡng Ẩm SVR Dành Cho Da Dầu Mụn 40ml,7,Kem / Gel / Dầu Dưỡng,2003,Dưỡng Ẩm,Chăm Sóc Da Mặt,Dưỡng Ẩm,Kem / Gel / Dầu Dưỡng,Sức Khỏe - Làm Đẹp -> Chăm Sóc Da Mặt -> Dưỡng Ẩm -> Kem / Gel / Dầu Dưỡng,True
P_758,758,Nước Tẩy Trang Bio-essence Không Cồn Sạch Sâu Da 400ml,2,Tẩy Trang Mặt,2002,Làm Sạch Da,Chăm Sóc Da Mặt,Làm Sạch Da,Tẩy Trang Mặt,Sức Khỏe - Làm Đẹp -> Chăm Sóc Da Mặt -> Làm Sạch Da -> Tẩy Trang Mặt,False
P_759,759,Combo L'Oreal Nước Tẩy Trang Dưỡng Ẩm 400ml + Nước Tẩy Trang Căng Mịn Da 95ml,2,Tẩy Trang Mặt,2002,Làm Sạch Da,Chăm Sóc Da Mặt,Làm Sạch Da,Tẩy Trang Mặt,Sức Khỏe - Làm Đẹp -> Chăm Sóc Da Mặt -> Làm Sạch Da -> Tẩy Trang Mặt,False
P_761,761,Serum Balance Active Formula Cấp Nước Dưỡng Ẩm Da 30ml,9,Serum / Tinh Chất,2004,Đặc Trị,Chăm Sóc Da Mặt,Đặc Trị,Serum / Tinh Chất,Sức Khỏe - Làm Đẹp -> Chăm Sóc Da Mặt -> Đặc Trị -> Serum / Tinh Chất,True
P_762,762,Kem Dưỡng Đêm Eucerin Giảm Nếp Nhăn Sâu & Chảy Xệ 50ml,7,Kem / Gel / Dầu Dưỡng,2003,Dưỡng Ẩm,Chăm Sóc Da Mặt,Dưỡng Ẩm,Kem / Gel / Dầu Dưỡng,Sức Khỏe - Làm Đẹp -> Chăm Sóc Da Mặt -> Dưỡng Ẩm -> Kem / Gel / Dầu Dưỡng,True
P_763,763,Tẩy Tế Bào Chết Rosette Hỗ Trợ Dưỡng Sáng Da 180g,17,Tẩy Tế Bào Chết Da Mặt,2002,Làm Sạch Da,Chăm Sóc Da Mặt,Làm Sạch Da,Tẩy Tế Bào Chết Da Mặt,Sức Khỏe - Làm Đẹp -> Chăm Sóc Da Mặt -> Làm Sạch Da -> Tẩy Tế Bào Chết Da Mặt,False
P_764,764,"Combo Dr.G Kem Dưỡng Cấp Ẩm, Phục Hồi 70ml & Kem Chống Nắng Sáng Da 20ml",3,Bộ Chăm Sóc Da Mặt,1001,Chăm Sóc Da Mặt,Chăm Sóc Da Mặt,Bộ Chăm Sóc Da Mặt,Bộ Chăm Sóc Da Mặt,Sức Khỏe - Làm Đẹp -> Chăm Sóc Da Mặt -> Bộ Chăm Sóc Da Mặt,False
P_766,766,[Mini] Combo 5 Nước Tẩy Trang L'Oreal Căng Mịn Da 95ml,2,Tẩy Trang Mặt,2002,Làm Sạch Da,Chăm Sóc Da Mặt,Làm Sạch Da,Tẩy Trang Mặt,Sức Khỏe - Làm Đẹp -> Chăm Sóc Da Mặt -> Làm Sạch Da -> Tẩy Trang Mặt,False
P_770,770,Combo 2 Sữa Chống Nắng Sunplay Skin Aqua Dưỡng Da Sáng Mịn 55g,6,Chống Nắng Da Mặt,1001,Chăm Sóc Da Mặt,Chăm Sóc Da Mặt,Chống Nắng Da Mặt,Chống Nắng Da Mặt,Sức Khỏe - Làm Đẹp -> Chăm Sóc Da Mặt -> Chống Nắng Da Mặt,True
P_771,771,Serum Elixir Kích Hoạt Trẻ Hóa Làn Da 50ml,9,Serum / Tinh Chất,2004,Đặc Trị,Chăm Sóc Da Mặt,Đặc Trị,Serum / Tinh Chất,Sức Khỏe - Làm Đẹp -> Chăm Sóc Da Mặt -> Đặc Trị -> Serum / Tinh Chất,True
P_772,772,Serum Torriden Se Khít Lỗ Chân Lông 30ml,9,Serum / Tinh Chất,2004,Đặc Trị,Chăm Sóc Da Mặt,Đặc Trị,Serum / Tinh Chất,Sức Khỏe - Làm Đẹp -> Chăm Sóc Da Mặt -> Đặc Trị -> Serum / Tinh Chất,True
P_773,773,Combo 2 Dung Dịch Tẩy Da Chết Paula’s Choice 2% BHA 30ml,17,Tẩy Tế Bào Chết Da Mặt,2002,Làm Sạch Da,Chăm Sóc Da Mặt,Làm Sạch Da,Tẩy Tế Bào Chết Da Mặt,Sức Khỏe - Làm Đẹp -> Chăm Sóc Da Mặt -> Làm Sạch Da -> Tẩy Tế Bào Chết Da Mặt,False
P_775,775,Gel Tẩy Tế Bào Chết Ma:nyo Galactomy Enzyme Sáng Mịn Da 75ml,17,Tẩy Tế Bào Chết Da Mặt,2002,Làm Sạch Da,Chăm Sóc Da Mặt,Làm Sạch Da,Tẩy Tế Bào Chết Da Mặt,Sức Khỏe - Làm Đẹp -> Chăm Sóc Da Mặt -> Làm Sạch Da -> Tẩy Tế Bào Chết Da Mặt,False
P_776,776,Nước Tẩy Trang DrCeutics Sạch Mịn Màng Cho Mọi Loại Da 500ml (Màu Ngẫu Nhiên),2,Tẩy Trang Mặt,2002,Làm Sạch Da,Chăm Sóc Da Mặt,Làm Sạch Da,Tẩy Trang Mặt,Sức Khỏe - Làm Đẹp -> Chăm Sóc Da Mặt -> Làm Sạch Da -> Tẩy Trang Mặt,False
P_779,779,Combo Cocoon Nước Tẩy Trang Bí Đao Giảm Dầu 140ml + Mặt Nạ Nghệ Hưng Yên Giúp Da Rạng Rỡ 30ml,3,Bộ Chăm Sóc Da Mặt,1001,Chăm Sóc Da Mặt,Chăm Sóc Da Mặt,Bộ Chăm Sóc Da Mặt,Bộ Chăm Sóc Da Mặt,Sức Khỏe - Làm Đẹp -> Chăm Sóc Da Mặt -> Bộ Chăm Sóc Da Mặt,False
P_781,781,Sữa Rửa Mặt Senka Tạo Bọt Chiết Xuất Tơ Tằm Trắng 120g,1,Sữa Rửa Mặt,2002,Làm Sạch Da,Chăm Sóc Da Mặt,Làm Sạch Da,Sữa Rửa Mặt,Sức Khỏe - Làm Đẹp -> Chăm Sóc Da Mặt -> Làm Sạch Da -> Sữa Rửa Mặt,True
P_782,782,"Serum 9Wishes Dưỡng Sáng Da, Giảm Thâm 25ml",9,Serum / Tinh Chất,2004,Đặc Trị,Chăm Sóc Da Mặt,Đặc Trị,Serum / Tinh Chất,Sức Khỏe - Làm Đẹp -> Chăm Sóc Da Mặt -> Đặc Trị -> Serum / Tinh Chất,True
P_783,783,Tinh Chất Cocoon Nghệ Hưng Yên x2.2 Sáng Da Chuyên Sâu 30ml,9,Serum / Tinh Chất,2004,Đặc Trị,Chăm Sóc Da Mặt,Đặc Trị,Serum / Tinh Chất,Sức Khỏe - Làm Đẹp -> Chăm Sóc Da Mặt -> Đặc Trị -> Serum / Tinh Chất,True
P_785,785,Mặt Nạ Thạch Luvum Collagen Hỗ Trợ Trẻ Hoá Da 38g,11,Mặt Nạ Giấy,2001,Mặt Nạ,Chăm Sóc Da Mặt,Mặt Nạ,Mặt Nạ Giấy,Sức Khỏe - Làm Đẹp -> Chăm Sóc Da Mặt -> Mặt Nạ -> Mặt Nạ Giấy,False
P_786,786,Mặt Nạ Ngủ Garnier Tinh Chất Sữa Chua Sáng Da Ban Đêm 50ml,53,Mặt Nạ Ngủ,2001,Mặt Nạ,Chăm Sóc Da Mặt,Mặt Nạ,Mặt Nạ Ngủ,Sức Khỏe - Làm Đẹp -> Chăm Sóc Da Mặt -> Mặt Nạ -> Mặt Nạ Ngủ,False
P_788,788,Nước Cân Bằng Cocoon Sen Hậu Giang Làm Dịu Da Nhạy Cảm 140ml,4,Toner / Nước Cân Bằng Da,2002,Làm Sạch Da,Chăm Sóc Da Mặt,Làm Sạch Da,Toner / Nước Cân Bằng Da,Sức Khỏe - Làm Đẹp -> Chăm Sóc Da Mặt -> Làm Sạch Da -> Toner / Nước Cân Bằng Da,False
P_789,789,Kem Dưỡng Ẩm Nivea Dưỡng Da Sáng Mịn 30ml,7,Kem / Gel / Dầu Dưỡng,2003,Dưỡng Ẩm,Chăm Sóc Da Mặt,Dưỡng Ẩm,Kem / Gel / Dầu Dưỡng,Sức Khỏe - Làm Đẹp -> Chăm Sóc Da Mặt -> Dưỡng Ẩm -> Kem / Gel / Dầu Dưỡng,True
P_790,790,Combo 10 Mặt Nạ Colorkey B5 Dưỡng Ẩm Ngừa Mụn Chiết Xuất Cây Phỉ 25ml,11,Mặt Nạ Giấy,2001,Mặt Nạ,Chăm Sóc Da Mặt,Mặt Nạ,Mặt Nạ Giấy,Sức Khỏe - Làm Đẹp -> Chăm Sóc Da Mặt -> Mặt Nạ -> Mặt Nạ Giấy,False
P_791,791,Gel Dưỡng Ẩm Nature Republic Chiết Xuất Lô Hội 300ml,7,Kem / Gel / Dầu Dưỡng,2003,Dưỡng Ẩm,Chăm Sóc Da Mặt,Dưỡng Ẩm,Kem / Gel / Dầu Dưỡng,Sức Khỏe - Làm Đẹp -> Chăm Sóc Da Mặt -> Dưỡng Ẩm -> Kem / Gel / Dầu Dưỡng,True
P_793,793,Kem Dưỡng Cocoon Dạng Thạch Bí Đao Giảm Dầu & Mụn 30ml,7,Kem / Gel / Dầu Dưỡng,2003,Dưỡng Ẩm,Chăm Sóc Da Mặt,Dưỡng Ẩm,Kem / Gel / Dầu Dưỡng,Sức Khỏe - Làm Đẹp -> Chăm Sóc Da Mặt -> Dưỡng Ẩm -> Kem / Gel / Dầu Dưỡng,True
P_796,796,Gel Rửa Mặt I'm from Từ Ngải Cứu Sạch Sâu Dịu Nhẹ 150ml,1,Sữa Rửa Mặt,2002,Làm Sạch Da,Chăm Sóc Da Mặt,Làm Sạch Da,Sữa Rửa Mặt,Sức Khỏe - Làm Đẹp -> Chăm Sóc Da Mặt -> Làm Sạch Da -> Sữa Rửa Mặt,True
P_797,797,Nước Tẩy Trang Cocoon Bí Đao Làm Sạch & Giảm Dầu 140ml,2,Tẩy Trang Mặt,2002,Làm Sạch Da,Chăm Sóc Da Mặt,Làm Sạch Da,Tẩy Trang Mặt,Sức Khỏe - Làm Đẹp -> Chăm Sóc Da Mặt -> Làm Sạch Da -> Tẩy Trang Mặt,False
P_799,799,"Toner Pyunkang Yul Cấp Ẩm, Làm Dịu Da 200ml",4,Toner / Nước Cân Bằng Da,2002,Làm Sạch Da,Chăm Sóc Da Mặt,Làm Sạch Da,Toner / Nước Cân Bằng Da,Sức Khỏe - Làm Đẹp -> Chăm Sóc Da Mặt -> Làm Sạch Da -> Toner / Nước Cân Bằng Da,False
P_802,802,Tẩy Tế Bào Chết Rosette Thu Nhỏ Lỗ Chân Lông 120g,17,Tẩy Tế Bào Chết Da Mặt,2002,Làm Sạch Da,Chăm Sóc Da Mặt,Làm Sạch Da,Tẩy Tế Bào Chết Da Mặt,Sức Khỏe - Làm Đẹp -> Chăm Sóc Da Mặt -> Làm Sạch Da -> Tẩy Tế Bào Chết Da Mặt,False
P_803,803,Xịt Khoáng La Roche-Posay Làm Dịu Và Bảo Vệ Da 150g,30,Xịt Khoáng,2003,Dưỡng Ẩm,Chăm Sóc Da Mặt,Dưỡng Ẩm,Xịt Khoáng,Sức Khỏe - Làm Đẹp -> Chăm Sóc Da Mặt -> Dưỡng Ẩm -> Xịt Khoáng,False
P_804,804,"Mặt Nạ Wonjin Nâng Cơ, Trẻ Hóa Da 30g",11,Mặt Nạ Giấy,2001,Mặt Nạ,Chăm Sóc Da Mặt,Mặt Nạ,Mặt Nạ Giấy,Sức Khỏe - Làm Đẹp -> Chăm Sóc Da Mặt -> Mặt Nạ -> Mặt Nạ Giấy,False
P_805,805,Combo Olay Serum & Kem Dưỡng Chiết Xuất Retinol24 Ngừa Lão Hóa Ban Đêm 30ml+50g,3,Bộ Chăm Sóc Da Mặt,1001,Chăm Sóc Da Mặt,Chăm Sóc Da Mặt,Bộ Chăm Sóc Da Mặt,Bộ Chăm Sóc Da Mặt,Sức Khỏe - Làm Đẹp -> Chăm Sóc Da Mặt -> Bộ Chăm Sóc Da Mặt,False
P_806,806,Serum Garnier Tăng Cường Sáng Da Mờ Thâm 30ml,9,Serum / Tinh Chất,2004,Đặc Trị,Chăm Sóc Da Mặt,Đặc Trị,Serum / Tinh Chất,Sức Khỏe - Làm Đẹp -> Chăm Sóc Da Mặt -> Đặc Trị -> Serum / Tinh Chất,True
P_809,809,Gel Nha Đam Milaganics Dưỡng Ẩm & Làm Mềm Da 250g,7,Kem / Gel / Dầu Dưỡng,2003,Dưỡng Ẩm,Chăm Sóc Da Mặt,Dưỡng Ẩm,Kem / Gel / Dầu Dưỡng,Sức Khỏe - Làm Đẹp -> Chăm Sóc Da Mặt -> Dưỡng Ẩm -> Kem / Gel / Dầu Dưỡng,True
P_811,811,"Sữa Chống Nắng Acnes Ngăn Ngừa Mụn Cho Da Mụn, Nhạy Cảm 50g",6,Chống Nắng Da Mặt,1001,Chăm Sóc Da Mặt,Chăm Sóc Da Mặt,Chống Nắng Da Mặt,Chống Nắng Da Mặt,Sức Khỏe - Làm Đẹp -> Chăm Sóc Da Mặt -> Chống Nắng Da Mặt,True
P_812,812,"Serum Hada Labo Cấp Ẩm Tối Ưu, Phục Hồi Da 30ml",9,Serum / Tinh Chất,2004,Đặc Trị,Chăm Sóc Da Mặt,Đặc Trị,Serum / Tinh Chất,Sức Khỏe - Làm Đẹp -> Chăm Sóc Da Mặt -> Đặc Trị -> Serum / Tinh Chất,True
P_814,814,"Kem Dưỡng Ẩm Avène Chuyên Biệt Cho Da Khô, Nhạy Cảm 100ml",7,Kem / Gel / Dầu Dưỡng,2003,Dưỡng Ẩm,Chăm Sóc Da Mặt,Dưỡng Ẩm,Kem / Gel / Dầu Dưỡng,Sức Khỏe - Làm Đẹp -> Chăm Sóc Da Mặt -> Dưỡng Ẩm -> Kem / Gel / Dầu Dưỡng,True
P_815,815,"Sữa Rửa Mặt Paula's Choice Ngừa Mụn, Se Lỗ Chân Lông 177ml",1,Sữa Rửa Mặt,2002,Làm Sạch Da,Chăm Sóc Da Mặt,Làm Sạch Da,Sữa Rửa Mặt,Sức Khỏe - Làm Đẹp -> Chăm Sóc Da Mặt -> Làm Sạch Da -> Sữa Rửa Mặt,True
P_818,818,Bộ 2 Kem Dưỡng Olay Ngăn Ngừa Lão Hóa Ngày & Đêm 50gx2,3,Bộ Chăm Sóc Da Mặt,1001,Chăm Sóc Da Mặt,Chăm Sóc Da Mặt,Bộ Chăm Sóc Da Mặt,Bộ Chăm Sóc Da Mặt,Sức Khỏe - Làm Đẹp -> Chăm Sóc Da Mặt -> Bộ Chăm Sóc Da Mặt,False
P_820,820,[Mini] Combo 5 Sữa Rửa Mặt CeraVe Sạch Sâu Cho Da Thường Đến Da Dầu 30ml,1,Sữa Rửa Mặt,2002,Làm Sạch Da,Chăm Sóc Da Mặt,Làm Sạch Da,Sữa Rửa Mặt,Sức Khỏe - Làm Đẹp -> Chăm Sóc Da Mặt -> Làm Sạch Da -> Sữa Rửa Mặt,True
P_821,821,Combo Cocoon Nước Cân Bằng Sen Hậu Giang + Sữa Rửa Mặt Nghệ Hưng Yên 310mlx2,4,Toner / Nước Cân Bằng Da,2002,Làm Sạch Da,Chăm Sóc Da Mặt,Làm Sạch Da,Toner / Nước Cân Bằng Da,Sức Khỏe - Làm Đẹp -> Chăm Sóc Da Mặt -> Làm Sạch Da -> Toner / Nước Cân Bằng Da,False
P_822,822,Nước Tẩy Trang Bioderma Dành Cho Da Nhạy Cảm 100ml,2,Tẩy Trang Mặt,2002,Làm Sạch Da,Chăm Sóc Da Mặt,Làm Sạch Da,Tẩy Trang Mặt,Sức Khỏe - Làm Đẹp -> Chăm Sóc Da Mặt -> Làm Sạch Da -> Tẩy Trang Mặt,False
P_823,823,"Mặt Nạ Thạch Luvum Cica Làm Dịu, Hỗ Trợ Phục Hồi Da 33g",11,Mặt Nạ Giấy,2001,Mặt Nạ,Chăm Sóc Da Mặt,Mặt Nạ,Mặt Nạ Giấy,Sức Khỏe - Làm Đẹp -> Chăm Sóc Da Mặt -> Mặt Nạ -> Mặt Nạ Giấy,False
P_825,825,"Mặt Nạ Mắt Lanbena Vitamin C Dưỡng Sáng, Mờ Quầng Thâm 60 Miếng",60,Mặt Nạ Mắt,2005,Dưỡng Mắt,Chăm Sóc Da Mặt,Dưỡng Mắt,Mặt Nạ Mắt,Sức Khỏe - Làm Đẹp -> Chăm Sóc Da Mặt -> Dưỡng Mắt -> Mặt Nạ Mắt,False
P_826,826,"Dung Dịch Hada Labo Dưỡng Ẩm Tối Ưu Da Thường, Khô 170ml",37,Lotion / Sữa Dưỡng,2003,Dưỡng Ẩm,Chăm Sóc Da Mặt,Dưỡng Ẩm,Lotion / Sữa Dưỡng,Sức Khỏe - Làm Đẹp -> Chăm Sóc Da Mặt -> Dưỡng Ẩm -> Lotion / Sữa Dưỡng,False
P_827,827,[Mini] Mặt Nạ Ngủ Laneige Cung Cấp Nước 15ml,53,Mặt Nạ Ngủ,2001,Mặt Nạ,Chăm Sóc Da Mặt,Mặt Nạ,Mặt Nạ Ngủ,Sức Khỏe - Làm Đẹp -> Chăm Sóc Da Mặt -> Mặt Nạ -> Mặt Nạ Ngủ,False
P_828,828,Sữa Rửa Mặt Senka Tạo Bọt Bổ Sung Collagen 120g,1,Sữa Rửa Mặt,2002,Làm Sạch Da,Chăm Sóc Da Mặt,Làm Sạch Da,Sữa Rửa Mặt,Sức Khỏe - Làm Đẹp -> Chăm Sóc Da Mặt -> Làm Sạch Da -> Sữa Rửa Mặt,True
P_829,829,Toner Pad Medicube Thu Nhỏ Lỗ Chân Lông 70 Miếng,4,Toner / Nước Cân Bằng Da,2002,Làm Sạch Da,Chăm Sóc Da Mặt,Làm Sạch Da,Toner / Nước Cân Bằng Da,Sức Khỏe - Làm Đẹp -> Chăm Sóc Da Mặt -> Làm Sạch Da -> Toner / Nước Cân Bằng Da,False
P_830,830,Bọt Rửa Mặt Hada Labo Dưỡng Ẩm Cho Mọi Loại Da 160ml,1,Sữa Rửa Mặt,2002,Làm Sạch Da,Chăm Sóc Da Mặt,Làm Sạch Da,Sữa Rửa Mặt,Sức Khỏe - Làm Đẹp -> Chăm Sóc Da Mặt -> Làm Sạch Da -> Sữa Rửa Mặt,True
P_832,832,"Combo 5 Mặt Nạ Thạch Luvum Cica Làm Dịu, Hỗ Trợ Phục Hồi Da 33g",11,Mặt Nạ Giấy,2001,Mặt Nạ,Chăm Sóc Da Mặt,Mặt Nạ,Mặt Nạ Giấy,Sức Khỏe - Làm Đẹp -> Chăm Sóc Da Mặt -> Mặt Nạ -> Mặt Nạ Giấy,False
P_834,834,Combo 2 Gel Rửa Mặt SVR Không Chứa Xà Phòng Cho Da Dầu 400ml/ Chai,1,Sữa Rửa Mặt,2002,Làm Sạch Da,Chăm Sóc Da Mặt,Làm Sạch Da,Sữa Rửa Mặt,Sức Khỏe - Làm Đẹp -> Chăm Sóc Da Mặt -> Làm Sạch Da -> Sữa Rửa Mặt,True
P_835,835,Serum B.O.M Vàng 24K Làm Sáng Và Săn Chắc Da 30ml,9,Serum / Tinh Chất,2004,Đặc Trị,Chăm Sóc Da Mặt,Đặc Trị,Serum / Tinh Chất,Sức Khỏe - Làm Đẹp -> Chăm Sóc Da Mặt -> Đặc Trị -> Serum / Tinh Chất,True
P_836,836,"Serum Swiss Image Dưỡng Sáng Da, Giảm Xỉn Màu 30ml",9,Serum / Tinh Chất,2004,Đặc Trị,Chăm Sóc Da Mặt,Đặc Trị,Serum / Tinh Chất,Sức Khỏe - Làm Đẹp -> Chăm Sóc Da Mặt -> Đặc Trị -> Serum / Tinh Chất,True
P_838,838,Sữa Rửa Mặt d program Tạo Bọt Dưỡng Da 120g,1,Sữa Rửa Mặt,2002,Làm Sạch Da,Chăm Sóc Da Mặt,Làm Sạch Da,Sữa Rửa Mặt,Sức Khỏe - Làm Đẹp -> Chăm Sóc Da Mặt -> Làm Sạch Da -> Sữa Rửa Mặt,True
P_842,842,Kem Chống Nắng Torriden Nâng Tông Da 60ml,6,Chống Nắng Da Mặt,1001,Chăm Sóc Da Mặt,Chăm Sóc Da Mặt,Chống Nắng Da Mặt,Chống Nắng Da Mặt,Sức Khỏe - Làm Đẹp -> Chăm Sóc Da Mặt -> Chống Nắng Da Mặt,True
P_844,844,"Hộp 10 Mặt Nạ Keyshu Hành Tím Cấp Ẩm, Mờ Thâm, Sẹo 30ml",11,Mặt Nạ Giấy,2001,Mặt Nạ,Chăm Sóc Da Mặt,Mặt Nạ,Mặt Nạ Giấy,Sức Khỏe - Làm Đẹp -> Chăm Sóc Da Mặt -> Mặt Nạ -> Mặt Nạ Giấy,False
P_845,845,Miếng Dán Mụn Derma Angel Dùng Cho Ngày 12 Miếng,25,Hỗ Trợ Trị Mụn,2004,Đặc Trị,Chăm Sóc Da Mặt,Đặc Trị,Hỗ Trợ Trị Mụn,Sức Khỏe - Làm Đẹp -> Chăm Sóc Da Mặt -> Đặc Trị -> Hỗ Trợ Trị Mụn,True
P_846,846,Combo L'Oreal Serum Hyaluronic Acid Cấp Ẩm Sáng Da 30ml + Serum HA Mini 7.5ml + Kem Dưỡng Ngày HA Mini 15ml,3,Bộ Chăm Sóc Da Mặt,1001,Chăm Sóc Da Mặt,Chăm Sóc Da Mặt,Bộ Chăm Sóc Da Mặt,Bộ Chăm Sóc Da Mặt,Sức Khỏe - Làm Đẹp -> Chăm Sóc Da Mặt -> Bộ Chăm Sóc Da Mặt,False
P_849,849,Kem Dưỡng Ẩm Swiss Image Chống Nắng Ban Ngày 50ml,7,Kem / Gel / Dầu Dưỡng,2003,Dưỡng Ẩm,Chăm Sóc Da Mặt,Dưỡng Ẩm,Kem / Gel / Dầu Dưỡng,Sức Khỏe - Làm Đẹp -> Chăm Sóc Da Mặt -> Dưỡng Ẩm -> Kem / Gel / Dầu Dưỡng,True
P_850,850,Kem Dưỡng Eucerin Giúp Phục Hồi & Tái Tạo Da 50ml,7,Kem / Gel / Dầu Dưỡng,2003,Dưỡng Ẩm,Chăm Sóc Da Mặt,Dưỡng Ẩm,Kem / Gel / Dầu Dưỡng,Sức Khỏe - Làm Đẹp -> Chăm Sóc Da Mặt -> Dưỡng Ẩm -> Kem / Gel / Dầu Dưỡng,True
P_851,851,Sữa Rửa Mặt Eucerin Tạo Bọt Làm Sáng Da 150g,1,Sữa Rửa Mặt,2002,Làm Sạch Da,Chăm Sóc Da Mặt,Làm Sạch Da,Sữa Rửa Mặt,Sức Khỏe - Làm Đẹp -> Chăm Sóc Da Mặt -> Làm Sạch Da -> Sữa Rửa Mặt,True
P_853,853,Sáp Dưỡng Môi Ngọt Ngào Vaseline 7g,18,Son Dưỡng Môi,2006,Dưỡng Môi,Chăm Sóc Da Mặt,Dưỡng Môi,Son Dưỡng Môi,Sức Khỏe - Làm Đẹp -> Chăm Sóc Da Mặt -> Dưỡng Môi -> Son Dưỡng Môi,False
P_854,854,"Serum oh!oh! Tế Bào Gốc, Tái Tạo Da 25ml",9,Serum / Tinh Chất,2004,Đặc Trị,Chăm Sóc Da Mặt,Đặc Trị,Serum / Tinh Chất,Sức Khỏe - Làm Đẹp -> Chăm Sóc Da Mặt -> Đặc Trị -> Serum / Tinh Chất,True
P_858,858,Sữa Chống Nắng Bioré Nâng Tông Sáng Hồng 30ml,6,Chống Nắng Da Mặt,1001,Chăm Sóc Da Mặt,Chăm Sóc Da Mặt,Chống Nắng Da Mặt,Chống Nắng Da Mặt,Sức Khỏe - Làm Đẹp -> Chăm Sóc Da Mặt -> Chống Nắng Da Mặt,True
P_860,860,Kem Chống Nắng d'Alba Nâng Tông Cân Bằng Sắc Da Đỏ 50ml,6,Chống Nắng Da Mặt,1001,Chăm Sóc Da Mặt,Chăm Sóc Da Mặt,Chống Nắng Da Mặt,Chống Nắng Da Mặt,Sức Khỏe - Làm Đẹp -> Chăm Sóc Da Mặt -> Chống Nắng Da Mặt,True
P_861,861,Sữa Rửa Mặt Garnier 3 Trong 1 Giảm Mụn & Sáng Da 100ml (Mới),1,Sữa Rửa Mặt,2002,Làm Sạch Da,Chăm Sóc Da Mặt,Làm Sạch Da,Sữa Rửa Mặt,Sức Khỏe - Làm Đẹp -> Chăm Sóc Da Mặt -> Làm Sạch Da -> Sữa Rửa Mặt,True
P_862,862,Serum La Bonita Hyaluronic Acid Cấp Ẩm Dịu Da 50ml,9,Serum / Tinh Chất,2004,Đặc Trị,Chăm Sóc Da Mặt,Đặc Trị,Serum / Tinh Chất,Sức Khỏe - Làm Đẹp -> Chăm Sóc Da Mặt -> Đặc Trị -> Serum / Tinh Chất,True
P_868,868,Gel Rửa Mặt Eucerin Cho Da Mụn 400ml,1,Sữa Rửa Mặt,2002,Làm Sạch Da,Chăm Sóc Da Mặt,Làm Sạch Da,Sữa Rửa Mặt,Sức Khỏe - Làm Đẹp -> Chăm Sóc Da Mặt -> Làm Sạch Da -> Sữa Rửa Mặt,True
P_870,870,Kem Chống Nắng Heliocare 360 MD A-R Emulsion 50ml,6,Chống Nắng Da Mặt,1001,Chăm Sóc Da Mặt,Chăm Sóc Da Mặt,Chống Nắng Da Mặt,Chống Nắng Da Mặt,Sức Khỏe - Làm Đẹp -> Chăm Sóc Da Mặt -> Chống Nắng Da Mặt,True
P_873,873,Combo 10 Mặt Nạ BNBG Vitamin A Hỗ Trợ Nâng Cơ 30ml (Mới),11,Mặt Nạ Giấy,2001,Mặt Nạ,Chăm Sóc Da Mặt,Mặt Nạ,Mặt Nạ Giấy,Sức Khỏe - Làm Đẹp -> Chăm Sóc Da Mặt -> Mặt Nạ -> Mặt Nạ Giấy,False
P_874,874,Gel Rửa Mặt Eucerin Làm Sạch Dịu Nhẹ Da Nhạy Cảm 200ml,1,Sữa Rửa Mặt,2002,Làm Sạch Da,Chăm Sóc Da Mặt,Làm Sạch Da,Sữa Rửa Mặt,Sức Khỏe - Làm Đẹp -> Chăm Sóc Da Mặt -> Làm Sạch Da -> Sữa Rửa Mặt,True
P_875,875,Sữa Rửa Mặt DrCeutics Hỗ Trợ Sạch Sâu Cho Mọi Loại Da 200g (Mới),1,Sữa Rửa Mặt,2002,Làm Sạch Da,Chăm Sóc Da Mặt,Làm Sạch Da,Sữa Rửa Mặt,Sức Khỏe - Làm Đẹp -> Chăm Sóc Da Mặt -> Làm Sạch Da -> Sữa Rửa Mặt,True
P_878,878,Combo 2 Nước Tẩy Trang Garnier Dành Cho Da Nhạy Cảm 400ml,2,Tẩy Trang Mặt,2002,Làm Sạch Da,Chăm Sóc Da Mặt,Làm Sạch Da,Tẩy Trang Mặt,Sức Khỏe - Làm Đẹp -> Chăm Sóc Da Mặt -> Làm Sạch Da -> Tẩy Trang Mặt,False
P_880,880,"Kem Dưỡng Vichy Giảm Mụn, Phục Hồi Da 50ml",25,Hỗ Trợ Trị Mụn,2004,Đặc Trị,Chăm Sóc Da Mặt,Đặc Trị,Hỗ Trợ Trị Mụn,Sức Khỏe - Làm Đẹp -> Chăm Sóc Da Mặt -> Đặc Trị -> Hỗ Trợ Trị Mụn,True
P_881,881,Sữa Rửa Mặt innisfree Kiểm Soát Nhờn Tro Núi Lửa & BHA 150g (Mới),1,Sữa Rửa Mặt,2002,Làm Sạch Da,Chăm Sóc Da Mặt,Làm Sạch Da,Sữa Rửa Mặt,Sức Khỏe - Làm Đẹp -> Chăm Sóc Da Mặt -> Làm Sạch Da -> Sữa Rửa Mặt,True
P_882,882,"Gel Dưỡng Decumar Giảm Mụn, Mờ Thâm Sẹo, Sáng Da 20g",25,Hỗ Trợ Trị Mụn,2004,Đặc Trị,Chăm Sóc Da Mặt,Đặc Trị,Hỗ Trợ Trị Mụn,Sức Khỏe - Làm Đẹp -> Chăm Sóc Da Mặt -> Đặc Trị -> Hỗ Trợ Trị Mụn,True
P_883,883,Kem Chống Nắng Neutrogena Ultra Sheer SPF 50+ 88ml,6,Chống Nắng Da Mặt,1001,Chăm Sóc Da Mặt,Chăm Sóc Da Mặt,Chống Nắng Da Mặt,Chống Nắng Da Mặt,Sức Khỏe - Làm Đẹp -> Chăm Sóc Da Mặt -> Chống Nắng Da Mặt,True
P_885,885,Kem Dưỡng Avène Giảm Khô Ngứa Cho Da Viêm Thể Tạng 200ml,7,Kem / Gel / Dầu Dưỡng,2003,Dưỡng Ẩm,Chăm Sóc Da Mặt,Dưỡng Ẩm,Kem / Gel / Dầu Dưỡng,Sức Khỏe - Làm Đẹp -> Chăm Sóc Da Mặt -> Dưỡng Ẩm -> Kem / Gel / Dầu Dưỡng,True
P_886,886,Tinh Chất Chống Nắng Sunplay Hiệu Chỉnh Sắc Da 50g (Xanh Dương),6,Chống Nắng Da Mặt,1001,Chăm Sóc Da Mặt,Chăm Sóc Da Mặt,Chống Nắng Da Mặt,Chống Nắng Da Mặt,Sức Khỏe - Làm Đẹp -> Chăm Sóc Da Mặt -> Chống Nắng Da Mặt,True
P_887,887,Dầu Tẩy Trang Kosé Softymo Làm Sạch Sâu Lỗ Chân Lông 230ml,2,Tẩy Trang Mặt,2002,Làm Sạch Da,Chăm Sóc Da Mặt,Làm Sạch Da,Tẩy Trang Mặt,Sức Khỏe - Làm Đẹp -> Chăm Sóc Da Mặt -> Làm Sạch Da -> Tẩy Trang Mặt,False
P_891,891,Combo 10 Mặt Nạ Sur.Medic+ Phục Hồi & Làm Dịu Da Cấp Tốc 28g,11,Mặt Nạ Giấy,2001,Mặt Nạ,Chăm Sóc Da Mặt,Mặt Nạ,Mặt Nạ Giấy,Sức Khỏe - Làm Đẹp -> Chăm Sóc Da Mặt -> Mặt Nạ -> Mặt Nạ Giấy,False
P_894,894,Combo 5 Mặt Nạ Đen Sexylook Tràm Trà Kiểm Soát Dầu Mụn 28ml,11,Mặt Nạ Giấy,2001,Mặt Nạ,Chăm Sóc Da Mặt,Mặt Nạ,Mặt Nạ Giấy,Sức Khỏe - Làm Đẹp -> Chăm Sóc Da Mặt -> Mặt Nạ -> Mặt Nạ Giấy,False
P_897,897,"Gel Giảm Mụn Cerave Mờ Thâm, Thu Nhỏ Lỗ Chân Lông 40ml",25,Hỗ Trợ Trị Mụn,2004,Đặc Trị,Chăm Sóc Da Mặt,Đặc Trị,Hỗ Trợ Trị Mụn,Sức Khỏe - Làm Đẹp -> Chăm Sóc Da Mặt -> Đặc Trị -> Hỗ Trợ Trị Mụn,True
P_899,899,Kem Dưỡng Ẩm Nivea Làm Mềm Da 200ml,7,Kem / Gel / Dầu Dưỡng,2003,Dưỡng Ẩm,Chăm Sóc Da Mặt,Dưỡng Ẩm,Kem / Gel / Dầu Dưỡng,Sức Khỏe - Làm Đẹp -> Chăm Sóc Da Mặt -> Dưỡng Ẩm -> Kem / Gel / Dầu Dưỡng,True
P_902,902,Combo 2 Nước Tẩy Trang La Roche-Posay Dành Cho Da Nhạy Cảm 400ml,2,Tẩy Trang Mặt,2002,Làm Sạch Da,Chăm Sóc Da Mặt,Làm Sạch Da,Tẩy Trang Mặt,Sức Khỏe - Làm Đẹp -> Chăm Sóc Da Mặt -> Làm Sạch Da -> Tẩy Trang Mặt,False
P_905,905,Combo 2 Nước Tẩy Trang Bioderma Cho Da Dầu & Hỗn Hợp 500ml,2,Tẩy Trang Mặt,2002,Làm Sạch Da,Chăm Sóc Da Mặt,Làm Sạch Da,Tẩy Trang Mặt,Sức Khỏe - Làm Đẹp -> Chăm Sóc Da Mặt -> Làm Sạch Da -> Tẩy Trang Mặt,False
P_906,906,Kem Chống Nắng Fixderma Dưỡng Ẩm Cho Da Mặt & Cơ Thể 75g,6,Chống Nắng Da Mặt,1001,Chăm Sóc Da Mặt,Chăm Sóc Da Mặt,Chống Nắng Da Mặt,Chống Nắng Da Mặt,Sức Khỏe - Làm Đẹp -> Chăm Sóc Da Mặt -> Chống Nắng Da Mặt,True
P_912,912,"[Mini] Serum Obagi Cấp Nước, Dưỡng Ẩm, Phục Hồi Da 5ml",9,Serum / Tinh Chất,2004,Đặc Trị,Chăm Sóc Da Mặt,Đặc Trị,Serum / Tinh Chất,Sức Khỏe - Làm Đẹp -> Chăm Sóc Da Mặt -> Đặc Trị -> Serum / Tinh Chất,True
P_916,916,Sữa Chống Nắng Curél Mặt & Toàn Thân Cho Da Khô Nhạy Cảm 60ml,6,Chống Nắng Da Mặt,1001,Chăm Sóc Da Mặt,Chăm Sóc Da Mặt,Chống Nắng Da Mặt,Chống Nắng Da Mặt,Sức Khỏe - Làm Đẹp -> Chăm Sóc Da Mặt -> Chống Nắng Da Mặt,True
P_917,917,Kem Dưỡng Mắt Kumargic Giảm Quầng Thâm & Bọng Mắt (Mới) 20g,38,Serum / Kem Dưỡng Mắt,2005,Dưỡng Mắt,Chăm Sóc Da Mặt,Dưỡng Mắt,Serum / Kem Dưỡng Mắt,Sức Khỏe - Làm Đẹp -> Chăm Sóc Da Mặt -> Dưỡng Mắt -> Serum / Kem Dưỡng Mắt,False
P_918,918,Sữa Dưỡng Ẩm CeraVe Cho Da Thường Đến Khô 236ml,37,Lotion / Sữa Dưỡng,2003,Dưỡng Ẩm,Chăm Sóc Da Mặt,Dưỡng Ẩm,Lotion / Sữa Dưỡng,Sức Khỏe - Làm Đẹp -> Chăm Sóc Da Mặt -> Dưỡng Ẩm -> Lotion / Sữa Dưỡng,False
P_919,919,Kem Chống Nắng Naris Cosmetics Dạng Gel Dưỡng Sáng Da 90g,6,Chống Nắng Da Mặt,1001,Chăm Sóc Da Mặt,Chăm Sóc Da Mặt,Chống Nắng Da Mặt,Chống Nắng Da Mặt,Sức Khỏe - Làm Đẹp -> Chăm Sóc Da Mặt -> Chống Nắng Da Mặt,True
P_922,922,Kem Chống Nắng Cell Fusion C Nâng Tông Cấp Ẩm 50ml,6,Chống Nắng Da Mặt,1001,Chăm Sóc Da Mặt,Chăm Sóc Da Mặt,Chống Nắng Da Mặt,Chống Nắng Da Mặt,Sức Khỏe - Làm Đẹp -> Chăm Sóc Da Mặt -> Chống Nắng Da Mặt,True
P_923,923,Nước Dưỡng Da Chinoshio Dokudami Chiết Xuất Lá Tía Tô 500ml,4,Toner / Nước Cân Bằng Da,2002,Làm Sạch Da,Chăm Sóc Da Mặt,Làm Sạch Da,Toner / Nước Cân Bằng Da,Sức Khỏe - Làm Đẹp -> Chăm Sóc Da Mặt -> Làm Sạch Da -> Toner / Nước Cân Bằng Da,False
P_924,924,Kem Dưỡng Ẩm Bioderma Cho Da Khô Nhạy Cảm 200ml,7,Kem / Gel / Dầu Dưỡng,2003,Dưỡng Ẩm,Chăm Sóc Da Mặt,Dưỡng Ẩm,Kem / Gel / Dầu Dưỡng,Sức Khỏe - Làm Đẹp -> Chăm Sóc Da Mặt -> Dưỡng Ẩm -> Kem / Gel / Dầu Dưỡng,True
P_925,925,Gel Dưỡng Ẩm Naturie Chiết Xuất Hạt Ý Dĩ 180g,7,Kem / Gel / Dầu Dưỡng,2003,Dưỡng Ẩm,Chăm Sóc Da Mặt,Dưỡng Ẩm,Kem / Gel / Dầu Dưỡng,Sức Khỏe - Làm Đẹp -> Chăm Sóc Da Mặt -> Dưỡng Ẩm -> Kem / Gel / Dầu Dưỡng,True
P_928,928,Lotion Hatomugi Dưỡng Ẩm Và Làm Sáng Da 500ml,37,Lotion / Sữa Dưỡng,2003,Dưỡng Ẩm,Chăm Sóc Da Mặt,Dưỡng Ẩm,Lotion / Sữa Dưỡng,Sức Khỏe - Làm Đẹp -> Chăm Sóc Da Mặt -> Dưỡng Ẩm -> Lotion / Sữa Dưỡng,False
P_929,929,Kem Dưỡng Eucerin Giúp Làm Giảm Dầu & Mụn 40ml,25,Hỗ Trợ Trị Mụn,2004,Đặc Trị,Chăm Sóc Da Mặt,Đặc Trị,Hỗ Trợ Trị Mụn,Sức Khỏe - Làm Đẹp -> Chăm Sóc Da Mặt -> Đặc Trị -> Hỗ Trợ Trị Mụn,True
P_931,931,Serum Naris Nature Dưỡng Sáng Da 30ml,9,Serum / Tinh Chất,2004,Đặc Trị,Chăm Sóc Da Mặt,Đặc Trị,Serum / Tinh Chất,Sức Khỏe - Làm Đẹp -> Chăm Sóc Da Mặt -> Đặc Trị -> Serum / Tinh Chất,True
P_933,933,Combo 10 Mặt Nạ Caryophy Phục Hồi Da Đa Năng 25g,11,Mặt Nạ Giấy,2001,Mặt Nạ,Chăm Sóc Da Mặt,Mặt Nạ,Mặt Nạ Giấy,Sức Khỏe - Làm Đẹp -> Chăm Sóc Da Mặt -> Mặt Nạ -> Mặt Nạ Giấy,False
P_934,934,"Serum Tia'm Căng Bóng, Trẻ Hoá Da 40ml",9,Serum / Tinh Chất,2004,Đặc Trị,Chăm Sóc Da Mặt,Đặc Trị,Serum / Tinh Chất,Sức Khỏe - Làm Đẹp -> Chăm Sóc Da Mặt -> Đặc Trị -> Serum / Tinh Chất,True
P_936,936,Combo 2 Gel Rửa Mặt La Roche-Posay Cho Da Dầu Nhạy Cảm 50ml,1,Sữa Rửa Mặt,2002,Làm Sạch Da,Chăm Sóc Da Mặt,Làm Sạch Da,Sữa Rửa Mặt,Sức Khỏe - Làm Đẹp -> Chăm Sóc Da Mặt -> Làm Sạch Da -> Sữa Rửa Mặt,True
P_939,939,Gel Dưỡng Ẩm Ban Đêm Paula’s Choice Cho Da Mềm Mịn 60ml,7,Kem / Gel / Dầu Dưỡng,2003,Dưỡng Ẩm,Chăm Sóc Da Mặt,Dưỡng Ẩm,Kem / Gel / Dầu Dưỡng,Sức Khỏe - Làm Đẹp -> Chăm Sóc Da Mặt -> Dưỡng Ẩm -> Kem / Gel / Dầu Dưỡng,True
P_940,940,Gel Rửa Mặt Garnier Sạch Thoáng Dịu Nhẹ Cho Da Dầu Mụn 120ml,1,Sữa Rửa Mặt,2002,Làm Sạch Da,Chăm Sóc Da Mặt,Làm Sạch Da,Sữa Rửa Mặt,Sức Khỏe - Làm Đẹp -> Chăm Sóc Da Mặt -> Làm Sạch Da -> Sữa Rửa Mặt,True
P_943,943,"Xịt Khoáng Vichy Làm Dịu, Củng Cố & Cấp Ẩm Cho Da 300ml",30,Xịt Khoáng,2003,Dưỡng Ẩm,Chăm Sóc Da Mặt,Dưỡng Ẩm,Xịt Khoáng,Sức Khỏe - Làm Đẹp -> Chăm Sóc Da Mặt -> Dưỡng Ẩm -> Xịt Khoáng,False
P_947,947,Tẩy Da Chết Môi Cocoon Từ Cà Phê Đắk Lắk 5g,73,Tẩy Tế Bào Chết Môi,2006,Dưỡng Môi,Chăm Sóc Da Mặt,Dưỡng Môi,Tẩy Tế Bào Chết Môi,Sức Khỏe - Làm Đẹp -> Chăm Sóc Da Mặt -> Dưỡng Môi -> Tẩy Tế Bào Chết Môi,False
P_949,949,Combo 10 Mặt Nạ Đen Sexylook Tràm Trà Kiểm Soát Dầu Và Mụn 28ml,11,Mặt Nạ Giấy,2001,Mặt Nạ,Chăm Sóc Da Mặt,Mặt Nạ,Mặt Nạ Giấy,Sức Khỏe - Làm Đẹp -> Chăm Sóc Da Mặt -> Mặt Nạ -> Mặt Nạ Giấy,False
P_955,955,"Serum GoodnDoc Dưỡng Ẩm, Mờ Nhăn & Giúp Da Tươi Sáng 30ml",9,Serum / Tinh Chất,2004,Đặc Trị,Chăm Sóc Da Mặt,Đặc Trị,Serum / Tinh Chất,Sức Khỏe - Làm Đẹp -> Chăm Sóc Da Mặt -> Đặc Trị -> Serum / Tinh Chất,True
P_957,957,"Serum Bioderma Sáng Mịn, Mờ Thâm Cho Da Dầu Mụn 30ml",9,Serum / Tinh Chất,2004,Đặc Trị,Chăm Sóc Da Mặt,Đặc Trị,Serum / Tinh Chất,Sức Khỏe - Làm Đẹp -> Chăm Sóc Da Mặt -> Đặc Trị -> Serum / Tinh Chất,True
P_959,959,Combo 5 Mặt Nạ Thạch Luvum Quả Yuja Sáng Da Mờ Thâm 33g,11,Mặt Nạ Giấy,2001,Mặt Nạ,Chăm Sóc Da Mặt,Mặt Nạ,Mặt Nạ Giấy,Sức Khỏe - Làm Đẹp -> Chăm Sóc Da Mặt -> Mặt Nạ -> Mặt Nạ Giấy,False
P_960,960,"Nước Tẩy Trang JMsolution Làm Sạch, Bổ Sung Độ Ẩm 850ml",2,Tẩy Trang Mặt,2002,Làm Sạch Da,Chăm Sóc Da Mặt,Làm Sạch Da,Tẩy Trang Mặt,Sức Khỏe - Làm Đẹp -> Chăm Sóc Da Mặt -> Làm Sạch Da -> Tẩy Trang Mặt,False
P_962,962,Nước Tẩy Trang Swiss Image Cho Da Hỗn Hợp & Da Dầu 400ml,2,Tẩy Trang Mặt,2002,Làm Sạch Da,Chăm Sóc Da Mặt,Làm Sạch Da,Tẩy Trang Mặt,Sức Khỏe - Làm Đẹp -> Chăm Sóc Da Mặt -> Làm Sạch Da -> Tẩy Trang Mặt,False
P_964,964,Kem Giảm Mụn La Roche-Posay Dành Cho Mụn Sưng Đỏ 15ml,25,Hỗ Trợ Trị Mụn,2004,Đặc Trị,Chăm Sóc Da Mặt,Đặc Trị,Hỗ Trợ Trị Mụn,Sức Khỏe - Làm Đẹp -> Chăm Sóc Da Mặt -> Đặc Trị -> Hỗ Trợ Trị Mụn,True
P_965,965,"Serum Klairs Phục Hồi, Ngừa Lão Hoá Da Ban Đêm 20ml",9,Serum / Tinh Chất,2004,Đặc Trị,Chăm Sóc Da Mặt,Đặc Trị,Serum / Tinh Chất,Sức Khỏe - Làm Đẹp -> Chăm Sóc Da Mặt -> Đặc Trị -> Serum / Tinh Chất,True
P_967,967,"Nước Tẩy Trang Senka Ngừa Mụn, Kiểm Soát Nhờn 230ml",2,Tẩy Trang Mặt,2002,Làm Sạch Da,Chăm Sóc Da Mặt,Làm Sạch Da,Tẩy Trang Mặt,Sức Khỏe - Làm Đẹp -> Chăm Sóc Da Mặt -> Làm Sạch Da -> Tẩy Trang Mặt,False
P_975,975,Sữa Rửa Mặt Cetaphil Dịu Lành Cho Da Nhạy Cảm 59ml,1,Sữa Rửa Mặt,2002,Làm Sạch Da,Chăm Sóc Da Mặt,Làm Sạch Da,Sữa Rửa Mặt,Sức Khỏe - Làm Đẹp -> Chăm Sóc Da Mặt -> Làm Sạch Da -> Sữa Rửa Mặt,True
P_978,978,Nước Tẩy Trang La Roche-Posay Dành Cho Da Nhạy Cảm 200ml,2,Tẩy Trang Mặt,2002,Làm Sạch Da,Chăm Sóc Da Mặt,Làm Sạch Da,Tẩy Trang Mặt,Sức Khỏe - Làm Đẹp -> Chăm Sóc Da Mặt -> Làm Sạch Da -> Tẩy Trang Mặt,False
P_983,983,Combo 2 Xịt Khoáng Cocoon Nghệ Hưng Yên Sáng Da 130ml,30,Xịt Khoáng,2003,Dưỡng Ẩm,Chăm Sóc Da Mặt,Dưỡng Ẩm,Xịt Khoáng,Sức Khỏe - Làm Đẹp -> Chăm Sóc Da Mặt -> Dưỡng Ẩm -> Xịt Khoáng,False
P_984,984,Mặt Nạ Sur.Medic+ Phục Hồi & Làm Dịu Da Cấp Tốc 28g,11,Mặt Nạ Giấy,2001,Mặt Nạ,Chăm Sóc Da Mặt,Mặt Nạ,Mặt Nạ Giấy,Sức Khỏe - Làm Đẹp -> Chăm Sóc Da Mặt -> Mặt Nạ -> Mặt Nạ Giấy,False
P_989,989,Kem Dưỡng A-Derma Làm Dịu & Phục Hồi Da Kích Ứng 50ml,7,Kem / Gel / Dầu Dưỡng,2003,Dưỡng Ẩm,Chăm Sóc Da Mặt,Dưỡng Ẩm,Kem / Gel / Dầu Dưỡng,Sức Khỏe - Làm Đẹp -> Chăm Sóc Da Mặt -> Dưỡng Ẩm -> Kem / Gel / Dầu Dưỡng,True
P_990,990,"Mặt Nạ Banobagi Dưỡng Sáng Da, Mờ Thâm Nám 30g (Cam)",11,Mặt Nạ Giấy,2001,Mặt Nạ,Chăm Sóc Da Mặt,Mặt Nạ,Mặt Nạ Giấy,Sức Khỏe - Làm Đẹp -> Chăm Sóc Da Mặt -> Mặt Nạ -> Mặt Nạ Giấy,False
P_992,992,Combo 2 Nước Xịt Khoáng Bio-essence Dưỡng Da Ẩm Mượt Mịn Màng 300ml,30,Xịt Khoáng,2003,Dưỡng Ẩm,Chăm Sóc Da Mặt,Dưỡng Ẩm,Xịt Khoáng,Sức Khỏe - Làm Đẹp -> Chăm Sóc Da Mặt -> Dưỡng Ẩm -> Xịt Khoáng,False
P_995,995,"Kem Dưỡng Vichy Hỗ Trợ Mờ Thâm Nám, Sáng Khỏe Da 50ml",7,Kem / Gel / Dầu Dưỡng,2003,Dưỡng Ẩm,Chăm Sóc Da Mặt,Dưỡng Ẩm,Kem / Gel / Dầu Dưỡng,Sức Khỏe - Làm Đẹp -> Chăm Sóc Da Mặt -> Dưỡng Ẩm -> Kem / Gel / Dầu Dưỡng,True
P_996,996,Combo 10 Mặt Nạ Wonjin Siêu Tinh Chất Cấp Ẩm 27g,11,Mặt Nạ Giấy,2001,Mặt Nạ,Chăm Sóc Da Mặt,Mặt Nạ,Mặt Nạ Giấy,Sức Khỏe - Làm Đẹp -> Chăm Sóc Da Mặt -> Mặt Nạ -> Mặt Nạ Giấy,False
P_997,997,Mặt Nạ Ngủ Laneige Dưỡng Ẩm & Tăng Khả Năng Tự Vệ Da 70ml,53,Mặt Nạ Ngủ,2001,Mặt Nạ,Chăm Sóc Da Mặt,Mặt Nạ,Mặt Nạ Ngủ,Sức Khỏe - Làm Đẹp -> Chăm Sóc Da Mặt -> Mặt Nạ -> Mặt Nạ Ngủ,False
P_998,998,"Sữa Chống Nắng Elixir Nâng Tông, Ngừa Lão Hóa 35g",6,Chống Nắng Da Mặt,1001,Chăm Sóc Da Mặt,Chăm Sóc Da Mặt,Chống Nắng Da Mặt,Chống Nắng Da Mặt,Sức Khỏe - Làm Đẹp -> Chăm Sóc Da Mặt -> Chống Nắng Da Mặt,True
P_999,999,Combo 5 Mặt Nạ Sinh Học Emmié Cấp Ẩm Sâu & Dưỡng Sáng Da 25g,11,Mặt Nạ Giấy,2001,Mặt Nạ,Chăm Sóc Da Mặt,Mặt Nạ,Mặt Nạ Giấy,Sức Khỏe - Làm Đẹp -> Chăm Sóc Da Mặt -> Mặt Nạ -> Mặt Nạ Giấy,False
P_1000,1000,Gel Rửa Mặt Eucerin Cho Da Nhờn Mụn 75ml,1,Sữa Rửa Mặt,2002,Làm Sạch Da,Chăm Sóc Da Mặt,Làm Sạch Da,Sữa Rửa Mặt,Sức Khỏe - Làm Đẹp -> Chăm Sóc Da Mặt -> Làm Sạch Da -> Sữa Rửa Mặt,True
P_1001,1001,Combo 2 Miếng Dán Mụn Derma Angel Dùng Cho Ngày & Đêm 18 Miếng,25,Hỗ Trợ Trị Mụn,2004,Đặc Trị,Chăm Sóc Da Mặt,Đặc Trị,Hỗ Trợ Trị Mụn,Sức Khỏe - Làm Đẹp -> Chăm Sóc Da Mặt -> Đặc Trị -> Hỗ Trợ Trị Mụn,True
P_1002,1002,Mặt Nạ Sur.Medic+ Cấp Nước & Cấp Ẩm Chuyên Sâu 30g,11,Mặt Nạ Giấy,2001,Mặt Nạ,Chăm Sóc Da Mặt,Mặt Nạ,Mặt Nạ Giấy,Sức Khỏe - Làm Đẹp -> Chăm Sóc Da Mặt -> Mặt Nạ -> Mặt Nạ Giấy,False
P_1003,1003,"Xịt Khoáng Avène Cấp Nước, Làm Dịu & Giảm Kích Ứng 50ml",30,Xịt Khoáng,2003,Dưỡng Ẩm,Chăm Sóc Da Mặt,Dưỡng Ẩm,Xịt Khoáng,Sức Khỏe - Làm Đẹp -> Chăm Sóc Da Mặt -> Dưỡng Ẩm -> Xịt Khoáng,False
P_1004,1004,Gel Rửa Mặt Cocoon Bí Đao Giúp Giảm Dầu & Mụn 140ml,1,Sữa Rửa Mặt,2002,Làm Sạch Da,Chăm Sóc Da Mặt,Làm Sạch Da,Sữa Rửa Mặt,Sức Khỏe - Làm Đẹp -> Chăm Sóc Da Mặt -> Làm Sạch Da -> Sữa Rửa Mặt,True
P_1005,1005,Combo 2 Serum d'Alba Dạng Xịt Nấm Truffle Trắng Căng Bóng Da 100ml,9,Serum / Tinh Chất,2004,Đặc Trị,Chăm Sóc Da Mặt,Đặc Trị,Serum / Tinh Chất,Sức Khỏe - Làm Đẹp -> Chăm Sóc Da Mặt -> Đặc Trị -> Serum / Tinh Chất,True
P_1009,1009,"Gel Dưỡng Ẩm Hada Labo Ngừa Mụn, Làm Dịu Da 50g",7,Kem / Gel / Dầu Dưỡng,2003,Dưỡng Ẩm,Chăm Sóc Da Mặt,Dưỡng Ẩm,Kem / Gel / Dầu Dưỡng,Sức Khỏe - Làm Đẹp -> Chăm Sóc Da Mặt -> Dưỡng Ẩm -> Kem / Gel / Dầu Dưỡng,True
P_1017,1017,"Toner SVR Sebiaclear Dành Cho Da Dầu, Mụn 150ml",4,Toner / Nước Cân Bằng Da,2002,Làm Sạch Da,Chăm Sóc Da Mặt,Làm Sạch Da,Toner / Nước Cân Bằng Da,Sức Khỏe - Làm Đẹp -> Chăm Sóc Da Mặt -> Làm Sạch Da -> Toner / Nước Cân Bằng Da,False
P_1018,1018,Combo Angel's Liquid Serum 30ml + Kem Dưỡng 50ml Mờ Thâm Nám,3,Bộ Chăm Sóc Da Mặt,1001,Chăm Sóc Da Mặt,Chăm Sóc Da Mặt,Bộ Chăm Sóc Da Mặt,Bộ Chăm Sóc Da Mặt,Sức Khỏe - Làm Đẹp -> Chăm Sóc Da Mặt -> Bộ Chăm Sóc Da Mặt,False
P_1019,1019,Mặt Nạ Wonjin Phục Hồi Cấp Tốc 30ml,11,Mặt Nạ Giấy,2001,Mặt Nạ,Chăm Sóc Da Mặt,Mặt Nạ,Mặt Nạ Giấy,Sức Khỏe - Làm Đẹp -> Chăm Sóc Da Mặt -> Mặt Nạ -> Mặt Nạ Giấy,False
P_1021,1021,Sữa Rửa Mặt Curél Dạng Bọt Dành Cho Da Dầu 150ml,1,Sữa Rửa Mặt,2002,Làm Sạch Da,Chăm Sóc Da Mặt,Làm Sạch Da,Sữa Rửa Mặt,Sức Khỏe - Làm Đẹp -> Chăm Sóc Da Mặt -> Làm Sạch Da -> Sữa Rửa Mặt,True
P_1023,1023,"Serum Olay Retinol24 Ngừa Lão Hóa, Tái Tạo Da Ban Đêm 30ml",9,Serum / Tinh Chất,2004,Đặc Trị,Chăm Sóc Da Mặt,Đặc Trị,Serum / Tinh Chất,Sức Khỏe - Làm Đẹp -> Chăm Sóc Da Mặt -> Đặc Trị -> Serum / Tinh Chất,True
P_1024,1024,Nước Tẩy Trang Swiss Image 3 Trong 1 Sạch Sâu 400ml,2,Tẩy Trang Mặt,2002,Làm Sạch Da,Chăm Sóc Da Mặt,Làm Sạch Da,Tẩy Trang Mặt,Sức Khỏe - Làm Đẹp -> Chăm Sóc Da Mặt -> Làm Sạch Da -> Tẩy Trang Mặt,False
P_1025,1025,[Mini] Combo 3 Mặt Nạ Ngủ Môi Laneige Hương Quả Mọng 3g,29,Mặt Nạ Môi,2006,Dưỡng Môi,Chăm Sóc Da Mặt,Dưỡng Môi,Mặt Nạ Môi,Sức Khỏe - Làm Đẹp -> Chăm Sóc Da Mặt -> Dưỡng Môi -> Mặt Nạ Môi,False
P_1026,1026,Combo 5 Mặt Nạ BNBG Vitamin B Phục Hồi Da 30ml (Mới),11,Mặt Nạ Giấy,2001,Mặt Nạ,Chăm Sóc Da Mặt,Mặt Nạ,Mặt Nạ Giấy,Sức Khỏe - Làm Đẹp -> Chăm Sóc Da Mặt -> Mặt Nạ -> Mặt Nạ Giấy,False
P_1027,1027,Mặt Nạ Ngủ Môi Care:Nel Chiết Xuất Quả Lựu 23g,29,Mặt Nạ Môi,2006,Dưỡng Môi,Chăm Sóc Da Mặt,Dưỡng Môi,Mặt Nạ Môi,Sức Khỏe - Làm Đẹp -> Chăm Sóc Da Mặt -> Dưỡng Môi -> Mặt Nạ Môi,False
P_1029,1029,"Toner Pad Torriden Làm Mát Dịu Cho Da Mụn, Nhạy Cảm 60 Miếng",4,Toner / Nước Cân Bằng Da,2002,Làm Sạch Da,Chăm Sóc Da Mặt,Làm Sạch Da,Toner / Nước Cân Bằng Da,Sức Khỏe - Làm Đẹp -> Chăm Sóc Da Mặt -> Làm Sạch Da -> Toner / Nước Cân Bằng Da,False
P_1031,1031,BB Chống Nắng Trang Điểm d program Tông Sáng 30ml,6,Chống Nắng Da Mặt,1001,Chăm Sóc Da Mặt,Chăm Sóc Da Mặt,Chống Nắng Da Mặt,Chống Nắng Da Mặt,Sức Khỏe - Làm Đẹp -> Chăm Sóc Da Mặt -> Chống Nắng Da Mặt,True
P_1035,1035,"Nước Tẩy Trang JMsolution Làm Sạch, Bổ Sung Độ Ẩm 500ml",2,Tẩy Trang Mặt,2002,Làm Sạch Da,Chăm Sóc Da Mặt,Làm Sạch Da,Tẩy Trang Mặt,Sức Khỏe - Làm Đẹp -> Chăm Sóc Da Mặt -> Làm Sạch Da -> Tẩy Trang Mặt,False
P_1039,1039,"Kem Dưỡng Avène Hỗ Trợ Làm Lành Da, Ngừa Nhiễm Khuẩn 15ml",7,Kem / Gel / Dầu Dưỡng,2003,Dưỡng Ẩm,Chăm Sóc Da Mặt,Dưỡng Ẩm,Kem / Gel / Dầu Dưỡng,Sức Khỏe - Làm Đẹp -> Chăm Sóc Da Mặt -> Dưỡng Ẩm -> Kem / Gel / Dầu Dưỡng,True
P_1043,1043,Kem Chống Nắng d'Alba Vật Lý Dịu Nhẹ Cho Da Nhạy Cảm 50ml,6,Chống Nắng Da Mặt,1001,Chăm Sóc Da Mặt,Chăm Sóc Da Mặt,Chống Nắng Da Mặt,Chống Nắng Da Mặt,Sức Khỏe - Làm Đẹp -> Chăm Sóc Da Mặt -> Chống Nắng Da Mặt,True
P_1047,1047,Lotion Meishoku Bigansui Ngăn Ngừa Mụn 90ml,4,Toner / Nước Cân Bằng Da,2002,Làm Sạch Da,Chăm Sóc Da Mặt,Làm Sạch Da,Toner / Nước Cân Bằng Da,Sức Khỏe - Làm Đẹp -> Chăm Sóc Da Mặt -> Làm Sạch Da -> Toner / Nước Cân Bằng Da,False
P_1048,1048,Kem Chống Nắng Dermablock Phổ Rộng Nâng Tông Sáng Hồng 35ml,6,Chống Nắng Da Mặt,1001,Chăm Sóc Da Mặt,Chăm Sóc Da Mặt,Chống Nắng Da Mặt,Chống Nắng Da Mặt,Sức Khỏe - Làm Đẹp -> Chăm Sóc Da Mặt -> Chống Nắng Da Mặt,True
P_1049,1049,"Kem Dưỡng B.O.M Sáng Da, Hỗ Trợ Mờ Nếp Nhăn 50g",7,Kem / Gel / Dầu Dưỡng,2003,Dưỡng Ẩm,Chăm Sóc Da Mặt,Dưỡng Ẩm,Kem / Gel / Dầu Dưỡng,Sức Khỏe - Làm Đẹp -> Chăm Sóc Da Mặt -> Dưỡng Ẩm -> Kem / Gel / Dầu Dưỡng,True
P_1050,1050,Son Dưỡng Naris Ngừa Nhăn Và Khô Môi Dạng Hũ 10g,18,Son Dưỡng Môi,2006,Dưỡng Môi,Chăm Sóc Da Mặt,Dưỡng Môi,Son Dưỡng Môi,Sức Khỏe - Làm Đẹp -> Chăm Sóc Da Mặt -> Dưỡng Môi -> Son Dưỡng Môi,False
P_1051,1051,Mặt Nạ BNBG Vitamin A Hỗ Trợ Nâng Cơ 30ml (Mới),11,Mặt Nạ Giấy,2001,Mặt Nạ,Chăm Sóc Da Mặt,Mặt Nạ,Mặt Nạ Giấy,Sức Khỏe - Làm Đẹp -> Chăm Sóc Da Mặt -> Mặt Nạ -> Mặt Nạ Giấy,False
P_1053,1053,Mặt Nạ Wonjin Siêu Tinh Chất Cấp Ẩm 27g,11,Mặt Nạ Giấy,2001,Mặt Nạ,Chăm Sóc Da Mặt,Mặt Nạ,Mặt Nạ Giấy,Sức Khỏe - Làm Đẹp -> Chăm Sóc Da Mặt -> Mặt Nạ -> Mặt Nạ Giấy,False
P_1055,1055,Kem Dưỡng Naris Cosmetics Collagen Ngừa Lão Hóa Da 48g,7,Kem / Gel / Dầu Dưỡng,2003,Dưỡng Ẩm,Chăm Sóc Da Mặt,Dưỡng Ẩm,Kem / Gel / Dầu Dưỡng,Sức Khỏe - Làm Đẹp -> Chăm Sóc Da Mặt -> Dưỡng Ẩm -> Kem / Gel / Dầu Dưỡng,True
P_1057,1057,Combo 2 Sữa Rửa Mặt Senka Tạo Bọt Chiết Xuất Tơ Tằm Trắng 120g,1,Sữa Rửa Mặt,2002,Làm Sạch Da,Chăm Sóc Da Mặt,Làm Sạch Da,Sữa Rửa Mặt,Sức Khỏe - Làm Đẹp -> Chăm Sóc Da Mặt -> Làm Sạch Da -> Sữa Rửa Mặt,True
P_1059,1059,Nước Tẩy Trang SVR Micellar Giúp Loại Bỏ Dầu Cho Da 400ml,2,Tẩy Trang Mặt,2002,Làm Sạch Da,Chăm Sóc Da Mặt,Làm Sạch Da,Tẩy Trang Mặt,Sức Khỏe - Làm Đẹp -> Chăm Sóc Da Mặt -> Làm Sạch Da -> Tẩy Trang Mặt,False
P_1061,1061,Nước Hoa Hồng Swiss Image Cho Da Hỗn Hợp Và Da Dầu 200ml,4,Toner / Nước Cân Bằng Da,2002,Làm Sạch Da,Chăm Sóc Da Mặt,Làm Sạch Da,Toner / Nước Cân Bằng Da,Sức Khỏe - Làm Đẹp -> Chăm Sóc Da Mặt -> Làm Sạch Da -> Toner / Nước Cân Bằng Da,False
P_1062,1062,Xịt Khoáng La Roche-Posay Làm Sạch & Dịu Da Dầu Mụn 150ml,30,Xịt Khoáng,2003,Dưỡng Ẩm,Chăm Sóc Da Mặt,Dưỡng Ẩm,Xịt Khoáng,Sức Khỏe - Làm Đẹp -> Chăm Sóc Da Mặt -> Dưỡng Ẩm -> Xịt Khoáng,False
P_1063,1063,Combo 3 Mặt Nạ BNBG Vitamin B Phục Hồi Da 30ml (Mới),11,Mặt Nạ Giấy,2001,Mặt Nạ,Chăm Sóc Da Mặt,Mặt Nạ,Mặt Nạ Giấy,Sức Khỏe - Làm Đẹp -> Chăm Sóc Da Mặt -> Mặt Nạ -> Mặt Nạ Giấy,False
P_1064,1064,"Combo Olay Serum Sức Mạnh Từ 5 Dưỡng Chất 30ml + Kem Dưỡng Mờ Vết Thâm, Đốm Nâu 50g",3,Bộ Chăm Sóc Da Mặt,1001,Chăm Sóc Da Mặt,Chăm Sóc Da Mặt,Bộ Chăm Sóc Da Mặt,Bộ Chăm Sóc Da Mặt,Sức Khỏe - Làm Đẹp -> Chăm Sóc Da Mặt -> Bộ Chăm Sóc Da Mặt,False
P_1066,1066,Mặt Nạ Banobagi Dưỡng Sáng Và Nâng Tông Da 30g (Vàng),11,Mặt Nạ Giấy,2001,Mặt Nạ,Chăm Sóc Da Mặt,Mặt Nạ,Mặt Nạ Giấy,Sức Khỏe - Làm Đẹp -> Chăm Sóc Da Mặt -> Mặt Nạ -> Mặt Nạ Giấy,False
P_1067,1067,Gel Dưỡng Da Curél Dành Cho Da Dầu 120ml,7,Kem / Gel / Dầu Dưỡng,2003,Dưỡng Ẩm,Chăm Sóc Da Mặt,Dưỡng Ẩm,Kem / Gel / Dầu Dưỡng,Sức Khỏe - Làm Đẹp -> Chăm Sóc Da Mặt -> Dưỡng Ẩm -> Kem / Gel / Dầu Dưỡng,True
P_1069,1069,Kem Dưỡng Olay Regenerist Ngừa Lão Hóa Da Ban Ngày 50g,7,Kem / Gel / Dầu Dưỡng,2003,Dưỡng Ẩm,Chăm Sóc Da Mặt,Dưỡng Ẩm,Kem / Gel / Dầu Dưỡng,Sức Khỏe - Làm Đẹp -> Chăm Sóc Da Mặt -> Dưỡng Ẩm -> Kem / Gel / Dầu Dưỡng,True
P_1070,1070,Serum Hada Labo Dưỡng Sáng Da Tối Ưu 30ml,9,Serum / Tinh Chất,2004,Đặc Trị,Chăm Sóc Da Mặt,Đặc Trị,Serum / Tinh Chất,Sức Khỏe - Làm Đẹp -> Chăm Sóc Da Mặt -> Đặc Trị -> Serum / Tinh Chất,True
P_1071,1071,"Combo 20 Mặt Nạ Sinh Học Emmié Phục Hồi, Dịu Da 25g",11,Mặt Nạ Giấy,2001,Mặt Nạ,Chăm Sóc Da Mặt,Mặt Nạ,Mặt Nạ Giấy,Sức Khỏe - Làm Đẹp -> Chăm Sóc Da Mặt -> Mặt Nạ -> Mặt Nạ Giấy,False
P_1075,1075,Mặt Nạ Wonjin Siêu Tinh Chất Phục Hồi 27g,11,Mặt Nạ Giấy,2001,Mặt Nạ,Chăm Sóc Da Mặt,Mặt Nạ,Mặt Nạ Giấy,Sức Khỏe - Làm Đẹp -> Chăm Sóc Da Mặt -> Mặt Nạ -> Mặt Nạ Giấy,False
P_1077,1077,Serum CeraVe Retinol Hỗ Trợ Mờ Thâm Mụn 30ml,9,Serum / Tinh Chất,2004,Đặc Trị,Chăm Sóc Da Mặt,Đặc Trị,Serum / Tinh Chất,Sức Khỏe - Làm Đẹp -> Chăm Sóc Da Mặt -> Đặc Trị -> Serum / Tinh Chất,True
P_1078,1078,Gel Rửa Mặt Bioderma Làm Sạch Sâu Và Giảm Mụn 200ml,1,Sữa Rửa Mặt,2002,Làm Sạch Da,Chăm Sóc Da Mặt,Làm Sạch Da,Sữa Rửa Mặt,Sức Khỏe - Làm Đẹp -> Chăm Sóc Da Mặt -> Làm Sạch Da -> Sữa Rửa Mặt,True
P_1079,1079,"Serum Garnier Giảm Mụn Mờ Thâm Cho Da Dầu, Mụn 15ml",9,Serum / Tinh Chất,2004,Đặc Trị,Chăm Sóc Da Mặt,Đặc Trị,Serum / Tinh Chất,Sức Khỏe - Làm Đẹp -> Chăm Sóc Da Mặt -> Đặc Trị -> Serum / Tinh Chất,True
P_1080,1080,Combo 10 Mặt Nạ Foodaholic Retinol Giảm Mụn 23ml,11,Mặt Nạ Giấy,2001,Mặt Nạ,Chăm Sóc Da Mặt,Mặt Nạ,Mặt Nạ Giấy,Sức Khỏe - Làm Đẹp -> Chăm Sóc Da Mặt -> Mặt Nạ -> Mặt Nạ Giấy,False
P_1085,1085,"Toner Torriden Dưỡng Ẩm, Sáng Bóng Da 300ml",4,Toner / Nước Cân Bằng Da,2002,Làm Sạch Da,Chăm Sóc Da Mặt,Làm Sạch Da,Toner / Nước Cân Bằng Da,Sức Khỏe - Làm Đẹp -> Chăm Sóc Da Mặt -> Làm Sạch Da -> Toner / Nước Cân Bằng Da,False
P_1086,1086,Nước Tẩy Trang Bioderma Dành Cho Da Nhạy Cảm 250ml,2,Tẩy Trang Mặt,2002,Làm Sạch Da,Chăm Sóc Da Mặt,Làm Sạch Da,Tẩy Trang Mặt,Sức Khỏe - Làm Đẹp -> Chăm Sóc Da Mặt -> Làm Sạch Da -> Tẩy Trang Mặt,False
P_1087,1087,Sữa Rửa Mặt Some By Mi Làm Sạch Sâu Cho Da Dầu Mụn 100ml,1,Sữa Rửa Mặt,2002,Làm Sạch Da,Chăm Sóc Da Mặt,Làm Sạch Da,Sữa Rửa Mặt,Sức Khỏe - Làm Đẹp -> Chăm Sóc Da Mặt -> Làm Sạch Da -> Sữa Rửa Mặt,True
P_1088,1088,"Kem Dưỡng Swiss Image Sáng Da, Giảm Thâm Nám Ban Đêm 50ml",7,Kem / Gel / Dầu Dưỡng,2003,Dưỡng Ẩm,Chăm Sóc Da Mặt,Dưỡng Ẩm,Kem / Gel / Dầu Dưỡng,Sức Khỏe - Làm Đẹp -> Chăm Sóc Da Mặt -> Dưỡng Ẩm -> Kem / Gel / Dầu Dưỡng,True
P_1089,1089,Kem Dưỡng Angel's Liquid Làm Mờ Nám Chuyên Sâu 50ml,7,Kem / Gel / Dầu Dưỡng,2003,Dưỡng Ẩm,Chăm Sóc Da Mặt,Dưỡng Ẩm,Kem / Gel / Dầu Dưỡng,Sức Khỏe - Làm Đẹp -> Chăm Sóc Da Mặt -> Dưỡng Ẩm -> Kem / Gel / Dầu Dưỡng,True
P_1090,1090,Gel Rửa Mặt Compliment Tràm Trà Kháng Khuẩn Giảm Viêm 200ml,1,Sữa Rửa Mặt,2002,Làm Sạch Da,Chăm Sóc Da Mặt,Làm Sạch Da,Sữa Rửa Mặt,Sức Khỏe - Làm Đẹp -> Chăm Sóc Da Mặt -> Làm Sạch Da -> Sữa Rửa Mặt,True
P_1092,1092,"Serum DrCeutics 10% B5 Cấp Ẩm Hỗ Trợ Làm Dịu, Phục Hồi 30g",9,Serum / Tinh Chất,2004,Đặc Trị,Chăm Sóc Da Mặt,Đặc Trị,Serum / Tinh Chất,Sức Khỏe - Làm Đẹp -> Chăm Sóc Da Mặt -> Đặc Trị -> Serum / Tinh Chất,True
P_1093,1093,Miếng Dán Mụn Derma Angel Salicylic Acid Ban Ngày 12 Miếng,25,Hỗ Trợ Trị Mụn,2004,Đặc Trị,Chăm Sóc Da Mặt,Đặc Trị,Hỗ Trợ Trị Mụn,Sức Khỏe - Làm Đẹp -> Chăm Sóc Da Mặt -> Đặc Trị -> Hỗ Trợ Trị Mụn,True
P_1094,1094,Mặt Nạ Banobagi Dưỡng Sáng Cấp Nước (Xanh Dương Đậm) 30g,11,Mặt Nạ Giấy,2001,Mặt Nạ,Chăm Sóc Da Mặt,Mặt Nạ,Mặt Nạ Giấy,Sức Khỏe - Làm Đẹp -> Chăm Sóc Da Mặt -> Mặt Nạ -> Mặt Nạ Giấy,False
P_1098,1098,Kem Dưỡng Eucerin Dành Cho Da Lão Hoá Ban Đêm 50ml,7,Kem / Gel / Dầu Dưỡng,2003,Dưỡng Ẩm,Chăm Sóc Da Mặt,Dưỡng Ẩm,Kem / Gel / Dầu Dưỡng,Sức Khỏe - Làm Đẹp -> Chăm Sóc Da Mặt -> Dưỡng Ẩm -> Kem / Gel / Dầu Dưỡng,True
P_1101,1101,Combo d'Alba Serum Dạng Xịt Căng Bóng & Kem Chống Nắng Nâng Tông Sáng Hồng 100ml+50ml,3,Bộ Chăm Sóc Da Mặt,1001,Chăm Sóc Da Mặt,Chăm Sóc Da Mặt,Bộ Chăm Sóc Da Mặt,Bộ Chăm Sóc Da Mặt,Sức Khỏe - Làm Đẹp -> Chăm Sóc Da Mặt -> Bộ Chăm Sóc Da Mặt,False
P_1102,1102,"Toner L'Oreal Tái Tạo Da, Dưỡng Sáng Và Căng Mịn 128ml",4,Toner / Nước Cân Bằng Da,2002,Làm Sạch Da,Chăm Sóc Da Mặt,Làm Sạch Da,Toner / Nước Cân Bằng Da,Sức Khỏe - Làm Đẹp -> Chăm Sóc Da Mặt -> Làm Sạch Da -> Toner / Nước Cân Bằng Da,False
P_1104,1104,Miếng Dán Mụn Acnes Giúp Giảm Mụn Sưng Viêm 24 Miếng,25,Hỗ Trợ Trị Mụn,2004,Đặc Trị,Chăm Sóc Da Mặt,Đặc Trị,Hỗ Trợ Trị Mụn,Sức Khỏe - Làm Đẹp -> Chăm Sóc Da Mặt -> Đặc Trị -> Hỗ Trợ Trị Mụn,True
P_1106,1106,Sữa Rửa Mặt St.Ives Tẩy Tế Bào Chết Trái Mơ Ngừa Mụn 170g,1,Sữa Rửa Mặt,2002,Làm Sạch Da,Chăm Sóc Da Mặt,Làm Sạch Da,Sữa Rửa Mặt,Sức Khỏe - Làm Đẹp -> Chăm Sóc Da Mặt -> Làm Sạch Da -> Sữa Rửa Mặt,True
P_1107,1107,"Bột Đậu Đỏ Milaganics Ngừa Mụn, Dưỡng Sáng Da 100g (Túi)",19,Mặt Nạ Rửa,2001,Mặt Nạ,Chăm Sóc Da Mặt,Mặt Nạ,Mặt Nạ Rửa,Sức Khỏe - Làm Đẹp -> Chăm Sóc Da Mặt -> Mặt Nạ -> Mặt Nạ Rửa,False
P_1108,1108,Gel Dưỡng Mắt Naris Cosmetics Ngừa Thâm & Nếp Nhăn 20g,38,Serum / Kem Dưỡng Mắt,2005,Dưỡng Mắt,Chăm Sóc Da Mặt,Dưỡng Mắt,Serum / Kem Dưỡng Mắt,Sức Khỏe - Làm Đẹp -> Chăm Sóc Da Mặt -> Dưỡng Mắt -> Serum / Kem Dưỡng Mắt,False
P_1110,1110,Serum Some By Mi AHA-BHA-PHA Cho Da Mụn 50ml,9,Serum / Tinh Chất,2004,Đặc Trị,Chăm Sóc Da Mặt,Đặc Trị,Serum / Tinh Chất,Sức Khỏe - Làm Đẹp -> Chăm Sóc Da Mặt -> Đặc Trị -> Serum / Tinh Chất,True
P_1111,1111,Kem Dưỡng Mắt Eucerin Giúp Giảm Nếp Nhăn 15ml,38,Serum / Kem Dưỡng Mắt,2005,Dưỡng Mắt,Chăm Sóc Da Mặt,Dưỡng Mắt,Serum / Kem Dưỡng Mắt,Sức Khỏe - Làm Đẹp -> Chăm Sóc Da Mặt -> Dưỡng Mắt -> Serum / Kem Dưỡng Mắt,False
P_1112,1112,"[Mua 1 Tặng 3 Quà] Combo 3 Hộp Mặt Nạ Colorkey B5 Dưỡng Ẩm Sáng Da, Căng Bóng, Hỗ Trợ Giảm Dầu Mụn 10 Miếng/Hộp",11,Mặt Nạ Giấy,2001,Mặt Nạ,Chăm Sóc Da Mặt,Mặt Nạ,Mặt Nạ Giấy,Sức Khỏe - Làm Đẹp -> Chăm Sóc Da Mặt -> Mặt Nạ -> Mặt Nạ Giấy,False
P_1113,1113,"Kem Dưỡng Forencos Peptide Sáng Da, Giảm Nhăn Ban Đêm 15g",7,Kem / Gel / Dầu Dưỡng,2003,Dưỡng Ẩm,Chăm Sóc Da Mặt,Dưỡng Ẩm,Kem / Gel / Dầu Dưỡng,Sức Khỏe - Làm Đẹp -> Chăm Sóc Da Mặt -> Dưỡng Ẩm -> Kem / Gel / Dầu Dưỡng,True
P_1115,1115,Sữa Chống Nắng Sunplay Hiệu Chỉnh Sắc Da 50g (Xanh),6,Chống Nắng Da Mặt,1001,Chăm Sóc Da Mặt,Chăm Sóc Da Mặt,Chống Nắng Da Mặt,Chống Nắng Da Mặt,Sức Khỏe - Làm Đẹp -> Chăm Sóc Da Mặt -> Chống Nắng Da Mặt,True
P_1117,1117,"Lotion Hatomugi Dưỡng Ẩm, Làm Sáng Da Dạng Xịt 250ml",30,Xịt Khoáng,2003,Dưỡng Ẩm,Chăm Sóc Da Mặt,Dưỡng Ẩm,Xịt Khoáng,Sức Khỏe - Làm Đẹp -> Chăm Sóc Da Mặt -> Dưỡng Ẩm -> Xịt Khoáng,False
P_1118,1118,Combo 5 Mặt Nạ Wonjin Cấp Ẩm Chuyên Sâu 30g,11,Mặt Nạ Giấy,2001,Mặt Nạ,Chăm Sóc Da Mặt,Mặt Nạ,Mặt Nạ Giấy,Sức Khỏe - Làm Đẹp -> Chăm Sóc Da Mặt -> Mặt Nạ -> Mặt Nạ Giấy,False
P_1121,1121,"Kem Dưỡng Avène Làm Lành Da Nội Sinh, Ngừa Nhiễm Khuẩn 100ml",7,Kem / Gel / Dầu Dưỡng,2003,Dưỡng Ẩm,Chăm Sóc Da Mặt,Dưỡng Ẩm,Kem / Gel / Dầu Dưỡng,Sức Khỏe - Làm Đẹp -> Chăm Sóc Da Mặt -> Dưỡng Ẩm -> Kem / Gel / Dầu Dưỡng,True
P_1122,1122,Gel Chấm Mụn The Cafuné Mờ Thâm 20g,25,Hỗ Trợ Trị Mụn,2004,Đặc Trị,Chăm Sóc Da Mặt,Đặc Trị,Hỗ Trợ Trị Mụn,Sức Khỏe - Làm Đẹp -> Chăm Sóc Da Mặt -> Đặc Trị -> Hỗ Trợ Trị Mụn,True
P_1125,1125,Nước Tẩy Trang Cocoon Sen Hậu Giang Cho Da Rất Nhạy Cảm 500ml,2,Tẩy Trang Mặt,2002,Làm Sạch Da,Chăm Sóc Da Mặt,Làm Sạch Da,Tẩy Trang Mặt,Sức Khỏe - Làm Đẹp -> Chăm Sóc Da Mặt -> Làm Sạch Da -> Tẩy Trang Mặt,False
P_1126,1126,Combo Simple Nước Tẩy Trang 200ml + Sữa Rửa Mặt Dưỡng Ẩm Dạng Gel 150ml,3,Bộ Chăm Sóc Da Mặt,1001,Chăm Sóc Da Mặt,Chăm Sóc Da Mặt,Bộ Chăm Sóc Da Mặt,Bộ Chăm Sóc Da Mặt,Sức Khỏe - Làm Đẹp -> Chăm Sóc Da Mặt -> Bộ Chăm Sóc Da Mặt,False
P_1127,1127,"Kem Dưỡng MartiDerm Giảm Nhờn, Mụn & Se Lỗ Chân Lông 40ml",25,Hỗ Trợ Trị Mụn,2004,Đặc Trị,Chăm Sóc Da Mặt,Đặc Trị,Hỗ Trợ Trị Mụn,Sức Khỏe - Làm Đẹp -> Chăm Sóc Da Mặt -> Đặc Trị -> Hỗ Trợ Trị Mụn,True
P_1131,1131,Kem Dưỡng L'Oreal Ngừa Rãnh Nhăn Lão Hóa Sớm Ban Đêm 50ml,7,Kem / Gel / Dầu Dưỡng,2003,Dưỡng Ẩm,Chăm Sóc Da Mặt,Dưỡng Ẩm,Kem / Gel / Dầu Dưỡng,Sức Khỏe - Làm Đẹp -> Chăm Sóc Da Mặt -> Dưỡng Ẩm -> Kem / Gel / Dầu Dưỡng,True
P_1133,1133,Mặt Nạ Sur.Medic+ Cung Cấp Multi Vitamin 30g,11,Mặt Nạ Giấy,2001,Mặt Nạ,Chăm Sóc Da Mặt,Mặt Nạ,Mặt Nạ Giấy,Sức Khỏe - Làm Đẹp -> Chăm Sóc Da Mặt -> Mặt Nạ -> Mặt Nạ Giấy,False
P_1138,1138,"Sữa Chống Nắng Bioré Trang Điểm Mỏng Nhẹ, Mịn Lì 30ml",6,Chống Nắng Da Mặt,1001,Chăm Sóc Da Mặt,Chăm Sóc Da Mặt,Chống Nắng Da Mặt,Chống Nắng Da Mặt,Sức Khỏe - Làm Đẹp -> Chăm Sóc Da Mặt -> Chống Nắng Da Mặt,True
P_1141,1141,Sữa Rửa Mặt Cocoon Chiết Xuất Từ Nghệ Hưng Yên 140ml,1,Sữa Rửa Mặt,2002,Làm Sạch Da,Chăm Sóc Da Mặt,Làm Sạch Da,Sữa Rửa Mặt,Sức Khỏe - Làm Đẹp -> Chăm Sóc Da Mặt -> Làm Sạch Da -> Sữa Rửa Mặt,True
P_1142,1142,Mặt Nạ Thạch Luvum Quả Yuja Sáng Da Mờ Thâm 33g,11,Mặt Nạ Giấy,2001,Mặt Nạ,Chăm Sóc Da Mặt,Mặt Nạ,Mặt Nạ Giấy,Sức Khỏe - Làm Đẹp -> Chăm Sóc Da Mặt -> Mặt Nạ -> Mặt Nạ Giấy,False
P_1143,1143,Nước Tẩy Trang Hatomugi Chiết Xuất Hạt Ý Dĩ 500ml,2,Tẩy Trang Mặt,2002,Làm Sạch Da,Chăm Sóc Da Mặt,Làm Sạch Da,Tẩy Trang Mặt,Sức Khỏe - Làm Đẹp -> Chăm Sóc Da Mặt -> Làm Sạch Da -> Tẩy Trang Mặt,False
P_1144,1144,Dưỡng Môi Đa Năng Pure Paw Paw Từ Đu Đủ Hương Dưa Hấu 25g,18,Son Dưỡng Môi,2006,Dưỡng Môi,Chăm Sóc Da Mặt,Dưỡng Môi,Son Dưỡng Môi,Sức Khỏe - Làm Đẹp -> Chăm Sóc Da Mặt -> Dưỡng Môi -> Son Dưỡng Môi,False
P_1150,1150,"Serum Olay Dưỡng Sáng Da, Mờ Thâm Mụn 30ml",9,Serum / Tinh Chất,2004,Đặc Trị,Chăm Sóc Da Mặt,Đặc Trị,Serum / Tinh Chất,Sức Khỏe - Làm Đẹp -> Chăm Sóc Da Mặt -> Đặc Trị -> Serum / Tinh Chất,True
P_1152,1152,Kem Dưỡng Acnes Giảm Mụn Chuyên Sâu 20g,25,Hỗ Trợ Trị Mụn,2004,Đặc Trị,Chăm Sóc Da Mặt,Đặc Trị,Hỗ Trợ Trị Mụn,Sức Khỏe - Làm Đẹp -> Chăm Sóc Da Mặt -> Đặc Trị -> Hỗ Trợ Trị Mụn,True
P_1153,1153,"Nước Tẩy Trang Simple Sạch Sâu, Cấp Ẩm Đa Tầng 400ml",2,Tẩy Trang Mặt,2002,Làm Sạch Da,Chăm Sóc Da Mặt,Làm Sạch Da,Tẩy Trang Mặt,Sức Khỏe - Làm Đẹp -> Chăm Sóc Da Mặt -> Làm Sạch Da -> Tẩy Trang Mặt,False
P_1154,1154,Combo Simple Chăm Sóc Cho Da Dầu Mụn 3 Món,3,Bộ Chăm Sóc Da Mặt,1001,Chăm Sóc Da Mặt,Chăm Sóc Da Mặt,Bộ Chăm Sóc Da Mặt,Bộ Chăm Sóc Da Mặt,Sức Khỏe - Làm Đẹp -> Chăm Sóc Da Mặt -> Bộ Chăm Sóc Da Mặt,False
P_1155,1155,Kem Chống Nắng Cell Fusion C Nâng Tông Da Tuýp 10ml,6,Chống Nắng Da Mặt,1001,Chăm Sóc Da Mặt,Chăm Sóc Da Mặt,Chống Nắng Da Mặt,Chống Nắng Da Mặt,Sức Khỏe - Làm Đẹp -> Chăm Sóc Da Mặt -> Chống Nắng Da Mặt,True
P_1157,1157,Combo 2 Nước Hoa Hồng Simple Làm Dịu Da & Cấp Ẩm 200ml,4,Toner / Nước Cân Bằng Da,2002,Làm Sạch Da,Chăm Sóc Da Mặt,Làm Sạch Da,Toner / Nước Cân Bằng Da,Sức Khỏe - Làm Đẹp -> Chăm Sóc Da Mặt -> Làm Sạch Da -> Toner / Nước Cân Bằng Da,False
P_1159,1159,[Mua 1 Tặng 1] Kem Chống Nắng Clinicos Dành Cho Da Nhạy Cảm 50ml,6,Chống Nắng Da Mặt,1001,Chăm Sóc Da Mặt,Chăm Sóc Da Mặt,Chống Nắng Da Mặt,Chống Nắng Da Mặt,Sức Khỏe - Làm Đẹp -> Chăm Sóc Da Mặt -> Chống Nắng Da Mặt,True
P_1161,1161,Serum Vichy Hỗ Trợ Trẻ Hoá Và Săn Chắc Da 30ml,9,Serum / Tinh Chất,2004,Đặc Trị,Chăm Sóc Da Mặt,Đặc Trị,Serum / Tinh Chất,Sức Khỏe - Làm Đẹp -> Chăm Sóc Da Mặt -> Đặc Trị -> Serum / Tinh Chất,True
P_1164,1164,"Kem Dưỡng Tia'm Kiềm Dầu, Se Khít Lỗ Chân Lông 60ml",7,Kem / Gel / Dầu Dưỡng,2003,Dưỡng Ẩm,Chăm Sóc Da Mặt,Dưỡng Ẩm,Kem / Gel / Dầu Dưỡng,Sức Khỏe - Làm Đẹp -> Chăm Sóc Da Mặt -> Dưỡng Ẩm -> Kem / Gel / Dầu Dưỡng,True
P_1165,1165,Sữa Chống Nắng Sunplay Dưỡng Da Tạo Nền Sáng Mịn 25g,6,Chống Nắng Da Mặt,1001,Chăm Sóc Da Mặt,Chăm Sóc Da Mặt,Chống Nắng Da Mặt,Chống Nắng Da Mặt,Sức Khỏe - Làm Đẹp -> Chăm Sóc Da Mặt -> Chống Nắng Da Mặt,True
P_1170,1170,Xịt Khoáng Evoluderm Cấp Nước & Làm Dịu Da 50ml,30,Xịt Khoáng,2003,Dưỡng Ẩm,Chăm Sóc Da Mặt,Dưỡng Ẩm,Xịt Khoáng,Sức Khỏe - Làm Đẹp -> Chăm Sóc Da Mặt -> Dưỡng Ẩm -> Xịt Khoáng,False
P_1171,1171,Kem Dưỡng Olay Cải Thiện 5 Dấu Hiệu Lão Hóa Phức Tạp 45g,7,Kem / Gel / Dầu Dưỡng,2003,Dưỡng Ẩm,Chăm Sóc Da Mặt,Dưỡng Ẩm,Kem / Gel / Dầu Dưỡng,Sức Khỏe - Làm Đẹp -> Chăm Sóc Da Mặt -> Dưỡng Ẩm -> Kem / Gel / Dầu Dưỡng,True
P_1176,1176,Gel Dưỡng Acnes Giúp Mờ Sẹo & Giảm Thâm Mụn 12g,9,Serum / Tinh Chất,2004,Đặc Trị,Chăm Sóc Da Mặt,Đặc Trị,Serum / Tinh Chất,Sức Khỏe - Làm Đẹp -> Chăm Sóc Da Mặt -> Đặc Trị -> Serum / Tinh Chất,True
P_1177,1177,"Nước Tẩy Trang Derladie Ngừa Mụn, Hỗ Trợ Làm Sạch Da 500ml",2,Tẩy Trang Mặt,2002,Làm Sạch Da,Chăm Sóc Da Mặt,Làm Sạch Da,Tẩy Trang Mặt,Sức Khỏe - Làm Đẹp -> Chăm Sóc Da Mặt -> Làm Sạch Da -> Tẩy Trang Mặt,False
P_1179,1179,"Serum Care:Nel Làm Sáng Da, Giảm Mụn Thâm 30ml",9,Serum / Tinh Chất,2004,Đặc Trị,Chăm Sóc Da Mặt,Đặc Trị,Serum / Tinh Chất,Sức Khỏe - Làm Đẹp -> Chăm Sóc Da Mặt -> Đặc Trị -> Serum / Tinh Chất,True
P_1183,1183,Toner Naturie Dưỡng Ẩm Da Từ Hạt Ý Dĩ 500ml,4,Toner / Nước Cân Bằng Da,2002,Làm Sạch Da,Chăm Sóc Da Mặt,Làm Sạch Da,Toner / Nước Cân Bằng Da,Sức Khỏe - Làm Đẹp -> Chăm Sóc Da Mặt -> Làm Sạch Da -> Toner / Nước Cân Bằng Da,False
P_1184,1184,"Combo 10 Mặt Nạ Banobagi Dưỡng Sáng, Cấp Ẩm Cho Da 30g",11,Mặt Nạ Giấy,2001,Mặt Nạ,Chăm Sóc Da Mặt,Mặt Nạ,Mặt Nạ Giấy,Sức Khỏe - Làm Đẹp -> Chăm Sóc Da Mặt -> Mặt Nạ -> Mặt Nạ Giấy,False
P_1188,1188,"Combo 10 Mặt Nạ Banobagi Dưỡng Sáng Da, Mờ Thâm Nám 30g",11,Mặt Nạ Giấy,2001,Mặt Nạ,Chăm Sóc Da Mặt,Mặt Nạ,Mặt Nạ Giấy,Sức Khỏe - Làm Đẹp -> Chăm Sóc Da Mặt -> Mặt Nạ -> Mặt Nạ Giấy,False
P_1190,1190,Miếng Dán Mũi Lột Mụn Lanbena Sạch Mụn Đầu Đen 30g,83,Mặt Nạ Lột,2001,Mặt Nạ,Chăm Sóc Da Mặt,Mặt Nạ,Mặt Nạ Lột,Sức Khỏe - Làm Đẹp -> Chăm Sóc Da Mặt -> Mặt Nạ -> Mặt Nạ Lột,False
P_1192,1192,Kem Chống Nắng Decumar Kiềm Dầu Nâng Tông Cho Da Mụn 50g,6,Chống Nắng Da Mặt,1001,Chăm Sóc Da Mặt,Chăm Sóc Da Mặt,Chống Nắng Da Mặt,Chống Nắng Da Mặt,Sức Khỏe - Làm Đẹp -> Chăm Sóc Da Mặt -> Chống Nắng Da Mặt,True
P_1195,1195,Combo 10 Mặt Nạ Foodaholic Arbutin Dưỡng Sáng Da 23ml,11,Mặt Nạ Giấy,2001,Mặt Nạ,Chăm Sóc Da Mặt,Mặt Nạ,Mặt Nạ Giấy,Sức Khỏe - Làm Đẹp -> Chăm Sóc Da Mặt -> Mặt Nạ -> Mặt Nạ Giấy,False
P_1198,1198,Combo 2 Mặt Nạ Cocoon Bí Đao Giảm Dầu & Mụn 30ml,19,Mặt Nạ Rửa,2001,Mặt Nạ,Chăm Sóc Da Mặt,Mặt Nạ,Mặt Nạ Rửa,Sức Khỏe - Làm Đẹp -> Chăm Sóc Da Mặt -> Mặt Nạ -> Mặt Nạ Rửa,False
P_1199,1199,Combo 2 Sữa Rửa Mặt Cetaphil Dịu Nhẹ Không Xà Phòng 59ml,1,Sữa Rửa Mặt,2002,Làm Sạch Da,Chăm Sóc Da Mặt,Làm Sạch Da,Sữa Rửa Mặt,Sức Khỏe - Làm Đẹp -> Chăm Sóc Da Mặt -> Làm Sạch Da -> Sữa Rửa Mặt,True
P_1200,1200,Combo 8 Gel Rửa Mặt La Roche-Posay Cho Da Dầu Nhạy Cảm 50ml,1,Sữa Rửa Mặt,2002,Làm Sạch Da,Chăm Sóc Da Mặt,Làm Sạch Da,Sữa Rửa Mặt,Sức Khỏe - Làm Đẹp -> Chăm Sóc Da Mặt -> Làm Sạch Da -> Sữa Rửa Mặt,True
P_1203,1203,Combo Vichy Serum 89 Khoáng Chất Phục Hồi Chuyên Sâu 50ml + Xịt Khoáng Dịu Da 300ml,30,Xịt Khoáng,2003,Dưỡng Ẩm,Chăm Sóc Da Mặt,Dưỡng Ẩm,Xịt Khoáng,Sức Khỏe - Làm Đẹp -> Chăm Sóc Da Mặt -> Dưỡng Ẩm -> Xịt Khoáng,False
P_1204,1204,Gel Tẩy Tế Bào Chết Arrahan Than Hoạt Tính 180ml,17,Tẩy Tế Bào Chết Da Mặt,2002,Làm Sạch Da,Chăm Sóc Da Mặt,Làm Sạch Da,Tẩy Tế Bào Chết Da Mặt,Sức Khỏe - Làm Đẹp -> Chăm Sóc Da Mặt -> Làm Sạch Da -> Tẩy Tế Bào Chết Da Mặt,False
P_1205,1205,Kem Dưỡng Ẩm Cetaphil Dịu Lành Cho Da Nhạy Cảm 100g,7,Kem / Gel / Dầu Dưỡng,2003,Dưỡng Ẩm,Chăm Sóc Da Mặt,Dưỡng Ẩm,Kem / Gel / Dầu Dưỡng,Sức Khỏe - Làm Đẹp -> Chăm Sóc Da Mặt -> Dưỡng Ẩm -> Kem / Gel / Dầu Dưỡng,True
P_1211,1211,"Kem Chống Nắng Bioderma Dành Cho Da Dầu, Mụn SPF30 40ml",6,Chống Nắng Da Mặt,1001,Chăm Sóc Da Mặt,Chăm Sóc Da Mặt,Chống Nắng Da Mặt,Chống Nắng Da Mặt,Sức Khỏe - Làm Đẹp -> Chăm Sóc Da Mặt -> Chống Nắng Da Mặt,True
P_1214,1214,Kem Dưỡng Da Curél Cấp Ẩm Chuyên Sâu 40g,7,Kem / Gel / Dầu Dưỡng,2003,Dưỡng Ẩm,Chăm Sóc Da Mặt,Dưỡng Ẩm,Kem / Gel / Dầu Dưỡng,Sức Khỏe - Làm Đẹp -> Chăm Sóc Da Mặt -> Dưỡng Ẩm -> Kem / Gel / Dầu Dưỡng,True
P_1216,1216,"Hộp 10 Mặt Nạ Keyshu Vitamin C Cấp Ẩm, Sáng Mịn Da 30ml",11,Mặt Nạ Giấy,2001,Mặt Nạ,Chăm Sóc Da Mặt,Mặt Nạ,Mặt Nạ Giấy,Sức Khỏe - Làm Đẹp -> Chăm Sóc Da Mặt -> Mặt Nạ -> Mặt Nạ Giấy,False
P_1217,1217,Miếng Dán Mụn Derma Angel Dùng Ban Đêm 12 Miếng,25,Hỗ Trợ Trị Mụn,2004,Đặc Trị,Chăm Sóc Da Mặt,Đặc Trị,Hỗ Trợ Trị Mụn,Sức Khỏe - Làm Đẹp -> Chăm Sóc Da Mặt -> Đặc Trị -> Hỗ Trợ Trị Mụn,True
P_1218,1218,Mặt Nạ Lột Mụn Lanbena Than Tre Loại Bỏ Mụn Đầu Đen 30g,83,Mặt Nạ Lột,2001,Mặt Nạ,Chăm Sóc Da Mặt,Mặt Nạ,Mặt Nạ Lột,Sức Khỏe - Làm Đẹp -> Chăm Sóc Da Mặt -> Mặt Nạ -> Mặt Nạ Lột,False
P_1220,1220,Gel Tẩy Tế Bào Chết Bioderma Cho Da Dầu Và Hỗn Hợp 100ml,17,Tẩy Tế Bào Chết Da Mặt,2002,Làm Sạch Da,Chăm Sóc Da Mặt,Làm Sạch Da,Tẩy Tế Bào Chết Da Mặt,Sức Khỏe - Làm Đẹp -> Chăm Sóc Da Mặt -> Làm Sạch Da -> Tẩy Tế Bào Chết Da Mặt,False
P_1221,1221,Dầu Tẩy Trang Ma:nyo Nguyên Chất 200ml,2,Tẩy Trang Mặt,2002,Làm Sạch Da,Chăm Sóc Da Mặt,Làm Sạch Da,Tẩy Trang Mặt,Sức Khỏe - Làm Đẹp -> Chăm Sóc Da Mặt -> Làm Sạch Da -> Tẩy Trang Mặt,False
P_1232,1232,"Combo Olay Serum Sức Mạnh Từ 5 Dưỡng Chất 30ml + Kem Dưỡng Sáng Da, Mờ Thâm 50g",3,Bộ Chăm Sóc Da Mặt,1001,Chăm Sóc Da Mặt,Chăm Sóc Da Mặt,Bộ Chăm Sóc Da Mặt,Bộ Chăm Sóc Da Mặt,Sức Khỏe - Làm Đẹp -> Chăm Sóc Da Mặt -> Bộ Chăm Sóc Da Mặt,False
P_1233,1233,"Sữa Chống Nắng Senka Kiềm Dầu, Mịn Lì Cho Da Dầu 40ml",6,Chống Nắng Da Mặt,1001,Chăm Sóc Da Mặt,Chăm Sóc Da Mặt,Chống Nắng Da Mặt,Chống Nắng Da Mặt,Sức Khỏe - Làm Đẹp -> Chăm Sóc Da Mặt -> Chống Nắng Da Mặt,True
P_1234,1234,"Sáp Tẩy Trang oh!oh! Hỗ Trợ Làm Sạch, Ngừa Lão Hóa Da 150ml",2,Tẩy Trang Mặt,2002,Làm Sạch Da,Chăm Sóc Da Mặt,Làm Sạch Da,Tẩy Trang Mặt,Sức Khỏe - Làm Đẹp -> Chăm Sóc Da Mặt -> Làm Sạch Da -> Tẩy Trang Mặt,False
P_1235,1235,"Nước Tẩy Trang Senka Cấp Ẩm, Dưỡng Sáng Da 230ml",2,Tẩy Trang Mặt,2002,Làm Sạch Da,Chăm Sóc Da Mặt,Làm Sạch Da,Tẩy Trang Mặt,Sức Khỏe - Làm Đẹp -> Chăm Sóc Da Mặt -> Làm Sạch Da -> Tẩy Trang Mặt,False
P_1239,1239,Serum L'Oreal Niacinamide 2% Kiềm Dầu Ban Đêm 30ml,9,Serum / Tinh Chất,2004,Đặc Trị,Chăm Sóc Da Mặt,Đặc Trị,Serum / Tinh Chất,Sức Khỏe - Làm Đẹp -> Chăm Sóc Da Mặt -> Đặc Trị -> Serum / Tinh Chất,True
P_1240,1240,Kem Dưỡng Ẩm Nivea Làm Mềm Da 50ml,7,Kem / Gel / Dầu Dưỡng,2003,Dưỡng Ẩm,Chăm Sóc Da Mặt,Dưỡng Ẩm,Kem / Gel / Dầu Dưỡng,Sức Khỏe - Làm Đẹp -> Chăm Sóc Da Mặt -> Dưỡng Ẩm -> Kem / Gel / Dầu Dưỡng,True
P_1245,1245,"Toner Derladie Cây Phỉ Ngừa Mụn, Làm Sạch Da 500ml",4,Toner / Nước Cân Bằng Da,2002,Làm Sạch Da,Chăm Sóc Da Mặt,Làm Sạch Da,Toner / Nước Cân Bằng Da,Sức Khỏe - Làm Đẹp -> Chăm Sóc Da Mặt -> Làm Sạch Da -> Toner / Nước Cân Bằng Da,False
P_1246,1246,Gel Chống Nắng Bioré Màng Nước Dưỡng Ẩm Da 90ml,6,Chống Nắng Da Mặt,1001,Chăm Sóc Da Mặt,Chăm Sóc Da Mặt,Chống Nắng Da Mặt,Chống Nắng Da Mặt,Sức Khỏe - Làm Đẹp -> Chăm Sóc Da Mặt -> Chống Nắng Da Mặt,True
P_1253,1253,"Sữa Rửa Mặt Hatomugi Tạo Bọt Hỗ Trợ Dưỡng Ẩm, Sáng Da 160ml",1,Sữa Rửa Mặt,2002,Làm Sạch Da,Chăm Sóc Da Mặt,Làm Sạch Da,Sữa Rửa Mặt,Sức Khỏe - Làm Đẹp -> Chăm Sóc Da Mặt -> Làm Sạch Da -> Sữa Rửa Mặt,True
P_1256,1256,Combo Simple Nước Tẩy Trang 200ml + Sữa Rửa Mặt Dưỡng Ẩm Da 150ml,3,Bộ Chăm Sóc Da Mặt,1001,Chăm Sóc Da Mặt,Chăm Sóc Da Mặt,Bộ Chăm Sóc Da Mặt,Bộ Chăm Sóc Da Mặt,Sức Khỏe - Làm Đẹp -> Chăm Sóc Da Mặt -> Bộ Chăm Sóc Da Mặt,False
P_1260,1260,Gel Rửa Mặt & Tắm La Roche-Posay Làm Sạch & Giảm Mụn 400ml,1,Sữa Rửa Mặt,2002,Làm Sạch Da,Chăm Sóc Da Mặt,Làm Sạch Da,Sữa Rửa Mặt,Sức Khỏe - Làm Đẹp -> Chăm Sóc Da Mặt -> Làm Sạch Da -> Sữa Rửa Mặt,True
P_1262,1262,Sữa Chống Nắng La Roche-Posay Bảo Vệ Khỏi Tia UVA Dài 50ml,6,Chống Nắng Da Mặt,1001,Chăm Sóc Da Mặt,Chăm Sóc Da Mặt,Chống Nắng Da Mặt,Chống Nắng Da Mặt,Sức Khỏe - Làm Đẹp -> Chăm Sóc Da Mặt -> Chống Nắng Da Mặt,True
P_1265,1265,"Kem Dưỡng Meishoku Sáng Da, Ngăn Ngừa Lão Hóa 55g",7,Kem / Gel / Dầu Dưỡng,2003,Dưỡng Ẩm,Chăm Sóc Da Mặt,Dưỡng Ẩm,Kem / Gel / Dầu Dưỡng,Sức Khỏe - Làm Đẹp -> Chăm Sóc Da Mặt -> Dưỡng Ẩm -> Kem / Gel / Dầu Dưỡng,True
P_1266,1266,Kem Chống Nắng Eucerin Kiềm Dầu (Có Màu) 50ml,6,Chống Nắng Da Mặt,1001,Chăm Sóc Da Mặt,Chăm Sóc Da Mặt,Chống Nắng Da Mặt,Chống Nắng Da Mặt,Sức Khỏe - Làm Đẹp -> Chăm Sóc Da Mặt -> Chống Nắng Da Mặt,True
P_1267,1267,Son Dưỡng LipIce Hiệu Chỉnh Sắc Môi - Đỏ Mọng 2.4g,18,Son Dưỡng Môi,2006,Dưỡng Môi,Chăm Sóc Da Mặt,Dưỡng Môi,Son Dưỡng Môi,Sức Khỏe - Làm Đẹp -> Chăm Sóc Da Mặt -> Dưỡng Môi -> Son Dưỡng Môi,False
P_1269,1269,Mặt Nạ Wonjin Cấp Ẩm Cấp Tốc 30ml,11,Mặt Nạ Giấy,2001,Mặt Nạ,Chăm Sóc Da Mặt,Mặt Nạ,Mặt Nạ Giấy,Sức Khỏe - Làm Đẹp -> Chăm Sóc Da Mặt -> Mặt Nạ -> Mặt Nạ Giấy,False
P_1270,1270,Sữa Rửa Mặt Hada Labo Chăm Sóc Da Lão Hóa Cao Cấp 100g,1,Sữa Rửa Mặt,2002,Làm Sạch Da,Chăm Sóc Da Mặt,Làm Sạch Da,Sữa Rửa Mặt,Sức Khỏe - Làm Đẹp -> Chăm Sóc Da Mặt -> Làm Sạch Da -> Sữa Rửa Mặt,True
P_1272,1272,Dung Dịch Hada Labo Dưỡng Ẩm Tối Ưu Cho Da Dầu 170ml,37,Lotion / Sữa Dưỡng,2003,Dưỡng Ẩm,Chăm Sóc Da Mặt,Dưỡng Ẩm,Lotion / Sữa Dưỡng,Sức Khỏe - Làm Đẹp -> Chăm Sóc Da Mặt -> Dưỡng Ẩm -> Lotion / Sữa Dưỡng,False
P_1274,1274,Toner Eucerin Dưỡng Ẩm Cho Da Nhạy Cảm 200ml,4,Toner / Nước Cân Bằng Da,2002,Làm Sạch Da,Chăm Sóc Da Mặt,Làm Sạch Da,Toner / Nước Cân Bằng Da,Sức Khỏe - Làm Đẹp -> Chăm Sóc Da Mặt -> Làm Sạch Da -> Toner / Nước Cân Bằng Da,False
P_1275,1275,"Mặt Nạ Banobagi Dưỡng Sáng, Thư Giãn Da (Xanh Lá) 30g",11,Mặt Nạ Giấy,2001,Mặt Nạ,Chăm Sóc Da Mặt,Mặt Nạ,Mặt Nạ Giấy,Sức Khỏe - Làm Đẹp -> Chăm Sóc Da Mặt -> Mặt Nạ -> Mặt Nạ Giấy,False
P_1278,1278,Sữa Rửa Mặt Naris Cosmetics Ngăn Ngừa Lão Hóa 100g,1,Sữa Rửa Mặt,2002,Làm Sạch Da,Chăm Sóc Da Mặt,Làm Sạch Da,Sữa Rửa Mặt,Sức Khỏe - Làm Đẹp -> Chăm Sóc Da Mặt -> Làm Sạch Da -> Sữa Rửa Mặt,True
P_1280,1280,Serum Bio-essence Dưỡng Da Tươi Sáng Căng Mọng 30g,9,Serum / Tinh Chất,2004,Đặc Trị,Chăm Sóc Da Mặt,Đặc Trị,Serum / Tinh Chất,Sức Khỏe - Làm Đẹp -> Chăm Sóc Da Mặt -> Đặc Trị -> Serum / Tinh Chất,True
P_1282,1282,Combo Simple Chăm Sóc Cho Da Sạch Khỏe Đàn Hồi 3 Món,3,Bộ Chăm Sóc Da Mặt,1001,Chăm Sóc Da Mặt,Chăm Sóc Da Mặt,Bộ Chăm Sóc Da Mặt,Bộ Chăm Sóc Da Mặt,Sức Khỏe - Làm Đẹp -> Chăm Sóc Da Mặt -> Bộ Chăm Sóc Da Mặt,False
P_1283,1283,Combo 10 Mặt Nạ BNBG Glutathione Dưỡng Sáng Da 30ml,11,Mặt Nạ Giấy,2001,Mặt Nạ,Chăm Sóc Da Mặt,Mặt Nạ,Mặt Nạ Giấy,Sức Khỏe - Làm Đẹp -> Chăm Sóc Da Mặt -> Mặt Nạ -> Mặt Nạ Giấy,False
P_1291,1291,"Serum Balance Active Formula AHA + BHA Tái Tạo, Sáng Da 30ml",9,Serum / Tinh Chất,2004,Đặc Trị,Chăm Sóc Da Mặt,Đặc Trị,Serum / Tinh Chất,Sức Khỏe - Làm Đẹp -> Chăm Sóc Da Mặt -> Đặc Trị -> Serum / Tinh Chất,True
P_1295,1295,"Serum Acnes B5 Tăng Cường Dưỡng Ẩm, Làm Dịu Da 25ml",9,Serum / Tinh Chất,2004,Đặc Trị,Chăm Sóc Da Mặt,Đặc Trị,Serum / Tinh Chất,Sức Khỏe - Làm Đẹp -> Chăm Sóc Da Mặt -> Đặc Trị -> Serum / Tinh Chất,True
P_1296,1296,Mặt Nạ Ngủ Môi Care:Nel Chiết Xuất Quả Mọng 5g,29,Mặt Nạ Môi,2006,Dưỡng Môi,Chăm Sóc Da Mặt,Dưỡng Môi,Mặt Nạ Môi,Sức Khỏe - Làm Đẹp -> Chăm Sóc Da Mặt -> Dưỡng Môi -> Mặt Nạ Môi,False
P_1298,1298,Combo 5 Mặt Nạ Nature Republic Chiết Xuất Bơ Dưỡng Ẩm Da 23ml,11,Mặt Nạ Giấy,2001,Mặt Nạ,Chăm Sóc Da Mặt,Mặt Nạ,Mặt Nạ Giấy,Sức Khỏe - Làm Đẹp -> Chăm Sóc Da Mặt -> Mặt Nạ -> Mặt Nạ Giấy,False
P_1302,1302,Chống Nắng Serum Senka 3 In 1 Dưỡng Sáng Da Nâng Tông 40g,6,Chống Nắng Da Mặt,1001,Chăm Sóc Da Mặt,Chăm Sóc Da Mặt,Chống Nắng Da Mặt,Chống Nắng Da Mặt,Sức Khỏe - Làm Đẹp -> Chăm Sóc Da Mặt -> Chống Nắng Da Mặt,True
P_1303,1303,Son Dưỡng Judydoll Có Màu Cấp Ẩm - 06 Hồng Trà Hổ Phách 3g,18,Son Dưỡng Môi,2006,Dưỡng Môi,Chăm Sóc Da Mặt,Dưỡng Môi,Son Dưỡng Môi,Sức Khỏe - Làm Đẹp -> Chăm Sóc Da Mặt -> Dưỡng Môi -> Son Dưỡng Môi,False
P_1304,1304,Sữa Rửa Mặt L'Oreal Săn Chắc Da 100ml,1,Sữa Rửa Mặt,2002,Làm Sạch Da,Chăm Sóc Da Mặt,Làm Sạch Da,Sữa Rửa Mặt,Sức Khỏe - Làm Đẹp -> Chăm Sóc Da Mặt -> Làm Sạch Da -> Sữa Rửa Mặt,True
P_1307,1307,Sữa Rửa Mặt Pond's Age Miracle Ngăn Ngừa Lão Hóa 100g,1,Sữa Rửa Mặt,2002,Làm Sạch Da,Chăm Sóc Da Mặt,Làm Sạch Da,Sữa Rửa Mặt,Sức Khỏe - Làm Đẹp -> Chăm Sóc Da Mặt -> Làm Sạch Da -> Sữa Rửa Mặt,True
P_1311,1311,"Serum Shimbi Method Dưỡng Sáng, Đều Màu 30ml",9,Serum / Tinh Chất,2004,Đặc Trị,Chăm Sóc Da Mặt,Đặc Trị,Serum / Tinh Chất,Sức Khỏe - Làm Đẹp -> Chăm Sóc Da Mặt -> Đặc Trị -> Serum / Tinh Chất,True
P_1313,1313,Nước Dưỡng Bio-essence Vàng 24K Ngừa Lão Hoá Da 150ml,9,Serum / Tinh Chất,2004,Đặc Trị,Chăm Sóc Da Mặt,Đặc Trị,Serum / Tinh Chất,Sức Khỏe - Làm Đẹp -> Chăm Sóc Da Mặt -> Đặc Trị -> Serum / Tinh Chất,True
P_1314,1314,Kem Dưỡng Some By Mi Hỗ Trợ Giảm Mụn 60g,25,Hỗ Trợ Trị Mụn,2004,Đặc Trị,Chăm Sóc Da Mặt,Đặc Trị,Hỗ Trợ Trị Mụn,Sức Khỏe - Làm Đẹp -> Chăm Sóc Da Mặt -> Đặc Trị -> Hỗ Trợ Trị Mụn,True
P_1315,1315,Sữa Rửa Mặt Vichy Dạng Gel Làm Sạch Sâu & Giảm Nhờn 200ml,1,Sữa Rửa Mặt,2002,Làm Sạch Da,Chăm Sóc Da Mặt,Làm Sạch Da,Sữa Rửa Mặt,Sức Khỏe - Làm Đẹp -> Chăm Sóc Da Mặt -> Làm Sạch Da -> Sữa Rửa Mặt,True
P_1316,1316,Sữa Chống Nắng Sunplay Dưỡng Da Sáng Đẹp 30g,6,Chống Nắng Da Mặt,1001,Chăm Sóc Da Mặt,Chăm Sóc Da Mặt,Chống Nắng Da Mặt,Chống Nắng Da Mặt,Sức Khỏe - Làm Đẹp -> Chăm Sóc Da Mặt -> Chống Nắng Da Mặt,True
P_1321,1321,Sữa Dưỡng Ẩm CeraVe Cho Da Khô Đến Rất Khô 88ml,37,Lotion / Sữa Dưỡng,2003,Dưỡng Ẩm,Chăm Sóc Da Mặt,Dưỡng Ẩm,Lotion / Sữa Dưỡng,Sức Khỏe - Làm Đẹp -> Chăm Sóc Da Mặt -> Dưỡng Ẩm -> Lotion / Sữa Dưỡng,False
P_1322,1322,Sữa Rửa Mặt Hada Labo Dưỡng Sáng Cao Cấp 100g,1,Sữa Rửa Mặt,2002,Làm Sạch Da,Chăm Sóc Da Mặt,Làm Sạch Da,Sữa Rửa Mặt,Sức Khỏe - Làm Đẹp -> Chăm Sóc Da Mặt -> Làm Sạch Da -> Sữa Rửa Mặt,True
P_1325,1325,Kem Chống Nắng Hatomugi Nâng Tông & Dưỡng Ẩm Da 70g,6,Chống Nắng Da Mặt,1001,Chăm Sóc Da Mặt,Chăm Sóc Da Mặt,Chống Nắng Da Mặt,Chống Nắng Da Mặt,Sức Khỏe - Làm Đẹp -> Chăm Sóc Da Mặt -> Chống Nắng Da Mặt,True
P_1326,1326,Hộp 10 Miếng Mặt Nạ Naruko Ý Dĩ Nhân Đỏ Se Lỗ Chân Lông,11,Mặt Nạ Giấy,2001,Mặt Nạ,Chăm Sóc Da Mặt,Mặt Nạ,Mặt Nạ Giấy,Sức Khỏe - Làm Đẹp -> Chăm Sóc Da Mặt -> Mặt Nạ -> Mặt Nạ Giấy,False
P_1329,1329,Combo 2 Nước Tẩy Trang Cocoon Sen Hậu Giang Cho Da Rất Nhạy Cảm 500ml,2,Tẩy Trang Mặt,2002,Làm Sạch Da,Chăm Sóc Da Mặt,Làm Sạch Da,Tẩy Trang Mặt,Sức Khỏe - Làm Đẹp -> Chăm Sóc Da Mặt -> Làm Sạch Da -> Tẩy Trang Mặt,False
P_1333,1333,Serum Garnier Tăng Cường Sáng Da Mờ Thâm Ban Đêm 30ml,9,Serum / Tinh Chất,2004,Đặc Trị,Chăm Sóc Da Mặt,Đặc Trị,Serum / Tinh Chất,Sức Khỏe - Làm Đẹp -> Chăm Sóc Da Mặt -> Đặc Trị -> Serum / Tinh Chất,True
P_1334,1334,Toner Pad Abib Diếp Cá Giúp Làm Dịu Da & Tẩy Tế Bào Chết 80 Miếng,4,Toner / Nước Cân Bằng Da,2002,Làm Sạch Da,Chăm Sóc Da Mặt,Làm Sạch Da,Toner / Nước Cân Bằng Da,Sức Khỏe - Làm Đẹp -> Chăm Sóc Da Mặt -> Làm Sạch Da -> Toner / Nước Cân Bằng Da,False
P_1335,1335,"Hộp 10 Miếng Mặt Nạ Wonjin Nâng Cơ, Trẻ Hóa Da 30g/M",11,Mặt Nạ Giấy,2001,Mặt Nạ,Chăm Sóc Da Mặt,Mặt Nạ,Mặt Nạ Giấy,Sức Khỏe - Làm Đẹp -> Chăm Sóc Da Mặt -> Mặt Nạ -> Mặt Nạ Giấy,False
P_1340,1340,Mặt Nạ Sinh Học Emmié Cấp Ẩm Sâu & Dưỡng Sáng Da 25g,11,Mặt Nạ Giấy,2001,Mặt Nạ,Chăm Sóc Da Mặt,Mặt Nạ,Mặt Nạ Giấy,Sức Khỏe - Làm Đẹp -> Chăm Sóc Da Mặt -> Mặt Nạ -> Mặt Nạ Giấy,False
P_1342,1342,"Toner Milaganics Hoa Cúc & AHA Ngừa Mụn, Giảm Dầu 250ml",4,Toner / Nước Cân Bằng Da,2002,Làm Sạch Da,Chăm Sóc Da Mặt,Làm Sạch Da,Toner / Nước Cân Bằng Da,Sức Khỏe - Làm Đẹp -> Chăm Sóc Da Mặt -> Làm Sạch Da -> Toner / Nước Cân Bằng Da,False
P_1347,1347,Kem Chống Nắng Bio-essence Dưỡng Ẩm Da 40ml,6,Chống Nắng Da Mặt,1001,Chăm Sóc Da Mặt,Chăm Sóc Da Mặt,Chống Nắng Da Mặt,Chống Nắng Da Mặt,Sức Khỏe - Làm Đẹp -> Chăm Sóc Da Mặt -> Chống Nắng Da Mặt,True
P_1348,1348,[Mini] Combo 10 Sữa Rửa Mặt CeraVe Sạch Sâu Cho Da Thường Đến Da Dầu 30ml,1,Sữa Rửa Mặt,2002,Làm Sạch Da,Chăm Sóc Da Mặt,Làm Sạch Da,Sữa Rửa Mặt,Sức Khỏe - Làm Đẹp -> Chăm Sóc Da Mặt -> Làm Sạch Da -> Sữa Rửa Mặt,True
P_1349,1349,Combo 10 Mặt Nạ Foodaholic Hyaluronic Acid Cấp Ẩm Đa Tầng 23ml,11,Mặt Nạ Giấy,2001,Mặt Nạ,Chăm Sóc Da Mặt,Mặt Nạ,Mặt Nạ Giấy,Sức Khỏe - Làm Đẹp -> Chăm Sóc Da Mặt -> Mặt Nạ -> Mặt Nạ Giấy,False
P_1351,1351,Combo L'Oreal Nước Tẩy Trang Sạch Sâu Trang Điểm 400ml + Nước Tẩy Trang Căng Mịn Da 95ml,2,Tẩy Trang Mặt,2002,Làm Sạch Da,Chăm Sóc Da Mặt,Làm Sạch Da,Tẩy Trang Mặt,Sức Khỏe - Làm Đẹp -> Chăm Sóc Da Mặt -> Làm Sạch Da -> Tẩy Trang Mặt,False
P_1360,1360,Combo 2 Kem Dưỡng L'Oreal Sáng Mịn Mờ Thâm Nám Ban Đêm + Ban Ngày 50ml+15ml,7,Kem / Gel / Dầu Dưỡng,2003,Dưỡng Ẩm,Chăm Sóc Da Mặt,Dưỡng Ẩm,Kem / Gel / Dầu Dưỡng,Sức Khỏe - Làm Đẹp -> Chăm Sóc Da Mặt -> Dưỡng Ẩm -> Kem / Gel / Dầu Dưỡng,True
P_1362,1362,Sữa Rửa Mặt Senka Dành Cho Da Mụn 100g,1,Sữa Rửa Mặt,2002,Làm Sạch Da,Chăm Sóc Da Mặt,Làm Sạch Da,Sữa Rửa Mặt,Sức Khỏe - Làm Đẹp -> Chăm Sóc Da Mặt -> Làm Sạch Da -> Sữa Rửa Mặt,True
P_1363,1363,Gel Rửa Mặt Acnes Giúp Kiểm Soát Nhờn 100g,1,Sữa Rửa Mặt,2002,Làm Sạch Da,Chăm Sóc Da Mặt,Làm Sạch Da,Sữa Rửa Mặt,Sức Khỏe - Làm Đẹp -> Chăm Sóc Da Mặt -> Làm Sạch Da -> Sữa Rửa Mặt,True
P_1366,1366,Sữa Rửa Mặt Neogen Dermalogy Làm Sạch Sâu Cho Da Dầu Mụn 150ml,1,Sữa Rửa Mặt,2002,Làm Sạch Da,Chăm Sóc Da Mặt,Làm Sạch Da,Sữa Rửa Mặt,Sức Khỏe - Làm Đẹp -> Chăm Sóc Da Mặt -> Làm Sạch Da -> Sữa Rửa Mặt,True
P_1368,1368,Bút Chấm Eucerin Chuyên Biệt Mờ Đốm Nâu & Thâm Nám 5ml,9,Serum / Tinh Chất,2004,Đặc Trị,Chăm Sóc Da Mặt,Đặc Trị,Serum / Tinh Chất,Sức Khỏe - Làm Đẹp -> Chăm Sóc Da Mặt -> Đặc Trị -> Serum / Tinh Chất,True
P_1371,1371,Sữa Rửa Mặt Cerave Cho Da Dầu Mụn 88ml,1,Sữa Rửa Mặt,2002,Làm Sạch Da,Chăm Sóc Da Mặt,Làm Sạch Da,Sữa Rửa Mặt,Sức Khỏe - Làm Đẹp -> Chăm Sóc Da Mặt -> Làm Sạch Da -> Sữa Rửa Mặt,True
P_1372,1372,Sữa Rửa Mặt Eucerin Tạo Bọt Làm Sáng Da 50g,1,Sữa Rửa Mặt,2002,Làm Sạch Da,Chăm Sóc Da Mặt,Làm Sạch Da,Sữa Rửa Mặt,Sức Khỏe - Làm Đẹp -> Chăm Sóc Da Mặt -> Làm Sạch Da -> Sữa Rửa Mặt,True
P_1373,1373,Kem Dưỡng Bio-essence Vàng 24K Ngừa Lão Hóa Ban Đêm 40g,7,Kem / Gel / Dầu Dưỡng,2003,Dưỡng Ẩm,Chăm Sóc Da Mặt,Dưỡng Ẩm,Kem / Gel / Dầu Dưỡng,Sức Khỏe - Làm Đẹp -> Chăm Sóc Da Mặt -> Dưỡng Ẩm -> Kem / Gel / Dầu Dưỡng,True
P_1375,1375,Serum Chống Nắng Garnier Mỏng Nhẹ Bảo Vệ Tối Ưu 30ml,6,Chống Nắng Da Mặt,1001,Chăm Sóc Da Mặt,Chăm Sóc Da Mặt,Chống Nắng Da Mặt,Chống Nắng Da Mặt,Sức Khỏe - Làm Đẹp -> Chăm Sóc Da Mặt -> Chống Nắng Da Mặt,True
P_1376,1376,Combo 10 Mặt Nạ Wonjin Phục Hồi Cấp Tốc 30ml,11,Mặt Nạ Giấy,2001,Mặt Nạ,Chăm Sóc Da Mặt,Mặt Nạ,Mặt Nạ Giấy,Sức Khỏe - Làm Đẹp -> Chăm Sóc Da Mặt -> Mặt Nạ -> Mặt Nạ Giấy,False
P_1378,1378,Serum L'Oreal Dưỡng Sáng Và Mờ Thâm Nám 15ml,9,Serum / Tinh Chất,2004,Đặc Trị,Chăm Sóc Da Mặt,Đặc Trị,Serum / Tinh Chất,Sức Khỏe - Làm Đẹp -> Chăm Sóc Da Mặt -> Đặc Trị -> Serum / Tinh Chất,True
P_1380,1380,Combo 10 Mặt Nạ Colorkey B5 Dưỡng Ẩm Dịu Da Thảo Dược Đông Y 25ml,11,Mặt Nạ Giấy,2001,Mặt Nạ,Chăm Sóc Da Mặt,Mặt Nạ,Mặt Nạ Giấy,Sức Khỏe - Làm Đẹp -> Chăm Sóc Da Mặt -> Mặt Nạ -> Mặt Nạ Giấy,False
P_1386,1386,Gel Tẩy Tế Bào Chết Arrahan Hương Táo 180ml,17,Tẩy Tế Bào Chết Da Mặt,2002,Làm Sạch Da,Chăm Sóc Da Mặt,Làm Sạch Da,Tẩy Tế Bào Chết Da Mặt,Sức Khỏe - Làm Đẹp -> Chăm Sóc Da Mặt -> Làm Sạch Da -> Tẩy Tế Bào Chết Da Mặt,False
P_1387,1387,Sữa Chống Nắng La Roche-Posay Dưỡng Sáng Mờ Thâm SPF50+ 50ml,6,Chống Nắng Da Mặt,1001,Chăm Sóc Da Mặt,Chăm Sóc Da Mặt,Chống Nắng Da Mặt,Chống Nắng Da Mặt,Sức Khỏe - Làm Đẹp -> Chăm Sóc Da Mặt -> Chống Nắng Da Mặt,True
P_1390,1390,Kem Dưỡng La Roche-Posay Làm Dịu Da Cho Trẻ Em 75ml,7,Kem / Gel / Dầu Dưỡng,2003,Dưỡng Ẩm,Chăm Sóc Da Mặt,Dưỡng Ẩm,Kem / Gel / Dầu Dưỡng,Sức Khỏe - Làm Đẹp -> Chăm Sóc Da Mặt -> Dưỡng Ẩm -> Kem / Gel / Dầu Dưỡng,True
P_1391,1391,Serum Angel's Liquid Xoá Thâm Đỏ Mờ Sạm Nám 30ml,9,Serum / Tinh Chất,2004,Đặc Trị,Chăm Sóc Da Mặt,Đặc Trị,Serum / Tinh Chất,Sức Khỏe - Làm Đẹp -> Chăm Sóc Da Mặt -> Đặc Trị -> Serum / Tinh Chất,True
P_1393,1393,Gel Tẩy Tế Bào Chết Naruko Chiết Xuất Tràm Trà 120g,17,Tẩy Tế Bào Chết Da Mặt,2002,Làm Sạch Da,Chăm Sóc Da Mặt,Làm Sạch Da,Tẩy Tế Bào Chết Da Mặt,Sức Khỏe - Làm Đẹp -> Chăm Sóc Da Mặt -> Làm Sạch Da -> Tẩy Tế Bào Chết Da Mặt,False
P_1395,1395,"Sữa Rửa Mặt Derladie Tràm Trà Sạch Sâu, Kiềm Dầu 150ml",1,Sữa Rửa Mặt,2002,Làm Sạch Da,Chăm Sóc Da Mặt,Làm Sạch Da,Sữa Rửa Mặt,Sức Khỏe - Làm Đẹp -> Chăm Sóc Da Mặt -> Làm Sạch Da -> Sữa Rửa Mặt,True
P_1397,1397,Sữa Rửa Mặt Isis Pharma Giảm Nhờn Và Ngăn Ngừa Mụn 40ml,1,Sữa Rửa Mặt,2002,Làm Sạch Da,Chăm Sóc Da Mặt,Làm Sạch Da,Sữa Rửa Mặt,Sức Khỏe - Làm Đẹp -> Chăm Sóc Da Mặt -> Làm Sạch Da -> Sữa Rửa Mặt,True
P_1401,1401,Kem Chống Nắng Round Lab Kiềm Dầu Nâng Tông 50ml,6,Chống Nắng Da Mặt,1001,Chăm Sóc Da Mặt,Chăm Sóc Da Mặt,Chống Nắng Da Mặt,Chống Nắng Da Mặt,Sức Khỏe - Làm Đẹp -> Chăm Sóc Da Mặt -> Chống Nắng Da Mặt,True
P_1402,1402,Serum Axis-Y Dưỡng Sáng & Giảm Thâm 50ml,9,Serum / Tinh Chất,2004,Đặc Trị,Chăm Sóc Da Mặt,Đặc Trị,Serum / Tinh Chất,Sức Khỏe - Làm Đẹp -> Chăm Sóc Da Mặt -> Đặc Trị -> Serum / Tinh Chất,True
P_1403,1403,"Sữa Rửa Mặt Paula’s Choice Cân Bằng Ẩm, Giảm Dầu Thừa 237ml",1,Sữa Rửa Mặt,2002,Làm Sạch Da,Chăm Sóc Da Mặt,Làm Sạch Da,Sữa Rửa Mặt,Sức Khỏe - Làm Đẹp -> Chăm Sóc Da Mặt -> Làm Sạch Da -> Sữa Rửa Mặt,True
P_1410,1410,Sữa Dưỡng Naris Cosmetics Hyaluronic Acid Cấp Ẩm Da 150ml,37,Lotion / Sữa Dưỡng,2003,Dưỡng Ẩm,Chăm Sóc Da Mặt,Dưỡng Ẩm,Lotion / Sữa Dưỡng,Sức Khỏe - Làm Đẹp -> Chăm Sóc Da Mặt -> Dưỡng Ẩm -> Lotion / Sữa Dưỡng,False
P_1412,1412,Serum Jumiso Dưỡng Ẩm Da 50ml,9,Serum / Tinh Chất,2004,Đặc Trị,Chăm Sóc Da Mặt,Đặc Trị,Serum / Tinh Chất,Sức Khỏe - Làm Đẹp -> Chăm Sóc Da Mặt -> Đặc Trị -> Serum / Tinh Chất,True
P_1417,1417,Combo 10 Mặt Nạ Wonjin Tăng Sinh Collagen Cấp Tốc 30ml,11,Mặt Nạ Giấy,2001,Mặt Nạ,Chăm Sóc Da Mặt,Mặt Nạ,Mặt Nạ Giấy,Sức Khỏe - Làm Đẹp -> Chăm Sóc Da Mặt -> Mặt Nạ -> Mặt Nạ Giấy,False
P_1418,1418,"[Mini] Dung Dịch Emmie Peel Trẻ Hóa, Căng Bóng Da Và Ngừa Mụn 2ml",17,Tẩy Tế Bào Chết Da Mặt,2002,Làm Sạch Da,Chăm Sóc Da Mặt,Làm Sạch Da,Tẩy Tế Bào Chết Da Mặt,Sức Khỏe - Làm Đẹp -> Chăm Sóc Da Mặt -> Làm Sạch Da -> Tẩy Tế Bào Chết Da Mặt,False
P_1421,1421,Combo 5 Mặt Nạ Caryophy Phục Hồi Da Đa Năng 25g,11,Mặt Nạ Giấy,2001,Mặt Nạ,Chăm Sóc Da Mặt,Mặt Nạ,Mặt Nạ Giấy,Sức Khỏe - Làm Đẹp -> Chăm Sóc Da Mặt -> Mặt Nạ -> Mặt Nạ Giấy,False
P_1425,1425,Combo 5 Mặt Nạ Wonjin Phục Hồi Cấp Tốc 30ml,11,Mặt Nạ Giấy,2001,Mặt Nạ,Chăm Sóc Da Mặt,Mặt Nạ,Mặt Nạ Giấy,Sức Khỏe - Làm Đẹp -> Chăm Sóc Da Mặt -> Mặt Nạ -> Mặt Nạ Giấy,False
P_1426,1426,Miếng Dán Mũi Lột Mụn Bioré Than Hoạt Tính (4 Miếng),25,Hỗ Trợ Trị Mụn,2004,Đặc Trị,Chăm Sóc Da Mặt,Đặc Trị,Hỗ Trợ Trị Mụn,Sức Khỏe - Làm Đẹp -> Chăm Sóc Da Mặt -> Đặc Trị -> Hỗ Trợ Trị Mụn,True
P_1428,1428,Sữa Chống Nắng Sunplay Dưỡng Da Ẩm Mịn 30g,6,Chống Nắng Da Mặt,1001,Chăm Sóc Da Mặt,Chăm Sóc Da Mặt,Chống Nắng Da Mặt,Chống Nắng Da Mặt,Sức Khỏe - Làm Đẹp -> Chăm Sóc Da Mặt -> Chống Nắng Da Mặt,True
P_1429,1429,Tinh Chất Torriden Vitamin C Sáng Mịn Da 30ml,9,Serum / Tinh Chất,2004,Đặc Trị,Chăm Sóc Da Mặt,Đặc Trị,Serum / Tinh Chất,Sức Khỏe - Làm Đẹp -> Chăm Sóc Da Mặt -> Đặc Trị -> Serum / Tinh Chất,True
P_1430,1430,"Sáp Tẩy Trang Banila Co Cho Da Dầu, Mụn 100ml",2,Tẩy Trang Mặt,2002,Làm Sạch Da,Chăm Sóc Da Mặt,Làm Sạch Da,Tẩy Trang Mặt,Sức Khỏe - Làm Đẹp -> Chăm Sóc Da Mặt -> Làm Sạch Da -> Tẩy Trang Mặt,False
P_1431,1431,Kem Dưỡng Naris Cosmetics Cấp Ẩm Chuyên Sâu 48g,7,Kem / Gel / Dầu Dưỡng,2003,Dưỡng Ẩm,Chăm Sóc Da Mặt,Dưỡng Ẩm,Kem / Gel / Dầu Dưỡng,Sức Khỏe - Làm Đẹp -> Chăm Sóc Da Mặt -> Dưỡng Ẩm -> Kem / Gel / Dầu Dưỡng,True
P_1434,1434,Kem Dưỡng Forencos Dầu Marula Nâng Tông Da Ban Ngày 10ml,7,Kem / Gel / Dầu Dưỡng,2003,Dưỡng Ẩm,Chăm Sóc Da Mặt,Dưỡng Ẩm,Kem / Gel / Dầu Dưỡng,Sức Khỏe - Làm Đẹp -> Chăm Sóc Da Mặt -> Dưỡng Ẩm -> Kem / Gel / Dầu Dưỡng,True
P_1439,1439,"Combo 10 Mặt Nạ BNBG Placenta Truyền Năng Lượng, Phục Hồi Da 30ml",11,Mặt Nạ Giấy,2001,Mặt Nạ,Chăm Sóc Da Mặt,Mặt Nạ,Mặt Nạ Giấy,Sức Khỏe - Làm Đẹp -> Chăm Sóc Da Mặt -> Mặt Nạ -> Mặt Nạ Giấy,False
P_1441,1441,Mascara Dưỡng Mi Milaganics Dầu Dừa Nguyên Chất 5ml,38,Serum / Kem Dưỡng Mắt,2005,Dưỡng Mắt,Chăm Sóc Da Mặt,Dưỡng Mắt,Serum / Kem Dưỡng Mắt,Sức Khỏe - Làm Đẹp -> Chăm Sóc Da Mặt -> Dưỡng Mắt -> Serum / Kem Dưỡng Mắt,False
P_1443,1443,Kem Dưỡng Senka Cấp Ẩm Chuyên Sâu 50g,7,Kem / Gel / Dầu Dưỡng,2003,Dưỡng Ẩm,Chăm Sóc Da Mặt,Dưỡng Ẩm,Kem / Gel / Dầu Dưỡng,Sức Khỏe - Làm Đẹp -> Chăm Sóc Da Mặt -> Dưỡng Ẩm -> Kem / Gel / Dầu Dưỡng,True
P_1446,1446,"Lotion Naris Cosmetics Dưỡng Ẩm Da, Ngăn Ngừa Lão Hóa 180ml",37,Lotion / Sữa Dưỡng,2003,Dưỡng Ẩm,Chăm Sóc Da Mặt,Dưỡng Ẩm,Lotion / Sữa Dưỡng,Sức Khỏe - Làm Đẹp -> Chăm Sóc Da Mặt -> Dưỡng Ẩm -> Lotion / Sữa Dưỡng,False
P_1449,1449,Kem Chống Nắng Dermablock Che Khuyết Điểm 2 Trong 1 35ml,6,Chống Nắng Da Mặt,1001,Chăm Sóc Da Mặt,Chăm Sóc Da Mặt,Chống Nắng Da Mặt,Chống Nắng Da Mặt,Sức Khỏe - Làm Đẹp -> Chăm Sóc Da Mặt -> Chống Nắng Da Mặt,True
P_1452,1452,"Combo 2 Nước Tẩy Trang La Roche-Posay Cho Da Dầu, Nhạy Cảm 400ml",2,Tẩy Trang Mặt,2002,Làm Sạch Da,Chăm Sóc Da Mặt,Làm Sạch Da,Tẩy Trang Mặt,Sức Khỏe - Làm Đẹp -> Chăm Sóc Da Mặt -> Làm Sạch Da -> Tẩy Trang Mặt,False
P_1453,1453,Sữa Chống Nắng Bioderma Phổ Rộng Ráo Mịn - Không Màu 40ml,6,Chống Nắng Da Mặt,1001,Chăm Sóc Da Mặt,Chăm Sóc Da Mặt,Chống Nắng Da Mặt,Chống Nắng Da Mặt,Sức Khỏe - Làm Đẹp -> Chăm Sóc Da Mặt -> Chống Nắng Da Mặt,True
P_1455,1455,Combo Sáp Dưỡng Môi Vaseline Hương Hoa Hồng & Vani 7gx2,18,Son Dưỡng Môi,2006,Dưỡng Môi,Chăm Sóc Da Mặt,Dưỡng Môi,Son Dưỡng Môi,Sức Khỏe - Làm Đẹp -> Chăm Sóc Da Mặt -> Dưỡng Môi -> Son Dưỡng Môi,False
P_1457,1457,Son Dưỡng Judydoll Có Màu Cấp Ẩm - 09 Đỏ Kẹo Hồ Lô 3g,18,Son Dưỡng Môi,2006,Dưỡng Môi,Chăm Sóc Da Mặt,Dưỡng Môi,Son Dưỡng Môi,Sức Khỏe - Làm Đẹp -> Chăm Sóc Da Mặt -> Dưỡng Môi -> Son Dưỡng Môi,False
P_1458,1458,Kem Dưỡng Bioderma Cấp Ẩm Và Làm Dịu Cho Da Nhạy Cảm 40ml,7,Kem / Gel / Dầu Dưỡng,2003,Dưỡng Ẩm,Chăm Sóc Da Mặt,Dưỡng Ẩm,Kem / Gel / Dầu Dưỡng,Sức Khỏe - Làm Đẹp -> Chăm Sóc Da Mặt -> Dưỡng Ẩm -> Kem / Gel / Dầu Dưỡng,True
P_1461,1461,Nước Hoa Hồng L'Oreal Làm Giảm Nếp Nhăn 200ml,4,Toner / Nước Cân Bằng Da,2002,Làm Sạch Da,Chăm Sóc Da Mặt,Làm Sạch Da,Toner / Nước Cân Bằng Da,Sức Khỏe - Làm Đẹp -> Chăm Sóc Da Mặt -> Làm Sạch Da -> Toner / Nước Cân Bằng Da,False
P_1462,1462,Gel Dưỡng Eucerin Làm Sáng Da & Cấp Ẩm Tối Ưu 50ml,7,Kem / Gel / Dầu Dưỡng,2003,Dưỡng Ẩm,Chăm Sóc Da Mặt,Dưỡng Ẩm,Kem / Gel / Dầu Dưỡng,Sức Khỏe - Làm Đẹp -> Chăm Sóc Da Mặt -> Dưỡng Ẩm -> Kem / Gel / Dầu Dưỡng,True
P_1465,1465,Sữa Rửa Mặt St.Ives Tẩy Tế Bào Chết Cà Phê & Dừa 170g,1,Sữa Rửa Mặt,2002,Làm Sạch Da,Chăm Sóc Da Mặt,Làm Sạch Da,Sữa Rửa Mặt,Sức Khỏe - Làm Đẹp -> Chăm Sóc Da Mặt -> Làm Sạch Da -> Sữa Rửa Mặt,True
P_1467,1467,Mặt Nạ Đất Sét Derladie Hút Dầu Kiểm Soát Nhờn 60g,19,Mặt Nạ Rửa,2001,Mặt Nạ,Chăm Sóc Da Mặt,Mặt Nạ,Mặt Nạ Rửa,Sức Khỏe - Làm Đẹp -> Chăm Sóc Da Mặt -> Mặt Nạ -> Mặt Nạ Rửa,False
P_1469,1469,"Kem Dưỡng Sur.Medic+ Dưỡng Sáng, Căng Bóng Da 50ml",7,Kem / Gel / Dầu Dưỡng,2003,Dưỡng Ẩm,Chăm Sóc Da Mặt,Dưỡng Ẩm,Kem / Gel / Dầu Dưỡng,Sức Khỏe - Làm Đẹp -> Chăm Sóc Da Mặt -> Dưỡng Ẩm -> Kem / Gel / Dầu Dưỡng,True
P_1473,1473,"Xịt Khoáng Vichy Làm Dịu, Củng Cố & Cấp Ẩm Cho Da 150ml",30,Xịt Khoáng,2003,Dưỡng Ẩm,Chăm Sóc Da Mặt,Dưỡng Ẩm,Xịt Khoáng,Sức Khỏe - Làm Đẹp -> Chăm Sóc Da Mặt -> Dưỡng Ẩm -> Xịt Khoáng,False
P_1476,1476,Nước Tẩy Trang Cocoon Hoa Hồng Cấp Ẩm Da 310ml,2,Tẩy Trang Mặt,2002,Làm Sạch Da,Chăm Sóc Da Mặt,Làm Sạch Da,Tẩy Trang Mặt,Sức Khỏe - Làm Đẹp -> Chăm Sóc Da Mặt -> Làm Sạch Da -> Tẩy Trang Mặt,False
P_1477,1477,Gel Chống Nắng Cetaphil Dịu Lành Cho Da Nhạy Cảm 50ml,6,Chống Nắng Da Mặt,1001,Chăm Sóc Da Mặt,Chăm Sóc Da Mặt,Chống Nắng Da Mặt,Chống Nắng Da Mặt,Sức Khỏe - Làm Đẹp -> Chăm Sóc Da Mặt -> Chống Nắng Da Mặt,True
P_1478,1478,Combo 2 Kem Dưỡng Olay Luminous Sáng Da Mờ Thâm Nám Ban Ngày 50g,7,Kem / Gel / Dầu Dưỡng,2003,Dưỡng Ẩm,Chăm Sóc Da Mặt,Dưỡng Ẩm,Kem / Gel / Dầu Dưỡng,Sức Khỏe - Làm Đẹp -> Chăm Sóc Da Mặt -> Dưỡng Ẩm -> Kem / Gel / Dầu Dưỡng,True
P_1479,1479,Sữa Dưỡng Ẩm Cetaphil Dịu Lành Cho Da Nhạy Cảm 237ml,7,Kem / Gel / Dầu Dưỡng,2003,Dưỡng Ẩm,Chăm Sóc Da Mặt,Dưỡng Ẩm,Kem / Gel / Dầu Dưỡng,Sức Khỏe - Làm Đẹp -> Chăm Sóc Da Mặt -> Dưỡng Ẩm -> Kem / Gel / Dầu Dưỡng,True
P_1481,1481,Nước Cân Bằng Cocoon Sen Hậu Giang Làm Dịu Da Nhạy Cảm 500ml,4,Toner / Nước Cân Bằng Da,2002,Làm Sạch Da,Chăm Sóc Da Mặt,Làm Sạch Da,Toner / Nước Cân Bằng Da,Sức Khỏe - Làm Đẹp -> Chăm Sóc Da Mặt -> Làm Sạch Da -> Toner / Nước Cân Bằng Da,False
P_1482,1482,Sữa Rửa Mặt Neutrogena Làm Sạch Sâu Dạng Gel 150ml,1,Sữa Rửa Mặt,2002,Làm Sạch Da,Chăm Sóc Da Mặt,Làm Sạch Da,Sữa Rửa Mặt,Sức Khỏe - Làm Đẹp -> Chăm Sóc Da Mặt -> Làm Sạch Da -> Sữa Rửa Mặt,True
P_1483,1483,"Serum DrCeutics BHA + Zinc Giảm Mụn, Giảm Tiết Dầu 30g",9,Serum / Tinh Chất,2004,Đặc Trị,Chăm Sóc Da Mặt,Đặc Trị,Serum / Tinh Chất,Sức Khỏe - Làm Đẹp -> Chăm Sóc Da Mặt -> Đặc Trị -> Serum / Tinh Chất,True
P_1485,1485,"Mặt Nạ Đất Sét Aperire Quả Mọng Thải Độc, Làm Sáng Da 120g",19,Mặt Nạ Rửa,2001,Mặt Nạ,Chăm Sóc Da Mặt,Mặt Nạ,Mặt Nạ Rửa,Sức Khỏe - Làm Đẹp -> Chăm Sóc Da Mặt -> Mặt Nạ -> Mặt Nạ Rửa,False
P_1486,1486,Mặt Nạ Klairs Làm Dịu Da & Kiểm Soát Dầu Nhờn 25ml,11,Mặt Nạ Giấy,2001,Mặt Nạ,Chăm Sóc Da Mặt,Mặt Nạ,Mặt Nạ Giấy,Sức Khỏe - Làm Đẹp -> Chăm Sóc Da Mặt -> Mặt Nạ -> Mặt Nạ Giấy,False
P_1487,1487,Nước Tẩy Trang Simple Cho Da Dầu Mụn 400ml,2,Tẩy Trang Mặt,2002,Làm Sạch Da,Chăm Sóc Da Mặt,Làm Sạch Da,Tẩy Trang Mặt,Sức Khỏe - Làm Đẹp -> Chăm Sóc Da Mặt -> Làm Sạch Da -> Tẩy Trang Mặt,False
P_1492,1492,Kem Chống Nắng Cetaphil Vật Lý Cho Da Nhạy Cảm SPF50 50g,6,Chống Nắng Da Mặt,1001,Chăm Sóc Da Mặt,Chăm Sóc Da Mặt,Chống Nắng Da Mặt,Chống Nắng Da Mặt,Sức Khỏe - Làm Đẹp -> Chăm Sóc Da Mặt -> Chống Nắng Da Mặt,True
P_1494,1494,"Kem Dưỡng Mắt Torriden Săn Chắc Da, Giảm Quầng Thâm 30ml",38,Serum / Kem Dưỡng Mắt,2005,Dưỡng Mắt,Chăm Sóc Da Mặt,Dưỡng Mắt,Serum / Kem Dưỡng Mắt,Sức Khỏe - Làm Đẹp -> Chăm Sóc Da Mặt -> Dưỡng Mắt -> Serum / Kem Dưỡng Mắt,False
P_1496,1496,Sữa Rửa Mặt Torriden Tạo Bọt Dưỡng Ẩm Da 150ml,1,Sữa Rửa Mặt,2002,Làm Sạch Da,Chăm Sóc Da Mặt,Làm Sạch Da,Sữa Rửa Mặt,Sức Khỏe - Làm Đẹp -> Chăm Sóc Da Mặt -> Làm Sạch Da -> Sữa Rửa Mặt,True
P_1499,1499,Combo Simple Chăm Sóc Cho Da Sạch Sâu Ẩm Mịn 3 Món,3,Bộ Chăm Sóc Da Mặt,1001,Chăm Sóc Da Mặt,Chăm Sóc Da Mặt,Bộ Chăm Sóc Da Mặt,Bộ Chăm Sóc Da Mặt,Sức Khỏe - Làm Đẹp -> Chăm Sóc Da Mặt -> Bộ Chăm Sóc Da Mặt,False
P_1500,1500,Sữa Rửa Mặt Senka Đất Sét Trắng Làm Đều Màu Da 120g,1,Sữa Rửa Mặt,2002,Làm Sạch Da,Chăm Sóc Da Mặt,Làm Sạch Da,Sữa Rửa Mặt,Sức Khỏe - Làm Đẹp -> Chăm Sóc Da Mặt -> Làm Sạch Da -> Sữa Rửa Mặt,True
P_1501,1501,Combo Cocoon Dầu Tẩy Trang Hoa Hồng & Mặt Nạ Nghệ Hưng Yên 140ml+30ml,3,Bộ Chăm Sóc Da Mặt,1001,Chăm Sóc Da Mặt,Chăm Sóc Da Mặt,Bộ Chăm Sóc Da Mặt,Bộ Chăm Sóc Da Mặt,Sức Khỏe - Làm Đẹp -> Chăm Sóc Da Mặt -> Bộ Chăm Sóc Da Mặt,False
P_1503,1503,Combo 2 Nước Tẩy Trang Eveline Hyaluron Clinic B5 Cấp Ẩm 500ml,2,Tẩy Trang Mặt,2002,Làm Sạch Da,Chăm Sóc Da Mặt,Làm Sạch Da,Tẩy Trang Mặt,Sức Khỏe - Làm Đẹp -> Chăm Sóc Da Mặt -> Làm Sạch Da -> Tẩy Trang Mặt,False
P_1504,1504,[Mua 1 Tặng 1] Clinicos Kem Chống Nắng Nâng Tông Tự Nhiên 50ml + Kem Chống Nắng Cho Da Nhạy Cảm 50ml,6,Chống Nắng Da Mặt,1001,Chăm Sóc Da Mặt,Chăm Sóc Da Mặt,Chống Nắng Da Mặt,Chống Nắng Da Mặt,Sức Khỏe - Làm Đẹp -> Chăm Sóc Da Mặt -> Chống Nắng Da Mặt,True
P_1506,1506,Gel Rửa Mặt SVR Dành Cho Da Nhạy Cảm 55ml,1,Sữa Rửa Mặt,2002,Làm Sạch Da,Chăm Sóc Da Mặt,Làm Sạch Da,Sữa Rửa Mặt,Sức Khỏe - Làm Đẹp -> Chăm Sóc Da Mặt -> Làm Sạch Da -> Sữa Rửa Mặt,True
P_1508,1508,"Kem Chống Nắng Vichy Bảo Vệ, Giảm Lão Hóa 50ml",6,Chống Nắng Da Mặt,1001,Chăm Sóc Da Mặt,Chăm Sóc Da Mặt,Chống Nắng Da Mặt,Chống Nắng Da Mặt,Sức Khỏe - Làm Đẹp -> Chăm Sóc Da Mặt -> Chống Nắng Da Mặt,True
P_1510,1510,"Kem Dưỡng Fixderma Làm Giảm Thâm, Nám, Tàn Nhang 15g",7,Kem / Gel / Dầu Dưỡng,2003,Dưỡng Ẩm,Chăm Sóc Da Mặt,Dưỡng Ẩm,Kem / Gel / Dầu Dưỡng,Sức Khỏe - Làm Đẹp -> Chăm Sóc Da Mặt -> Dưỡng Ẩm -> Kem / Gel / Dầu Dưỡng,True
P_1513,1513,Combo 2 Son Dưỡng Cocoon Dầu Dừa Bến Tre 5g,18,Son Dưỡng Môi,2006,Dưỡng Môi,Chăm Sóc Da Mặt,Dưỡng Môi,Son Dưỡng Môi,Sức Khỏe - Làm Đẹp -> Chăm Sóc Da Mặt -> Dưỡng Môi -> Son Dưỡng Môi,False
P_1514,1514,"Mặt Nạ Banobagi Làm Sáng Da, Tẩy Tế Bào Chết (Xám) 30g",11,Mặt Nạ Giấy,2001,Mặt Nạ,Chăm Sóc Da Mặt,Mặt Nạ,Mặt Nạ Giấy,Sức Khỏe - Làm Đẹp -> Chăm Sóc Da Mặt -> Mặt Nạ -> Mặt Nạ Giấy,False
P_1517,1517,Toner Compliment BHA Kiềm Dầu Sáng Da 200ml,4,Toner / Nước Cân Bằng Da,2002,Làm Sạch Da,Chăm Sóc Da Mặt,Làm Sạch Da,Toner / Nước Cân Bằng Da,Sức Khỏe - Làm Đẹp -> Chăm Sóc Da Mặt -> Làm Sạch Da -> Toner / Nước Cân Bằng Da,False
P_1518,1518,Combo 10 Mặt Nạ Sur.Medic+ Cấp Nước & Cấp Ẩm Chuyên Sâu 30g,11,Mặt Nạ Giấy,2001,Mặt Nạ,Chăm Sóc Da Mặt,Mặt Nạ,Mặt Nạ Giấy,Sức Khỏe - Làm Đẹp -> Chăm Sóc Da Mặt -> Mặt Nạ -> Mặt Nạ Giấy,False
P_1520,1520,"Túi Refill Dung Dịch Hada Labo Dưỡng Ẩm Da Thường, Khô 170ml",37,Lotion / Sữa Dưỡng,2003,Dưỡng Ẩm,Chăm Sóc Da Mặt,Dưỡng Ẩm,Lotion / Sữa Dưỡng,Sức Khỏe - Làm Đẹp -> Chăm Sóc Da Mặt -> Dưỡng Ẩm -> Lotion / Sữa Dưỡng,False
P_1523,1523,"Gel Dưỡng DrCeutics 5% Dual Urea Cấp Ẩm, Phục Hồi Da 50g",7,Kem / Gel / Dầu Dưỡng,2003,Dưỡng Ẩm,Chăm Sóc Da Mặt,Dưỡng Ẩm,Kem / Gel / Dầu Dưỡng,Sức Khỏe - Làm Đẹp -> Chăm Sóc Da Mặt -> Dưỡng Ẩm -> Kem / Gel / Dầu Dưỡng,True
P_1528,1528,Dung Dịch Hada Labo Dưỡng Ẩm Tối Ưu Cho Da Dầu 100ml,37,Lotion / Sữa Dưỡng,2003,Dưỡng Ẩm,Chăm Sóc Da Mặt,Dưỡng Ẩm,Lotion / Sữa Dưỡng,Sức Khỏe - Làm Đẹp -> Chăm Sóc Da Mặt -> Dưỡng Ẩm -> Lotion / Sữa Dưỡng,False
P_1531,1531,Sữa Rửa Mặt Naris Nature Cho Da Mụn Chiết Xuất Mù Tạt 100g,1,Sữa Rửa Mặt,2002,Làm Sạch Da,Chăm Sóc Da Mặt,Làm Sạch Da,Sữa Rửa Mặt,Sức Khỏe - Làm Đẹp -> Chăm Sóc Da Mặt -> Làm Sạch Da -> Sữa Rửa Mặt,True
P_1532,1532,"Combo 10 Mặt Nạ Banobagi Cấp Ẩm Đàn Hồi, Căng Bóng Da 30g",11,Mặt Nạ Giấy,2001,Mặt Nạ,Chăm Sóc Da Mặt,Mặt Nạ,Mặt Nạ Giấy,Sức Khỏe - Làm Đẹp -> Chăm Sóc Da Mặt -> Mặt Nạ -> Mặt Nạ Giấy,False
P_1535,1535,Mặt Nạ I'm from Chiết Xuất Ngải Cứu Làm Dịu Da 20ml,11,Mặt Nạ Giấy,2001,Mặt Nạ,Chăm Sóc Da Mặt,Mặt Nạ,Mặt Nạ Giấy,Sức Khỏe - Làm Đẹp -> Chăm Sóc Da Mặt -> Mặt Nạ -> Mặt Nạ Giấy,False
P_1539,1539,"Sữa Rửa Mặt Embryolisse Làm Sạch Sâu, Chống Oxy Hóa 200ml",1,Sữa Rửa Mặt,2002,Làm Sạch Da,Chăm Sóc Da Mặt,Làm Sạch Da,Sữa Rửa Mặt,Sức Khỏe - Làm Đẹp -> Chăm Sóc Da Mặt -> Làm Sạch Da -> Sữa Rửa Mặt,True
P_1540,1540,Gel Chống Nắng Sunplay Dưỡng Da Sáng Mịn 70g,6,Chống Nắng Da Mặt,1001,Chăm Sóc Da Mặt,Chăm Sóc Da Mặt,Chống Nắng Da Mặt,Chống Nắng Da Mặt,Sức Khỏe - Làm Đẹp -> Chăm Sóc Da Mặt -> Chống Nắng Da Mặt,True
P_1544,1544,"Serum Melano CC Dưỡng Sáng Cao Cấp, Cải Thiện Thâm Nám 20ml",9,Serum / Tinh Chất,2004,Đặc Trị,Chăm Sóc Da Mặt,Đặc Trị,Serum / Tinh Chất,Sức Khỏe - Làm Đẹp -> Chăm Sóc Da Mặt -> Đặc Trị -> Serum / Tinh Chất,True
P_1552,1552,"Combo 2 Kem Chống Nắng Caryophy Nâng Tone, Ngừa Mụn 50ml",3,Bộ Chăm Sóc Da Mặt,1001,Chăm Sóc Da Mặt,Chăm Sóc Da Mặt,Bộ Chăm Sóc Da Mặt,Bộ Chăm Sóc Da Mặt,Sức Khỏe - Làm Đẹp -> Chăm Sóc Da Mặt -> Bộ Chăm Sóc Da Mặt,False
P_1554,1554,Combo 2 Kem Chống Nắng Neutrogena Ultra Sheer SPF 50 88ml,6,Chống Nắng Da Mặt,1001,Chăm Sóc Da Mặt,Chăm Sóc Da Mặt,Chống Nắng Da Mặt,Chống Nắng Da Mặt,Sức Khỏe - Làm Đẹp -> Chăm Sóc Da Mặt -> Chống Nắng Da Mặt,True
P_1555,1555,"Combo 2 Tinh Chất La Bonita B5 Hỗ Trợ Phục Hồi, Làm Dịu Da 50ml",9,Serum / Tinh Chất,2004,Đặc Trị,Chăm Sóc Da Mặt,Đặc Trị,Serum / Tinh Chất,Sức Khỏe - Làm Đẹp -> Chăm Sóc Da Mặt -> Đặc Trị -> Serum / Tinh Chất,True
P_1558,1558,"Gel Rửa Mặt Cetaphil Sạch Sâu, Tẩy Tế Bào Chết Dịu Nhẹ 236ml",1,Sữa Rửa Mặt,2002,Làm Sạch Da,Chăm Sóc Da Mặt,Làm Sạch Da,Sữa Rửa Mặt,Sức Khỏe - Làm Đẹp -> Chăm Sóc Da Mặt -> Làm Sạch Da -> Sữa Rửa Mặt,True
P_1560,1560,Son Dưỡng Có Màu Vaseline Hồng Ngọt Ngào 3g,18,Son Dưỡng Môi,2006,Dưỡng Môi,Chăm Sóc Da Mặt,Dưỡng Môi,Son Dưỡng Môi,Sức Khỏe - Làm Đẹp -> Chăm Sóc Da Mặt -> Dưỡng Môi -> Son Dưỡng Môi,False
P_1561,1561,Gel Sữa Chống Nắng Senka Ẩm Mượt Cho Da Khô 80g,6,Chống Nắng Da Mặt,1001,Chăm Sóc Da Mặt,Chăm Sóc Da Mặt,Chống Nắng Da Mặt,Chống Nắng Da Mặt,Sức Khỏe - Làm Đẹp -> Chăm Sóc Da Mặt -> Chống Nắng Da Mặt,True
P_1562,1562,Sữa Rửa Mặt Bio-essence Tạo Bọt Cấp Ẩm Làm Dịu Da 100g,1,Sữa Rửa Mặt,2002,Làm Sạch Da,Chăm Sóc Da Mặt,Làm Sạch Da,Sữa Rửa Mặt,Sức Khỏe - Làm Đẹp -> Chăm Sóc Da Mặt -> Làm Sạch Da -> Sữa Rửa Mặt,True
P_1564,1564,"Hộp 10 Mặt Nạ Keyshu Cúc La Mã Cấp Ẩm, Phục Hồi Dịu Da 30ml",11,Mặt Nạ Giấy,2001,Mặt Nạ,Chăm Sóc Da Mặt,Mặt Nạ,Mặt Nạ Giấy,Sức Khỏe - Làm Đẹp -> Chăm Sóc Da Mặt -> Mặt Nạ -> Mặt Nạ Giấy,False
P_1567,1567,Combo 2 Kem Dưỡng Olay Luminous Sáng Da Mờ Thâm Nám Ban Đêm 50g,7,Kem / Gel / Dầu Dưỡng,2003,Dưỡng Ẩm,Chăm Sóc Da Mặt,Dưỡng Ẩm,Kem / Gel / Dầu Dưỡng,Sức Khỏe - Làm Đẹp -> Chăm Sóc Da Mặt -> Dưỡng Ẩm -> Kem / Gel / Dầu Dưỡng,True
P_1568,1568,"Mặt Nạ BNBG PDRN Cấp Ẩm Đa Tầng, Căng Bóng Da 30ml",11,Mặt Nạ Giấy,2001,Mặt Nạ,Chăm Sóc Da Mặt,Mặt Nạ,Mặt Nạ Giấy,Sức Khỏe - Làm Đẹp -> Chăm Sóc Da Mặt -> Mặt Nạ -> Mặt Nạ Giấy,False
P_1571,1571,Kem Rửa Mặt Acnes Giúp Ngừa Mụn 100g,1,Sữa Rửa Mặt,2002,Làm Sạch Da,Chăm Sóc Da Mặt,Làm Sạch Da,Sữa Rửa Mặt,Sức Khỏe - Làm Đẹp -> Chăm Sóc Da Mặt -> Làm Sạch Da -> Sữa Rửa Mặt,True
P_1575,1575,Tẩy Tế Bào Chết Môi BareSoul 20g,73,Tẩy Tế Bào Chết Môi,2006,Dưỡng Môi,Chăm Sóc Da Mặt,Dưỡng Môi,Tẩy Tế Bào Chết Môi,Sức Khỏe - Làm Đẹp -> Chăm Sóc Da Mặt -> Dưỡng Môi -> Tẩy Tế Bào Chết Môi,False
P_1576,1576,[Mini] Gel Rửa Mặt Bioderma Dành Cho Da Dầu & Hỗn Hợp 100ml,1,Sữa Rửa Mặt,2002,Làm Sạch Da,Chăm Sóc Da Mặt,Làm Sạch Da,Sữa Rửa Mặt,Sức Khỏe - Làm Đẹp -> Chăm Sóc Da Mặt -> Làm Sạch Da -> Sữa Rửa Mặt,True
P_1577,1577,Nước Cân Bằng Cetaphil Phục Hồi Và Nuôi Dưỡng Da 150ml,4,Toner / Nước Cân Bằng Da,2002,Làm Sạch Da,Chăm Sóc Da Mặt,Làm Sạch Da,Toner / Nước Cân Bằng Da,Sức Khỏe - Làm Đẹp -> Chăm Sóc Da Mặt -> Làm Sạch Da -> Toner / Nước Cân Bằng Da,False
P_1579,1579,"Combo 10 Mặt Nạ Banobagi Dưỡng Sáng, Chăm Sóc Da Mụn 30g",11,Mặt Nạ Giấy,2001,Mặt Nạ,Chăm Sóc Da Mặt,Mặt Nạ,Mặt Nạ Giấy,Sức Khỏe - Làm Đẹp -> Chăm Sóc Da Mặt -> Mặt Nạ -> Mặt Nạ Giấy,False
P_1583,1583,"Kem Dưỡng Acnes Vitamin Sáng Da, Mờ Sẹo Thâm 40g",7,Kem / Gel / Dầu Dưỡng,2003,Dưỡng Ẩm,Chăm Sóc Da Mặt,Dưỡng Ẩm,Kem / Gel / Dầu Dưỡng,Sức Khỏe - Làm Đẹp -> Chăm Sóc Da Mặt -> Dưỡng Ẩm -> Kem / Gel / Dầu Dưỡng,True
P_1584,1584,"Mặt Nạ Keyshu Sợi Xơ Rau Má Cấp Ẩm, Ngừa Lão Hóa 30ml",11,Mặt Nạ Giấy,2001,Mặt Nạ,Chăm Sóc Da Mặt,Mặt Nạ,Mặt Nạ Giấy,Sức Khỏe - Làm Đẹp -> Chăm Sóc Da Mặt -> Mặt Nạ -> Mặt Nạ Giấy,False
P_1589,1589,"Dung Dịch Cân Bằng Da Bioderma Cho Da Dầu, Hỗn Hợp 200ml",4,Toner / Nước Cân Bằng Da,2002,Làm Sạch Da,Chăm Sóc Da Mặt,Làm Sạch Da,Toner / Nước Cân Bằng Da,Sức Khỏe - Làm Đẹp -> Chăm Sóc Da Mặt -> Làm Sạch Da -> Toner / Nước Cân Bằng Da,False
P_1590,1590,"Toner Pyunkang Yul Cấp Ẩm, Làm Dịu Da 100ml",4,Toner / Nước Cân Bằng Da,2002,Làm Sạch Da,Chăm Sóc Da Mặt,Làm Sạch Da,Toner / Nước Cân Bằng Da,Sức Khỏe - Làm Đẹp -> Chăm Sóc Da Mặt -> Làm Sạch Da -> Toner / Nước Cân Bằng Da,False
P_1591,1591,Kem Chống Nắng B.O.M Nâng Tông Dịu Nhẹ 50ml,6,Chống Nắng Da Mặt,1001,Chăm Sóc Da Mặt,Chăm Sóc Da Mặt,Chống Nắng Da Mặt,Chống Nắng Da Mặt,Sức Khỏe - Làm Đẹp -> Chăm Sóc Da Mặt -> Chống Nắng Da Mặt,True
P_1594,1594,Mặt Nạ Đất Sét Compliment AHAs & Đất Sét Xanh Sạch Sâu 80ml,19,Mặt Nạ Rửa,2001,Mặt Nạ,Chăm Sóc Da Mặt,Mặt Nạ,Mặt Nạ Rửa,Sức Khỏe - Làm Đẹp -> Chăm Sóc Da Mặt -> Mặt Nạ -> Mặt Nạ Rửa,False
P_1596,1596,Dầu Tẩy Trang Curél Cấp Ẩm Chuyên Sâu 150ml,2,Tẩy Trang Mặt,2002,Làm Sạch Da,Chăm Sóc Da Mặt,Làm Sạch Da,Tẩy Trang Mặt,Sức Khỏe - Làm Đẹp -> Chăm Sóc Da Mặt -> Làm Sạch Da -> Tẩy Trang Mặt,False
P_1597,1597,Son Dưỡng Ẩm Naris Ngừa Nhăn Môi Dạng Thỏi 3g,18,Son Dưỡng Môi,2006,Dưỡng Môi,Chăm Sóc Da Mặt,Dưỡng Môi,Son Dưỡng Môi,Sức Khỏe - Làm Đẹp -> Chăm Sóc Da Mặt -> Dưỡng Môi -> Son Dưỡng Môi,False
P_1601,1601,Dầu Tẩy Trang Kosé Softymo Làm Sạch Nhanh 230ml,2,Tẩy Trang Mặt,2002,Làm Sạch Da,Chăm Sóc Da Mặt,Làm Sạch Da,Tẩy Trang Mặt,Sức Khỏe - Làm Đẹp -> Chăm Sóc Da Mặt -> Làm Sạch Da -> Tẩy Trang Mặt,False
P_1606,1606,Son Dưỡng B.O.M 02 Pure Red - Đỏ Tự Nhiên 4.5g,18,Son Dưỡng Môi,2006,Dưỡng Môi,Chăm Sóc Da Mặt,Dưỡng Môi,Son Dưỡng Môi,Sức Khỏe - Làm Đẹp -> Chăm Sóc Da Mặt -> Dưỡng Môi -> Son Dưỡng Môi,False
P_1615,1615,"Combo 10 Mặt Nạ BNBG Exosome Nâng Cơ, Trẻ Hoá Da 30ml",11,Mặt Nạ Giấy,2001,Mặt Nạ,Chăm Sóc Da Mặt,Mặt Nạ,Mặt Nạ Giấy,Sức Khỏe - Làm Đẹp -> Chăm Sóc Da Mặt -> Mặt Nạ -> Mặt Nạ Giấy,False
P_1616,1616,"Nước Tẩy Trang La Roche-Posay Cho Da Dầu, Nhạy Cảm 200ml",2,Tẩy Trang Mặt,2002,Làm Sạch Da,Chăm Sóc Da Mặt,Làm Sạch Da,Tẩy Trang Mặt,Sức Khỏe - Làm Đẹp -> Chăm Sóc Da Mặt -> Làm Sạch Da -> Tẩy Trang Mặt,False
P_1617,1617,Gel Giảm Mụn Acnes Đầu Trắng Và Đầu Đen 18g,25,Hỗ Trợ Trị Mụn,2004,Đặc Trị,Chăm Sóc Da Mặt,Đặc Trị,Hỗ Trợ Trị Mụn,Sức Khỏe - Làm Đẹp -> Chăm Sóc Da Mặt -> Đặc Trị -> Hỗ Trợ Trị Mụn,True
P_1618,1618,Sữa Rửa Mặt St.Ives Tẩy Tế Bào Chết Hoa Hồng & Lô Hội 170g,1,Sữa Rửa Mặt,2002,Làm Sạch Da,Chăm Sóc Da Mặt,Làm Sạch Da,Sữa Rửa Mặt,Sức Khỏe - Làm Đẹp -> Chăm Sóc Da Mặt -> Làm Sạch Da -> Sữa Rửa Mặt,True
P_1623,1623,Combo 2 Nước Tẩy Trang JMsolution Rau Má Cho Da Dầu Mụn 500ml,2,Tẩy Trang Mặt,2002,Làm Sạch Da,Chăm Sóc Da Mặt,Làm Sạch Da,Tẩy Trang Mặt,Sức Khỏe - Làm Đẹp -> Chăm Sóc Da Mặt -> Làm Sạch Da -> Tẩy Trang Mặt,False
P_1624,1624,Tẩy Da Chết Paula’s Choice 5% AHA Cho Da Thường Khô 50ml,17,Tẩy Tế Bào Chết Da Mặt,2002,Làm Sạch Da,Chăm Sóc Da Mặt,Làm Sạch Da,Tẩy Tế Bào Chết Da Mặt,Sức Khỏe - Làm Đẹp -> Chăm Sóc Da Mặt -> Làm Sạch Da -> Tẩy Tế Bào Chết Da Mặt,False
P_1625,1625,Sữa Rửa Mặt Naris Acne Grand Cho Da Dầu Mụn 100g,1,Sữa Rửa Mặt,2002,Làm Sạch Da,Chăm Sóc Da Mặt,Làm Sạch Da,Sữa Rửa Mặt,Sức Khỏe - Làm Đẹp -> Chăm Sóc Da Mặt -> Làm Sạch Da -> Sữa Rửa Mặt,True
P_1626,1626,Sữa Rửa Mặt Senka Dưỡng Sáng Mờ Thâm 100g,1,Sữa Rửa Mặt,2002,Làm Sạch Da,Chăm Sóc Da Mặt,Làm Sạch Da,Sữa Rửa Mặt,Sức Khỏe - Làm Đẹp -> Chăm Sóc Da Mặt -> Làm Sạch Da -> Sữa Rửa Mặt,True
P_1632,1632,Son Dưỡng Có Màu Australis Cấp Ẩm #Silk 1.4g,18,Son Dưỡng Môi,2006,Dưỡng Môi,Chăm Sóc Da Mặt,Dưỡng Môi,Son Dưỡng Môi,Sức Khỏe - Làm Đẹp -> Chăm Sóc Da Mặt -> Dưỡng Môi -> Son Dưỡng Môi,False
P_1633,1633,"Serum Paula’s Choice Sáng Da, Giúp Se Lỗ Chân Lông 20ml",9,Serum / Tinh Chất,2004,Đặc Trị,Chăm Sóc Da Mặt,Đặc Trị,Serum / Tinh Chất,Sức Khỏe - Làm Đẹp -> Chăm Sóc Da Mặt -> Đặc Trị -> Serum / Tinh Chất,True
P_1634,1634,Kem Dưỡng Bioderma Giảm Mụn & Thâm Mụn 30ml,25,Hỗ Trợ Trị Mụn,2004,Đặc Trị,Chăm Sóc Da Mặt,Đặc Trị,Hỗ Trợ Trị Mụn,Sức Khỏe - Làm Đẹp -> Chăm Sóc Da Mặt -> Đặc Trị -> Hỗ Trợ Trị Mụn,True
P_1635,1635,Serum Abib Viên Nang Diếp Cá Làm Dịu Da 50ml,9,Serum / Tinh Chất,2004,Đặc Trị,Chăm Sóc Da Mặt,Đặc Trị,Serum / Tinh Chất,Sức Khỏe - Làm Đẹp -> Chăm Sóc Da Mặt -> Đặc Trị -> Serum / Tinh Chất,True
P_1636,1636,"Bộ Eucerin Trẻ Hóa Da, Giảm Dấu Hiệu Lão Hóa 2 Món",3,Bộ Chăm Sóc Da Mặt,1001,Chăm Sóc Da Mặt,Chăm Sóc Da Mặt,Bộ Chăm Sóc Da Mặt,Bộ Chăm Sóc Da Mặt,Sức Khỏe - Làm Đẹp -> Chăm Sóc Da Mặt -> Bộ Chăm Sóc Da Mặt,False
P_1637,1637,Serum Eucerin Giảm Dấu Hiệu Lão Hóa 30ml,9,Serum / Tinh Chất,2004,Đặc Trị,Chăm Sóc Da Mặt,Đặc Trị,Serum / Tinh Chất,Sức Khỏe - Làm Đẹp -> Chăm Sóc Da Mặt -> Đặc Trị -> Serum / Tinh Chất,True
P_1638,1638,Combo 2 Sữa Rửa Mặt Cetaphil Dịu Lành Cho Da Nhạy Cảm 500ml (Mới),1,Sữa Rửa Mặt,2002,Làm Sạch Da,Chăm Sóc Da Mặt,Làm Sạch Da,Sữa Rửa Mặt,Sức Khỏe - Làm Đẹp -> Chăm Sóc Da Mặt -> Làm Sạch Da -> Sữa Rửa Mặt,True
P_1639,1639,Mặt Nạ Thạch Medianswer Sáng Mịn Da 37g,11,Mặt Nạ Giấy,2001,Mặt Nạ,Chăm Sóc Da Mặt,Mặt Nạ,Mặt Nạ Giấy,Sức Khỏe - Làm Đẹp -> Chăm Sóc Da Mặt -> Mặt Nạ -> Mặt Nạ Giấy,False
P_1640,1640,Combo 3  Nước Tẩy Trang L'Oreal Làm Sạch Sâu Trang Điểm 400ml,2,Tẩy Trang Mặt,2002,Làm Sạch Da,Chăm Sóc Da Mặt,Làm Sạch Da,Tẩy Trang Mặt,Sức Khỏe - Làm Đẹp -> Chăm Sóc Da Mặt -> Làm Sạch Da -> Tẩy Trang Mặt,False
P_1643,1643,Mặt Nạ Purederm Sủi Bọt Thải Độc Da 20g,11,Mặt Nạ Giấy,2001,Mặt Nạ,Chăm Sóc Da Mặt,Mặt Nạ,Mặt Nạ Giấy,Sức Khỏe - Làm Đẹp -> Chăm Sóc Da Mặt -> Mặt Nạ -> Mặt Nạ Giấy,False
P_1646,1646,"Combo La Roche-Posay Gel Rửa Mặt Da Dầu, Nhạy Cảm",3,Bộ Chăm Sóc Da Mặt,1001,Chăm Sóc Da Mặt,Chăm Sóc Da Mặt,Bộ Chăm Sóc Da Mặt,Bộ Chăm Sóc Da Mặt,Sức Khỏe - Làm Đẹp -> Chăm Sóc Da Mặt -> Bộ Chăm Sóc Da Mặt,False
P_1651,1651,Combo 2 Sữa Rửa Mặt Senka Tạo Bọt Bổ Sung Collagen 120g,1,Sữa Rửa Mặt,2002,Làm Sạch Da,Chăm Sóc Da Mặt,Làm Sạch Da,Sữa Rửa Mặt,Sức Khỏe - Làm Đẹp -> Chăm Sóc Da Mặt -> Làm Sạch Da -> Sữa Rửa Mặt,True
P_1652,1652,"Combo 2 Tinh Chất Bí Đao Cocoon Làm Giảm Mụn, Mờ Thâm 70ml",9,Serum / Tinh Chất,2004,Đặc Trị,Chăm Sóc Da Mặt,Đặc Trị,Serum / Tinh Chất,Sức Khỏe - Làm Đẹp -> Chăm Sóc Da Mặt -> Đặc Trị -> Serum / Tinh Chất,True
P_1654,1654,Dung Dịch Hada Labo Dưỡng Da Ngừa Lão Hóa 170ml (Mới),37,Lotion / Sữa Dưỡng,2003,Dưỡng Ẩm,Chăm Sóc Da Mặt,Dưỡng Ẩm,Lotion / Sữa Dưỡng,Sức Khỏe - Làm Đẹp -> Chăm Sóc Da Mặt -> Dưỡng Ẩm -> Lotion / Sữa Dưỡng,False
P_1655,1655,Nước Tẩy Trang Nivea Ngăn Ngừa Mụn 400ml,2,Tẩy Trang Mặt,2002,Làm Sạch Da,Chăm Sóc Da Mặt,Làm Sạch Da,Tẩy Trang Mặt,Sức Khỏe - Làm Đẹp -> Chăm Sóc Da Mặt -> Làm Sạch Da -> Tẩy Trang Mặt,False
P_1657,1657,Sữa Chống Nắng Sunplay Giải Nhiệt Da 30g,6,Chống Nắng Da Mặt,1001,Chăm Sóc Da Mặt,Chăm Sóc Da Mặt,Chống Nắng Da Mặt,Chống Nắng Da Mặt,Sức Khỏe - Làm Đẹp -> Chăm Sóc Da Mặt -> Chống Nắng Da Mặt,True
P_1659,1659,Tinh Chất Chống Nắng Sunplay Hiệu Chỉnh Sắc Da 50g (Xanh),6,Chống Nắng Da Mặt,1001,Chăm Sóc Da Mặt,Chăm Sóc Da Mặt,Chống Nắng Da Mặt,Chống Nắng Da Mặt,Sức Khỏe - Làm Đẹp -> Chăm Sóc Da Mặt -> Chống Nắng Da Mặt,True
P_1660,1660,Sữa Rửa Mặt Bio-essence Vàng 24K Ngăn Ngừa Lão Hoá 100g,1,Sữa Rửa Mặt,2002,Làm Sạch Da,Chăm Sóc Da Mặt,Làm Sạch Da,Sữa Rửa Mặt,Sức Khỏe - Làm Đẹp -> Chăm Sóc Da Mặt -> Làm Sạch Da -> Sữa Rửa Mặt,True
P_1662,1662,"Combo 2 Kem Chống Nắng Beplain Nâng Tông, Cấp Ẩm Căng Bóng 50ml",6,Chống Nắng Da Mặt,1001,Chăm Sóc Da Mặt,Chăm Sóc Da Mặt,Chống Nắng Da Mặt,Chống Nắng Da Mặt,Sức Khỏe - Làm Đẹp -> Chăm Sóc Da Mặt -> Chống Nắng Da Mặt,True
P_1665,1665,Kem Dưỡng B.O.M Chiết Xuất 8 Loại Trà Cấp Ẩm Da 50g,7,Kem / Gel / Dầu Dưỡng,2003,Dưỡng Ẩm,Chăm Sóc Da Mặt,Dưỡng Ẩm,Kem / Gel / Dầu Dưỡng,Sức Khỏe - Làm Đẹp -> Chăm Sóc Da Mặt -> Dưỡng Ẩm -> Kem / Gel / Dầu Dưỡng,True
P_1666,1666,"Serum Dưỡng Dài Mi Milaganics Dầu Dừa, Argan & Olive 5ml",38,Serum / Kem Dưỡng Mắt,2005,Dưỡng Mắt,Chăm Sóc Da Mặt,Dưỡng Mắt,Serum / Kem Dưỡng Mắt,Sức Khỏe - Làm Đẹp -> Chăm Sóc Da Mặt -> Dưỡng Mắt -> Serum / Kem Dưỡng Mắt,False
P_1667,1667,"Combo 10 Mặt Nạ Emmié Cấp Ẩm Sâu, Dịu Da Từ Tảo Biển 23g",11,Mặt Nạ Giấy,2001,Mặt Nạ,Chăm Sóc Da Mặt,Mặt Nạ,Mặt Nạ Giấy,Sức Khỏe - Làm Đẹp -> Chăm Sóc Da Mặt -> Mặt Nạ -> Mặt Nạ Giấy,False
P_1672,1672,Toner Obagi Chiết Xuất Cây Phỉ & Lô Hội Dưỡng Ẩm Da 200ml,4,Toner / Nước Cân Bằng Da,2002,Làm Sạch Da,Chăm Sóc Da Mặt,Làm Sạch Da,Toner / Nước Cân Bằng Da,Sức Khỏe - Làm Đẹp -> Chăm Sóc Da Mặt -> Làm Sạch Da -> Toner / Nước Cân Bằng Da,False
P_1673,1673,Kem Dưỡng Bielenda Giảm Mụn Mờ Thâm Đều Màu Da 50ml,7,Kem / Gel / Dầu Dưỡng,2003,Dưỡng Ẩm,Chăm Sóc Da Mặt,Dưỡng Ẩm,Kem / Gel / Dầu Dưỡng,Sức Khỏe - Làm Đẹp -> Chăm Sóc Da Mặt -> Dưỡng Ẩm -> Kem / Gel / Dầu Dưỡng,True
P_1674,1674,Kem Chống Nắng Vichy Chống Bụi Mịn Cho Da Dầu Mụn 50ml,6,Chống Nắng Da Mặt,1001,Chăm Sóc Da Mặt,Chăm Sóc Da Mặt,Chống Nắng Da Mặt,Chống Nắng Da Mặt,Sức Khỏe - Làm Đẹp -> Chăm Sóc Da Mặt -> Chống Nắng Da Mặt,True
P_1678,1678,Sữa Rửa Mặt Bio-essence Dưỡng Da Tươi Sáng Căng Mọng 100g,1,Sữa Rửa Mặt,2002,Làm Sạch Da,Chăm Sóc Da Mặt,Làm Sạch Da,Sữa Rửa Mặt,Sức Khỏe - Làm Đẹp -> Chăm Sóc Da Mặt -> Làm Sạch Da -> Sữa Rửa Mặt,True
P_1681,1681,Son Dưỡng Môi Vaseline Chiết Xuất Bơ Cacao 4.8g,18,Son Dưỡng Môi,2006,Dưỡng Môi,Chăm Sóc Da Mặt,Dưỡng Môi,Son Dưỡng Môi,Sức Khỏe - Làm Đẹp -> Chăm Sóc Da Mặt -> Dưỡng Môi -> Son Dưỡng Môi,False
P_1682,1682,Son Dưỡng Môi Vaseline Chiết Xuất Lô Hội 4.8g,18,Son Dưỡng Môi,2006,Dưỡng Môi,Chăm Sóc Da Mặt,Dưỡng Môi,Son Dưỡng Môi,Sức Khỏe - Làm Đẹp -> Chăm Sóc Da Mặt -> Dưỡng Môi -> Son Dưỡng Môi,False
P_1685,1685,"Combo 2 Serum Paula’s Choice Sáng Da, Giúp Se Lỗ Chân Lông 20ml",9,Serum / Tinh Chất,2004,Đặc Trị,Chăm Sóc Da Mặt,Đặc Trị,Serum / Tinh Chất,Sức Khỏe - Làm Đẹp -> Chăm Sóc Da Mặt -> Đặc Trị -> Serum / Tinh Chất,True
P_1686,1686,Sữa Rửa Mặt Hada Labo Dưỡng Ẩm Cao Cấp 100g,1,Sữa Rửa Mặt,2002,Làm Sạch Da,Chăm Sóc Da Mặt,Làm Sạch Da,Sữa Rửa Mặt,Sức Khỏe - Làm Đẹp -> Chăm Sóc Da Mặt -> Làm Sạch Da -> Sữa Rửa Mặt,True
P_1687,1687,"Kem Dưỡng Mắt B.O.M Cấp Ẩm, Hỗ Trợ Mờ Nếp Nhăn 30g",38,Serum / Kem Dưỡng Mắt,2005,Dưỡng Mắt,Chăm Sóc Da Mặt,Dưỡng Mắt,Serum / Kem Dưỡng Mắt,Sức Khỏe - Làm Đẹp -> Chăm Sóc Da Mặt -> Dưỡng Mắt -> Serum / Kem Dưỡng Mắt,False
P_1690,1690,Gel Rửa Mặt SVR Dành Cho Da Nhạy Cảm 200ml,1,Sữa Rửa Mặt,2002,Làm Sạch Da,Chăm Sóc Da Mặt,Làm Sạch Da,Sữa Rửa Mặt,Sức Khỏe - Làm Đẹp -> Chăm Sóc Da Mặt -> Làm Sạch Da -> Sữa Rửa Mặt,True
P_1698,1698,"Mặt Nạ Some By Mi Tràm Trà Làm Dịu Da, Giảm Mụn 25g",11,Mặt Nạ Giấy,2001,Mặt Nạ,Chăm Sóc Da Mặt,Mặt Nạ,Mặt Nạ Giấy,Sức Khỏe - Làm Đẹp -> Chăm Sóc Da Mặt -> Mặt Nạ -> Mặt Nạ Giấy,False
P_1699,1699,Son Dưỡng Môi Nivea Chuyên Sâu 4.8g,18,Son Dưỡng Môi,2006,Dưỡng Môi,Chăm Sóc Da Mặt,Dưỡng Môi,Son Dưỡng Môi,Sức Khỏe - Làm Đẹp -> Chăm Sóc Da Mặt -> Dưỡng Môi -> Son Dưỡng Môi,False
P_1700,1700,Combo 2 Sữa Rửa Mặt d program Tạo Bọt Dưỡng Da 120g,1,Sữa Rửa Mặt,2002,Làm Sạch Da,Chăm Sóc Da Mặt,Làm Sạch Da,Sữa Rửa Mặt,Sức Khỏe - Làm Đẹp -> Chăm Sóc Da Mặt -> Làm Sạch Da -> Sữa Rửa Mặt,True
P_1703,1703,Nước Tẩy Trang Bioderma Dành Cho Da Dầu & Hỗn Hợp 100ml,2,Tẩy Trang Mặt,2002,Làm Sạch Da,Chăm Sóc Da Mặt,Làm Sạch Da,Tẩy Trang Mặt,Sức Khỏe - Làm Đẹp -> Chăm Sóc Da Mặt -> Làm Sạch Da -> Tẩy Trang Mặt,False
P_1705,1705,Combo L'Oreal Nước Tẩy Trang Tươi Mát Da 400ml + Nước Tẩy Trang Làm Sạch Sâu Trang Điểm 400ml,2,Tẩy Trang Mặt,2002,Làm Sạch Da,Chăm Sóc Da Mặt,Làm Sạch Da,Tẩy Trang Mặt,Sức Khỏe - Làm Đẹp -> Chăm Sóc Da Mặt -> Làm Sạch Da -> Tẩy Trang Mặt,False
P_1707,1707,"Mặt Nạ Milaganics Tràm Trà Ngừa Mụn, Se Lỗ Chân Lông 60g",19,Mặt Nạ Rửa,2001,Mặt Nạ,Chăm Sóc Da Mặt,Mặt Nạ,Mặt Nạ Rửa,Sức Khỏe - Làm Đẹp -> Chăm Sóc Da Mặt -> Mặt Nạ -> Mặt Nạ Rửa,False
P_1709,1709,"Combo 3 Mặt Nạ Keyshu Sợi Xơ Rau Má Cấp Ẩm, Ngừa Lão Hóa 30ml",11,Mặt Nạ Giấy,2001,Mặt Nạ,Chăm Sóc Da Mặt,Mặt Nạ,Mặt Nạ Giấy,Sức Khỏe - Làm Đẹp -> Chăm Sóc Da Mặt -> Mặt Nạ -> Mặt Nạ Giấy,False
P_1712,1712,Mặt Nạ Wonjin Tăng Sinh Collagen Cấp Tốc 30ml,11,Mặt Nạ Giấy,2001,Mặt Nạ,Chăm Sóc Da Mặt,Mặt Nạ,Mặt Nạ Giấy,Sức Khỏe - Làm Đẹp -> Chăm Sóc Da Mặt -> Mặt Nạ -> Mặt Nạ Giấy,False
P_1713,1713,"Serum SVR Ngừa Nếp Nhăn, Phục Hồi & Dưỡng Ẩm Da 30ml",9,Serum / Tinh Chất,2004,Đặc Trị,Chăm Sóc Da Mặt,Đặc Trị,Serum / Tinh Chất,Sức Khỏe - Làm Đẹp -> Chăm Sóc Da Mặt -> Đặc Trị -> Serum / Tinh Chất,True
P_1715,1715,"Mặt Nạ Bio-essence Vitamin B5 Dưỡng Ẩm, Phục Hồi Da 20ml",11,Mặt Nạ Giấy,2001,Mặt Nạ,Chăm Sóc Da Mặt,Mặt Nạ,Mặt Nạ Giấy,Sức Khỏe - Làm Đẹp -> Chăm Sóc Da Mặt -> Mặt Nạ -> Mặt Nạ Giấy,False
P_1716,1716,Nước Tẩy Trang Garnier Dành Cho Da Dầu Và Mụn 125ml (Mới),2,Tẩy Trang Mặt,2002,Làm Sạch Da,Chăm Sóc Da Mặt,Làm Sạch Da,Tẩy Trang Mặt,Sức Khỏe - Làm Đẹp -> Chăm Sóc Da Mặt -> Làm Sạch Da -> Tẩy Trang Mặt,False
P_1724,1724,Serum Olay Giúp Da Săn Chắc Và Mịn Màng 30ml,9,Serum / Tinh Chất,2004,Đặc Trị,Chăm Sóc Da Mặt,Đặc Trị,Serum / Tinh Chất,Sức Khỏe - Làm Đẹp -> Chăm Sóc Da Mặt -> Đặc Trị -> Serum / Tinh Chất,True
P_1725,1725,Nước Cân Bằng Cocoon Bí Đao Giảm Dầu & Mụn 140ml,4,Toner / Nước Cân Bằng Da,2002,Làm Sạch Da,Chăm Sóc Da Mặt,Làm Sạch Da,Toner / Nước Cân Bằng Da,Sức Khỏe - Làm Đẹp -> Chăm Sóc Da Mặt -> Làm Sạch Da -> Toner / Nước Cân Bằng Da,False
P_1726,1726,"Mặt Nạ Banobagi Dưỡng Sáng, Làm Săn Chắc Da 30g (Tím)",11,Mặt Nạ Giấy,2001,Mặt Nạ,Chăm Sóc Da Mặt,Mặt Nạ,Mặt Nạ Giấy,Sức Khỏe - Làm Đẹp -> Chăm Sóc Da Mặt -> Mặt Nạ -> Mặt Nạ Giấy,False
P_1728,1728,"Dung Dịch Hada Labo Dưỡng Sáng Da, Giảm Thâm Sạm 170ml",37,Lotion / Sữa Dưỡng,2003,Dưỡng Ẩm,Chăm Sóc Da Mặt,Dưỡng Ẩm,Lotion / Sữa Dưỡng,Sức Khỏe - Làm Đẹp -> Chăm Sóc Da Mặt -> Dưỡng Ẩm -> Lotion / Sữa Dưỡng,False
P_1729,1729,Gel Tẩy Tế Bào Chết Arrahan Chiết Xuất Thảo Mộc 180ml,17,Tẩy Tế Bào Chết Da Mặt,2002,Làm Sạch Da,Chăm Sóc Da Mặt,Làm Sạch Da,Tẩy Tế Bào Chết Da Mặt,Sức Khỏe - Làm Đẹp -> Chăm Sóc Da Mặt -> Làm Sạch Da -> Tẩy Tế Bào Chết Da Mặt,False
P_1731,1731,"Kem Mắt Neutrogena Retinol Ngừa Lão Hóa, Giảm Nhăn 15g",38,Serum / Kem Dưỡng Mắt,2005,Dưỡng Mắt,Chăm Sóc Da Mặt,Dưỡng Mắt,Serum / Kem Dưỡng Mắt,Sức Khỏe - Làm Đẹp -> Chăm Sóc Da Mặt -> Dưỡng Mắt -> Serum / Kem Dưỡng Mắt,False
P_1734,1734,Gel Tẩy Tế Bào Chết Naris Nature Dưỡng Sáng Da 100g,17,Tẩy Tế Bào Chết Da Mặt,2002,Làm Sạch Da,Chăm Sóc Da Mặt,Làm Sạch Da,Tẩy Tế Bào Chết Da Mặt,Sức Khỏe - Làm Đẹp -> Chăm Sóc Da Mặt -> Làm Sạch Da -> Tẩy Tế Bào Chết Da Mặt,False
P_1735,1735,Mặt Nạ Colorkey Đất Sét Bùn Khoáng Sạch Mịn Màng 60g,19,Mặt Nạ Rửa,2001,Mặt Nạ,Chăm Sóc Da Mặt,Mặt Nạ,Mặt Nạ Rửa,Sức Khỏe - Làm Đẹp -> Chăm Sóc Da Mặt -> Mặt Nạ -> Mặt Nạ Rửa,False
P_1742,1742,Combo 5 Mặt Nạ Hada Labo Tinh Chất Dưỡng Ẩm Da Cao Cấp 23g,11,Mặt Nạ Giấy,2001,Mặt Nạ,Chăm Sóc Da Mặt,Mặt Nạ,Mặt Nạ Giấy,Sức Khỏe - Làm Đẹp -> Chăm Sóc Da Mặt -> Mặt Nạ -> Mặt Nạ Giấy,False
P_1743,1743,Sữa Rửa Mặt Ducray Cho Da Nhờn Mụn 200ml,1,Sữa Rửa Mặt,2002,Làm Sạch Da,Chăm Sóc Da Mặt,Làm Sạch Da,Sữa Rửa Mặt,Sức Khỏe - Làm Đẹp -> Chăm Sóc Da Mặt -> Làm Sạch Da -> Sữa Rửa Mặt,True
P_1745,1745,Kem Dưỡng Dermatix Hỗ Trợ Mờ Sẹo 7g,7,Kem / Gel / Dầu Dưỡng,2003,Dưỡng Ẩm,Chăm Sóc Da Mặt,Dưỡng Ẩm,Kem / Gel / Dầu Dưỡng,Sức Khỏe - Làm Đẹp -> Chăm Sóc Da Mặt -> Dưỡng Ẩm -> Kem / Gel / Dầu Dưỡng,True
P_1746,1746,Xịt Khoáng Cocoon Nghệ Hưng Yên Giúp Sáng Da 130ml,30,Xịt Khoáng,2003,Dưỡng Ẩm,Chăm Sóc Da Mặt,Dưỡng Ẩm,Xịt Khoáng,Sức Khỏe - Làm Đẹp -> Chăm Sóc Da Mặt -> Dưỡng Ẩm -> Xịt Khoáng,False
P_1747,1747,Serum Tẩy Tế Bào Chết Care:Nel Giảm Mụn Đầu Đen 30ml,9,Serum / Tinh Chất,2004,Đặc Trị,Chăm Sóc Da Mặt,Đặc Trị,Serum / Tinh Chất,Sức Khỏe - Làm Đẹp -> Chăm Sóc Da Mặt -> Đặc Trị -> Serum / Tinh Chất,True
P_1748,1748,Kem Dưỡng Ẩm Cetaphil Làm Dịu Và Phục Hồi Chuyên Sâu 45ml,7,Kem / Gel / Dầu Dưỡng,2003,Dưỡng Ẩm,Chăm Sóc Da Mặt,Dưỡng Ẩm,Kem / Gel / Dầu Dưỡng,Sức Khỏe - Làm Đẹp -> Chăm Sóc Da Mặt -> Dưỡng Ẩm -> Kem / Gel / Dầu Dưỡng,True
P_1749,1749,"Combo 2 Kem Chống Nắng La Roche-Posay Phổ Rộng, Nâng Tông Kiềm Dầu 50ml",6,Chống Nắng Da Mặt,1001,Chăm Sóc Da Mặt,Chăm Sóc Da Mặt,Chống Nắng Da Mặt,Chống Nắng Da Mặt,Sức Khỏe - Làm Đẹp -> Chăm Sóc Da Mặt -> Chống Nắng Da Mặt,True
P_1753,1753,Sữa Chống Nắng Bioderma Phổ Rộng Ráo Mịn - Màu Beige 40ml,6,Chống Nắng Da Mặt,1001,Chăm Sóc Da Mặt,Chăm Sóc Da Mặt,Chống Nắng Da Mặt,Chống Nắng Da Mặt,Sức Khỏe - Làm Đẹp -> Chăm Sóc Da Mặt -> Chống Nắng Da Mặt,True
P_1755,1755,"Combo 20 Mặt Nạ Keyshu Sợi Xơ Rau Má Cấp Ẩm, Ngừa Lão Hóa 30ml",11,Mặt Nạ Giấy,2001,Mặt Nạ,Chăm Sóc Da Mặt,Mặt Nạ,Mặt Nạ Giấy,Sức Khỏe - Làm Đẹp -> Chăm Sóc Da Mặt -> Mặt Nạ -> Mặt Nạ Giấy,False
P_1758,1758,Kem Chống Nắng Eucerin Cho Da Nhạy Cảm 50ml,6,Chống Nắng Da Mặt,1001,Chăm Sóc Da Mặt,Chăm Sóc Da Mặt,Chống Nắng Da Mặt,Chống Nắng Da Mặt,Sức Khỏe - Làm Đẹp -> Chăm Sóc Da Mặt -> Chống Nắng Da Mặt,True
P_1759,1759,Sữa Rửa Mặt Cetaphil Tạo Bọt Dịu Lành Cho Da Nhạy Cảm 236ml,1,Sữa Rửa Mặt,2002,Làm Sạch Da,Chăm Sóc Da Mặt,Làm Sạch Da,Sữa Rửa Mặt,Sức Khỏe - Làm Đẹp -> Chăm Sóc Da Mặt -> Làm Sạch Da -> Sữa Rửa Mặt,True
P_1761,1761,Kem Dưỡng Naris Luque Dạng Sữa Cấp Ẩm Ngừa Lão Hóa Da 80g,7,Kem / Gel / Dầu Dưỡng,2003,Dưỡng Ẩm,Chăm Sóc Da Mặt,Dưỡng Ẩm,Kem / Gel / Dầu Dưỡng,Sức Khỏe - Làm Đẹp -> Chăm Sóc Da Mặt -> Dưỡng Ẩm -> Kem / Gel / Dầu Dưỡng,True
P_1763,1763,Tẩy Tế Bào Chết Rosette Hỗ Trợ Dưỡng Sáng Da 120g,17,Tẩy Tế Bào Chết Da Mặt,2002,Làm Sạch Da,Chăm Sóc Da Mặt,Làm Sạch Da,Tẩy Tế Bào Chết Da Mặt,Sức Khỏe - Làm Đẹp -> Chăm Sóc Da Mặt -> Làm Sạch Da -> Tẩy Tế Bào Chết Da Mặt,False
P_1764,1764,"Gel Dưỡng Azderma Hỗ Trợ Giảm Mụn, Mờ Thâm 15g",25,Hỗ Trợ Trị Mụn,2004,Đặc Trị,Chăm Sóc Da Mặt,Đặc Trị,Hỗ Trợ Trị Mụn,Sức Khỏe - Làm Đẹp -> Chăm Sóc Da Mặt -> Đặc Trị -> Hỗ Trợ Trị Mụn,True
P_1765,1765,[100% Cotton] Combo Hotosu Khăn Lau Mặt Khô 80 Miếng (15x20cm) + Bông Tẩy Trang 150 Miếng,3,Bộ Chăm Sóc Da Mặt,1001,Chăm Sóc Da Mặt,Chăm Sóc Da Mặt,Bộ Chăm Sóc Da Mặt,Bộ Chăm Sóc Da Mặt,Sức Khỏe - Làm Đẹp -> Chăm Sóc Da Mặt -> Bộ Chăm Sóc Da Mặt,False
P_1766,1766,"Dầu Tẩy Trang Frankly BHA/LHA Sạch Bã Nhờn, Mụn Đầu Đen 200ml",2,Tẩy Trang Mặt,2002,Làm Sạch Da,Chăm Sóc Da Mặt,Làm Sạch Da,Tẩy Trang Mặt,Sức Khỏe - Làm Đẹp -> Chăm Sóc Da Mặt -> Làm Sạch Da -> Tẩy Trang Mặt,False
P_1767,1767,Son Dưỡng Judydoll Có Màu Cấp Ẩm - 04 Hồng Cam Lạnh 3g,18,Son Dưỡng Môi,2006,Dưỡng Môi,Chăm Sóc Da Mặt,Dưỡng Môi,Son Dưỡng Môi,Sức Khỏe - Làm Đẹp -> Chăm Sóc Da Mặt -> Dưỡng Môi -> Son Dưỡng Môi,False
P_1769,1769,Son Dưỡng Laneige Căng Bóng Hương Kẹo Ngọt 10g,18,Son Dưỡng Môi,2006,Dưỡng Môi,Chăm Sóc Da Mặt,Dưỡng Môi,Son Dưỡng Môi,Sức Khỏe - Làm Đẹp -> Chăm Sóc Da Mặt -> Dưỡng Môi -> Son Dưỡng Môi,False
P_1772,1772,Nước Tẩy Trang B.O.M Từ 8 Loại Trà Làm Sạch Da 500ml,2,Tẩy Trang Mặt,2002,Làm Sạch Da,Chăm Sóc Da Mặt,Làm Sạch Da,Tẩy Trang Mặt,Sức Khỏe - Làm Đẹp -> Chăm Sóc Da Mặt -> Làm Sạch Da -> Tẩy Trang Mặt,False
P_1775,1775,Gel Tẩy Trang Curél Cấp Ẩm Chuyên Sâu 130g,2,Tẩy Trang Mặt,2002,Làm Sạch Da,Chăm Sóc Da Mặt,Làm Sạch Da,Tẩy Trang Mặt,Sức Khỏe - Làm Đẹp -> Chăm Sóc Da Mặt -> Làm Sạch Da -> Tẩy Trang Mặt,False
P_1777,1777,"Mặt Nạ Mắt Lanbena Retinol Ngừa Lão Hóa, Mờ Nếp Nhăn 60 Miếng",60,Mặt Nạ Mắt,2005,Dưỡng Mắt,Chăm Sóc Da Mặt,Dưỡng Mắt,Mặt Nạ Mắt,Sức Khỏe - Làm Đẹp -> Chăm Sóc Da Mặt -> Dưỡng Mắt -> Mặt Nạ Mắt,False
P_1780,1780,Gel Rửa Mặt Naris Nature Dưỡng Ẩm Chiết Xuất Sữa 100g,1,Sữa Rửa Mặt,2002,Làm Sạch Da,Chăm Sóc Da Mặt,Làm Sạch Da,Sữa Rửa Mặt,Sức Khỏe - Làm Đẹp -> Chăm Sóc Da Mặt -> Làm Sạch Da -> Sữa Rửa Mặt,True
P_1781,1781,[Mini] Bộ innisfree Cấp Ẩm Da Từ Trà Xanh 2 Món,3,Bộ Chăm Sóc Da Mặt,1001,Chăm Sóc Da Mặt,Chăm Sóc Da Mặt,Bộ Chăm Sóc Da Mặt,Bộ Chăm Sóc Da Mặt,Sức Khỏe - Làm Đẹp -> Chăm Sóc Da Mặt -> Bộ Chăm Sóc Da Mặt,False
P_1782,1782,Combo Olay Serum Sức Mạnh Từ 5 Dưỡng Chất 30ml + Kem Dưỡng Ngừa Lão Hóa Da Ban Đêm 50g,3,Bộ Chăm Sóc Da Mặt,1001,Chăm Sóc Da Mặt,Chăm Sóc Da Mặt,Bộ Chăm Sóc Da Mặt,Bộ Chăm Sóc Da Mặt,Sức Khỏe - Làm Đẹp -> Chăm Sóc Da Mặt -> Bộ Chăm Sóc Da Mặt,False
P_1783,1783,Kem Dưỡng CeraVe Cho Da Khô Đến Rất Khô 177ml,7,Kem / Gel / Dầu Dưỡng,2003,Dưỡng Ẩm,Chăm Sóc Da Mặt,Dưỡng Ẩm,Kem / Gel / Dầu Dưỡng,Sức Khỏe - Làm Đẹp -> Chăm Sóc Da Mặt -> Dưỡng Ẩm -> Kem / Gel / Dầu Dưỡng,True
P_1784,1784,"Mặt Nạ Keyshu Hành Tím Cấp Ẩm, Mờ Thâm, Sẹo 30ml",11,Mặt Nạ Giấy,2001,Mặt Nạ,Chăm Sóc Da Mặt,Mặt Nạ,Mặt Nạ Giấy,Sức Khỏe - Làm Đẹp -> Chăm Sóc Da Mặt -> Mặt Nạ -> Mặt Nạ Giấy,False
P_1786,1786,Sữa Chống Nắng Sunplay Hiệu Chỉnh Sắc Da 50g (Hồng),6,Chống Nắng Da Mặt,1001,Chăm Sóc Da Mặt,Chăm Sóc Da Mặt,Chống Nắng Da Mặt,Chống Nắng Da Mặt,Sức Khỏe - Làm Đẹp -> Chăm Sóc Da Mặt -> Chống Nắng Da Mặt,True
P_1789,1789,Kem Chống Nắng A-Derma Mỏng Nhẹ Cho Da Nhạy Cảm 40ml,6,Chống Nắng Da Mặt,1001,Chăm Sóc Da Mặt,Chăm Sóc Da Mặt,Chống Nắng Da Mặt,Chống Nắng Da Mặt,Sức Khỏe - Làm Đẹp -> Chăm Sóc Da Mặt -> Chống Nắng Da Mặt,True
P_1791,1791,"Toner Pad Torriden Dưỡng Ẩm, Làm Mềm Mịn Da 80 Miếng",4,Toner / Nước Cân Bằng Da,2002,Làm Sạch Da,Chăm Sóc Da Mặt,Làm Sạch Da,Toner / Nước Cân Bằng Da,Sức Khỏe - Làm Đẹp -> Chăm Sóc Da Mặt -> Làm Sạch Da -> Toner / Nước Cân Bằng Da,False
P_1795,1795,Sữa Rửa Mặt Và Tẩy Trang Naris Cosmetics Dưỡng Ẩm 100g,1,Sữa Rửa Mặt,2002,Làm Sạch Da,Chăm Sóc Da Mặt,Làm Sạch Da,Sữa Rửa Mặt,Sức Khỏe - Làm Đẹp -> Chăm Sóc Da Mặt -> Làm Sạch Da -> Sữa Rửa Mặt,True
P_1796,1796,Combo CeraVe Kem Dưỡng 340g + Sữa Dưỡng Ẩm Da Khô Đến Rất Khô 30ml,7,Kem / Gel / Dầu Dưỡng,2003,Dưỡng Ẩm,Chăm Sóc Da Mặt,Dưỡng Ẩm,Kem / Gel / Dầu Dưỡng,Sức Khỏe - Làm Đẹp -> Chăm Sóc Da Mặt -> Dưỡng Ẩm -> Kem / Gel / Dầu Dưỡng,True
P_1797,1797,Combo 10 Mặt Nạ B.O.M Hydrating Cung Cấp Độ Ẩm Cho Da 25g,11,Mặt Nạ Giấy,2001,Mặt Nạ,Chăm Sóc Da Mặt,Mặt Nạ,Mặt Nạ Giấy,Sức Khỏe - Làm Đẹp -> Chăm Sóc Da Mặt -> Mặt Nạ -> Mặt Nạ Giấy,False
P_1798,1798,Mặt Nạ Ngủ Laneige Tăng Khả Năng Tự Vệ Của Da 25ml (Mới),53,Mặt Nạ Ngủ,2001,Mặt Nạ,Chăm Sóc Da Mặt,Mặt Nạ,Mặt Nạ Ngủ,Sức Khỏe - Làm Đẹp -> Chăm Sóc Da Mặt -> Mặt Nạ -> Mặt Nạ Ngủ,False
P_1800,1800,Gel Dưỡng Ẩm Colorkey Làm Sáng Và Đều Màu Da 50ml,7,Kem / Gel / Dầu Dưỡng,2003,Dưỡng Ẩm,Chăm Sóc Da Mặt,Dưỡng Ẩm,Kem / Gel / Dầu Dưỡng,Sức Khỏe - Làm Đẹp -> Chăm Sóc Da Mặt -> Dưỡng Ẩm -> Kem / Gel / Dầu Dưỡng,True
P_1803,1803,Combo 2 Son Dưỡng Có Màu Vaseline Hồng Cam Êm Dịu 3g,18,Son Dưỡng Môi,2006,Dưỡng Môi,Chăm Sóc Da Mặt,Dưỡng Môi,Son Dưỡng Môi,Sức Khỏe - Làm Đẹp -> Chăm Sóc Da Mặt -> Dưỡng Môi -> Son Dưỡng Môi,False
P_1804,1804,"Combo 10 Mặt Nạ Banobagi Dưỡng Sáng, Nâng Tông Da 30g",11,Mặt Nạ Giấy,2001,Mặt Nạ,Chăm Sóc Da Mặt,Mặt Nạ,Mặt Nạ Giấy,Sức Khỏe - Làm Đẹp -> Chăm Sóc Da Mặt -> Mặt Nạ -> Mặt Nạ Giấy,False
P_1810,1810,Sữa Rửa Mặt St.Ives Tẩy Tế Bào Chết Bơ & Mật Ong 170g,1,Sữa Rửa Mặt,2002,Làm Sạch Da,Chăm Sóc Da Mặt,Làm Sạch Da,Sữa Rửa Mặt,Sức Khỏe - Làm Đẹp -> Chăm Sóc Da Mặt -> Làm Sạch Da -> Sữa Rửa Mặt,True
P_1811,1811,"Serum Bye Bye Blemish Phục Hồi Da, Se Khít Lỗ Chân Lông 30ml",9,Serum / Tinh Chất,2004,Đặc Trị,Chăm Sóc Da Mặt,Đặc Trị,Serum / Tinh Chất,Sức Khỏe - Làm Đẹp -> Chăm Sóc Da Mặt -> Đặc Trị -> Serum / Tinh Chất,True
P_1815,1815,Sữa Rửa Mặt Hazeline Giảm Mụn Chiết Xuất Nghệ Hoa Cúc 100g,1,Sữa Rửa Mặt,2002,Làm Sạch Da,Chăm Sóc Da Mặt,Làm Sạch Da,Sữa Rửa Mặt,Sức Khỏe - Làm Đẹp -> Chăm Sóc Da Mặt -> Làm Sạch Da -> Sữa Rửa Mặt,True
P_1816,1816,Nước Tẩy Trang Bioderma Dành Cho Da Dầu & Hỗn Hợp 250ml,2,Tẩy Trang Mặt,2002,Làm Sạch Da,Chăm Sóc Da Mặt,Làm Sạch Da,Tẩy Trang Mặt,Sức Khỏe - Làm Đẹp -> Chăm Sóc Da Mặt -> Làm Sạch Da -> Tẩy Trang Mặt,False
P_1818,1818,"Combo Vichy Serum 30ml + Kem Dưỡng 15ml Ngừa Lão Hóa, Thâm Nám & Đốm Nâu",3,Bộ Chăm Sóc Da Mặt,1001,Chăm Sóc Da Mặt,Chăm Sóc Da Mặt,Bộ Chăm Sóc Da Mặt,Bộ Chăm Sóc Da Mặt,Sức Khỏe - Làm Đẹp -> Chăm Sóc Da Mặt -> Bộ Chăm Sóc Da Mặt,False
P_1819,1819,Combo 2 Serum 9Wishes Dưỡng Ẩm & Làm Căng Bóng Da 30ml,9,Serum / Tinh Chất,2004,Đặc Trị,Chăm Sóc Da Mặt,Đặc Trị,Serum / Tinh Chất,Sức Khỏe - Làm Đẹp -> Chăm Sóc Da Mặt -> Đặc Trị -> Serum / Tinh Chất,True
P_1821,1821,Mặt Nạ Foodaholic Retinol Giảm Mụn & Tái Tạo Da 23ml,11,Mặt Nạ Giấy,2001,Mặt Nạ,Chăm Sóc Da Mặt,Mặt Nạ,Mặt Nạ Giấy,Sức Khỏe - Làm Đẹp -> Chăm Sóc Da Mặt -> Mặt Nạ -> Mặt Nạ Giấy,False
P_1826,1826,Tinh Chất Cocoon Chiết Xuất Từ Nghệ Hưng Yên 30ml,9,Serum / Tinh Chất,2004,Đặc Trị,Chăm Sóc Da Mặt,Đặc Trị,Serum / Tinh Chất,Sức Khỏe - Làm Đẹp -> Chăm Sóc Da Mặt -> Đặc Trị -> Serum / Tinh Chất,True
P_1835,1835,Sữa Rửa Mặt Naris Nature Se Khít Lỗ Chân Lông 100g,1,Sữa Rửa Mặt,2002,Làm Sạch Da,Chăm Sóc Da Mặt,Làm Sạch Da,Sữa Rửa Mặt,Sức Khỏe - Làm Đẹp -> Chăm Sóc Da Mặt -> Làm Sạch Da -> Sữa Rửa Mặt,True
P_1837,1837,"Kem Dưỡng Azderma Cấp Ẩm, Đều Màu Da 40ml",7,Kem / Gel / Dầu Dưỡng,2003,Dưỡng Ẩm,Chăm Sóc Da Mặt,Dưỡng Ẩm,Kem / Gel / Dầu Dưỡng,Sức Khỏe - Làm Đẹp -> Chăm Sóc Da Mặt -> Dưỡng Ẩm -> Kem / Gel / Dầu Dưỡng,True
P_1838,1838,"Sữa Rửa Mặt SVR Dạng Sữa Cấp Ẩm, Không Chứa Xà Phòng 55ml",1,Sữa Rửa Mặt,2002,Làm Sạch Da,Chăm Sóc Da Mặt,Làm Sạch Da,Sữa Rửa Mặt,Sức Khỏe - Làm Đẹp -> Chăm Sóc Da Mặt -> Làm Sạch Da -> Sữa Rửa Mặt,True
P_1839,1839,Sữa Rửa Mặt Simple Repair+ Phục Hồi Dịu Da 240ml,1,Sữa Rửa Mặt,2002,Làm Sạch Da,Chăm Sóc Da Mặt,Làm Sạch Da,Sữa Rửa Mặt,Sức Khỏe - Làm Đẹp -> Chăm Sóc Da Mặt -> Làm Sạch Da -> Sữa Rửa Mặt,True
P_1841,1841,Combo 10 Mặt Nạ Foodaholic Peptide Giúp Mờ Nếp Nhăn 23ml,11,Mặt Nạ Giấy,2001,Mặt Nạ,Chăm Sóc Da Mặt,Mặt Nạ,Mặt Nạ Giấy,Sức Khỏe - Làm Đẹp -> Chăm Sóc Da Mặt -> Mặt Nạ -> Mặt Nạ Giấy,False
P_1842,1842,"Combo 2 Nước Tẩy Trang Senka Ngừa Mụn, Kiểm Soát Nhờn 230ml",2,Tẩy Trang Mặt,2002,Làm Sạch Da,Chăm Sóc Da Mặt,Làm Sạch Da,Tẩy Trang Mặt,Sức Khỏe - Làm Đẹp -> Chăm Sóc Da Mặt -> Làm Sạch Da -> Tẩy Trang Mặt,False
P_1849,1849,"Serum Dưỡng Môi Lipstician Chống Nắng, Bảo Vệ Toàn Diện 9g",18,Son Dưỡng Môi,2006,Dưỡng Môi,Chăm Sóc Da Mặt,Dưỡng Môi,Son Dưỡng Môi,Sức Khỏe - Làm Đẹp -> Chăm Sóc Da Mặt -> Dưỡng Môi -> Son Dưỡng Môi,False
P_1851,1851,Miếng Dán Mụn Derma Angel Mờ Thâm Sáng Da 12 Miếng,25,Hỗ Trợ Trị Mụn,2004,Đặc Trị,Chăm Sóc Da Mặt,Đặc Trị,Hỗ Trợ Trị Mụn,Sức Khỏe - Làm Đẹp -> Chăm Sóc Da Mặt -> Đặc Trị -> Hỗ Trợ Trị Mụn,True
P_1861,1861,Nước Cân Bằng Cocoon Chiết Xuất Từ Nghệ Hưng Yên 140ml,4,Toner / Nước Cân Bằng Da,2002,Làm Sạch Da,Chăm Sóc Da Mặt,Làm Sạch Da,Toner / Nước Cân Bằng Da,Sức Khỏe - Làm Đẹp -> Chăm Sóc Da Mặt -> Làm Sạch Da -> Toner / Nước Cân Bằng Da,False
P_1862,1862,Sữa Rửa Mặt Azderma Dạng Gel Dịu Nhẹ Cho Da Dầu Mụn 60ml,1,Sữa Rửa Mặt,2002,Làm Sạch Da,Chăm Sóc Da Mặt,Làm Sạch Da,Sữa Rửa Mặt,Sức Khỏe - Làm Đẹp -> Chăm Sóc Da Mặt -> Làm Sạch Da -> Sữa Rửa Mặt,True
P_1866,1866,"Mặt Nạ Naruko Ý Dĩ Nhân Đỏ Se Lỗ Chân Lông, Sáng Da 25ml",11,Mặt Nạ Giấy,2001,Mặt Nạ,Chăm Sóc Da Mặt,Mặt Nạ,Mặt Nạ Giấy,Sức Khỏe - Làm Đẹp -> Chăm Sóc Da Mặt -> Mặt Nạ -> Mặt Nạ Giấy,False
P_1867,1867,"Combo 10 Mặt Nạ Banobagi Dưỡng Sáng, Thư Giãn Da 30g",11,Mặt Nạ Giấy,2001,Mặt Nạ,Chăm Sóc Da Mặt,Mặt Nạ,Mặt Nạ Giấy,Sức Khỏe - Làm Đẹp -> Chăm Sóc Da Mặt -> Mặt Nạ -> Mặt Nạ Giấy,False
P_1868,1868,Gel Tẩy Tế Bào Chết Arrahan Hương Chanh 180ml,17,Tẩy Tế Bào Chết Da Mặt,2002,Làm Sạch Da,Chăm Sóc Da Mặt,Làm Sạch Da,Tẩy Tế Bào Chết Da Mặt,Sức Khỏe - Làm Đẹp -> Chăm Sóc Da Mặt -> Làm Sạch Da -> Tẩy Tế Bào Chết Da Mặt,False
P_1869,1869,"Gel Rửa Mặt Avène Làm Sạch Da, Giảm Nhờn Mụn 200ml",1,Sữa Rửa Mặt,2002,Làm Sạch Da,Chăm Sóc Da Mặt,Làm Sạch Da,Sữa Rửa Mặt,Sức Khỏe - Làm Đẹp -> Chăm Sóc Da Mặt -> Làm Sạch Da -> Sữa Rửa Mặt,True
P_1870,1870,"Son Dưỡng Môi Curél Chuyên Sâu Cho Môi Khô, Nhạy Cảm 4.2g",18,Son Dưỡng Môi,2006,Dưỡng Môi,Chăm Sóc Da Mặt,Dưỡng Môi,Son Dưỡng Môi,Sức Khỏe - Làm Đẹp -> Chăm Sóc Da Mặt -> Dưỡng Môi -> Son Dưỡng Môi,False
P_1871,1871,Sữa Rửa Mặt Senka Tạo Bọt Chiết Xuất Rau Má Dịu Nhẹ 100g,1,Sữa Rửa Mặt,2002,Làm Sạch Da,Chăm Sóc Da Mặt,Làm Sạch Da,Sữa Rửa Mặt,Sức Khỏe - Làm Đẹp -> Chăm Sóc Da Mặt -> Làm Sạch Da -> Sữa Rửa Mặt,True
P_1872,1872,Sữa Rửa Mặt Naris Acmedica Chăm Sóc Da Mụn 100g,1,Sữa Rửa Mặt,2002,Làm Sạch Da,Chăm Sóc Da Mặt,Làm Sạch Da,Sữa Rửa Mặt,Sức Khỏe - Làm Đẹp -> Chăm Sóc Da Mặt -> Làm Sạch Da -> Sữa Rửa Mặt,True
P_1873,1873,Kem Dưỡng Mắt Hada Labo Cấp Ẩm Cao Cấp 20g,38,Serum / Kem Dưỡng Mắt,2005,Dưỡng Mắt,Chăm Sóc Da Mặt,Dưỡng Mắt,Serum / Kem Dưỡng Mắt,Sức Khỏe - Làm Đẹp -> Chăm Sóc Da Mặt -> Dưỡng Mắt -> Serum / Kem Dưỡng Mắt,False
P_1877,1877,Gel Rửa Mặt Emmié Sạch Sâu & Giảm Mụn 180ml,1,Sữa Rửa Mặt,2002,Làm Sạch Da,Chăm Sóc Da Mặt,Làm Sạch Da,Sữa Rửa Mặt,Sức Khỏe - Làm Đẹp -> Chăm Sóc Da Mặt -> Làm Sạch Da -> Sữa Rửa Mặt,True
P_1878,1878,Mặt Nạ Avander Đất Sét Bùn Non Se Khít Lỗ Chân Lông 110g,19,Mặt Nạ Rửa,2001,Mặt Nạ,Chăm Sóc Da Mặt,Mặt Nạ,Mặt Nạ Rửa,Sức Khỏe - Làm Đẹp -> Chăm Sóc Da Mặt -> Mặt Nạ -> Mặt Nạ Rửa,False
P_1881,1881,Hộp 5 Mặt Nạ Thạch Medianswer Sáng Mịn Da 37g,11,Mặt Nạ Giấy,2001,Mặt Nạ,Chăm Sóc Da Mặt,Mặt Nạ,Mặt Nạ Giấy,Sức Khỏe - Làm Đẹp -> Chăm Sóc Da Mặt -> Mặt Nạ -> Mặt Nạ Giấy,False
P_1882,1882,"Serum DrCeutics BHA + Zinc Giảm Mụn, Giảm Tiết Dầu 40g",9,Serum / Tinh Chất,2004,Đặc Trị,Chăm Sóc Da Mặt,Đặc Trị,Serum / Tinh Chất,Sức Khỏe - Làm Đẹp -> Chăm Sóc Da Mặt -> Đặc Trị -> Serum / Tinh Chất,True
P_1884,1884,Sữa Rửa Mặt St.Ives Tẩy Tế Bào Chết Trái Mơ Tươi Mát 170g,1,Sữa Rửa Mặt,2002,Làm Sạch Da,Chăm Sóc Da Mặt,Làm Sạch Da,Sữa Rửa Mặt,Sức Khỏe - Làm Đẹp -> Chăm Sóc Da Mặt -> Làm Sạch Da -> Sữa Rửa Mặt,True
P_1885,1885,Nước Tẩy Trang Hada Labo Sạch Sâu Dưỡng Ẩm 240ml,2,Tẩy Trang Mặt,2002,Làm Sạch Da,Chăm Sóc Da Mặt,Làm Sạch Da,Tẩy Trang Mặt,Sức Khỏe - Làm Đẹp -> Chăm Sóc Da Mặt -> Làm Sạch Da -> Tẩy Trang Mặt,False
P_1887,1887,Combo Hada Labo Kem Rửa Mặt & Lotion Dưỡng Ẩm Da Thường,3,Bộ Chăm Sóc Da Mặt,1001,Chăm Sóc Da Mặt,Chăm Sóc Da Mặt,Bộ Chăm Sóc Da Mặt,Bộ Chăm Sóc Da Mặt,Sức Khỏe - Làm Đẹp -> Chăm Sóc Da Mặt -> Bộ Chăm Sóc Da Mặt,False
P_1889,1889,Serum Jumiso Ốc Sên Giúp Ngăn Ngừa Lão Hóa 140ml,9,Serum / Tinh Chất,2004,Đặc Trị,Chăm Sóc Da Mặt,Đặc Trị,Serum / Tinh Chất,Sức Khỏe - Làm Đẹp -> Chăm Sóc Da Mặt -> Đặc Trị -> Serum / Tinh Chất,True
P_1894,1894,Sữa Chống Nắng Bioré Kiểm Soát Bóng Nhờn 30ml,6,Chống Nắng Da Mặt,1001,Chăm Sóc Da Mặt,Chăm Sóc Da Mặt,Chống Nắng Da Mặt,Chống Nắng Da Mặt,Sức Khỏe - Làm Đẹp -> Chăm Sóc Da Mặt -> Chống Nắng Da Mặt,True
P_1898,1898,"Mặt Nạ BNBG Placenta Truyền Năng Lượng, Phục Hồi Da 30ml",11,Mặt Nạ Giấy,2001,Mặt Nạ,Chăm Sóc Da Mặt,Mặt Nạ,Mặt Nạ Giấy,Sức Khỏe - Làm Đẹp -> Chăm Sóc Da Mặt -> Mặt Nạ -> Mặt Nạ Giấy,False
P_1899,1899,"Mặt Nạ Banobagi Thư Giãn, Làm Dịu & Phục Hồi Da 30g",11,Mặt Nạ Giấy,2001,Mặt Nạ,Chăm Sóc Da Mặt,Mặt Nạ,Mặt Nạ Giấy,Sức Khỏe - Làm Đẹp -> Chăm Sóc Da Mặt -> Mặt Nạ -> Mặt Nạ Giấy,False
P_1900,1900,Mặt Nạ Thạch Medianswer Phục Hồi Dịu Da 37g,11,Mặt Nạ Giấy,2001,Mặt Nạ,Chăm Sóc Da Mặt,Mặt Nạ,Mặt Nạ Giấy,Sức Khỏe - Làm Đẹp -> Chăm Sóc Da Mặt -> Mặt Nạ -> Mặt Nạ Giấy,False
P_1902,1902,"Serum Acnes Lab C15 Dưỡng Sáng, Mờ Thâm, Ngừa Lão Hóa 15ml",9,Serum / Tinh Chất,2004,Đặc Trị,Chăm Sóc Da Mặt,Đặc Trị,Serum / Tinh Chất,Sức Khỏe - Làm Đẹp -> Chăm Sóc Da Mặt -> Đặc Trị -> Serum / Tinh Chất,True
P_1907,1907,"Nước Cân Bằng B.O.M Sáng Da, Hỗ Trợ Mờ Nếp Nhăn 150ml",4,Toner / Nước Cân Bằng Da,2002,Làm Sạch Da,Chăm Sóc Da Mặt,Làm Sạch Da,Toner / Nước Cân Bằng Da,Sức Khỏe - Làm Đẹp -> Chăm Sóc Da Mặt -> Làm Sạch Da -> Toner / Nước Cân Bằng Da,False
P_1913,1913,Kem Dưỡng Bio-essence Làm Sáng Da Ban Đêm 50g,7,Kem / Gel / Dầu Dưỡng,2003,Dưỡng Ẩm,Chăm Sóc Da Mặt,Dưỡng Ẩm,Kem / Gel / Dầu Dưỡng,Sức Khỏe - Làm Đẹp -> Chăm Sóc Da Mặt -> Dưỡng Ẩm -> Kem / Gel / Dầu Dưỡng,True
P_1916,1916,Son Dưỡng Lipice Trái Cây Orange - Cam Tươi Tắn 4g,18,Son Dưỡng Môi,2006,Dưỡng Môi,Chăm Sóc Da Mặt,Dưỡng Môi,Son Dưỡng Môi,Sức Khỏe - Làm Đẹp -> Chăm Sóc Da Mặt -> Dưỡng Môi -> Son Dưỡng Môi,False
P_1919,1919,Combo 10 Mặt Nạ Banobagi Phục Hồi & Làm Dịu Da Nhạy Cảm 30g,11,Mặt Nạ Giấy,2001,Mặt Nạ,Chăm Sóc Da Mặt,Mặt Nạ,Mặt Nạ Giấy,Sức Khỏe - Làm Đẹp -> Chăm Sóc Da Mặt -> Mặt Nạ -> Mặt Nạ Giấy,False
P_1921,1921,Dung Dịch Chấm Mụn Cocoon Bí Đao Làm Giảm Mụn (Mới) 5ml,25,Hỗ Trợ Trị Mụn,2004,Đặc Trị,Chăm Sóc Da Mặt,Đặc Trị,Hỗ Trợ Trị Mụn,Sức Khỏe - Làm Đẹp -> Chăm Sóc Da Mặt -> Đặc Trị -> Hỗ Trợ Trị Mụn,True
P_1923,1923,"Mặt Nạ JMsolution Dưỡng Ẩm, Sáng Da Từ Ngọc Trai 30ml",11,Mặt Nạ Giấy,2001,Mặt Nạ,Chăm Sóc Da Mặt,Mặt Nạ,Mặt Nạ Giấy,Sức Khỏe - Làm Đẹp -> Chăm Sóc Da Mặt -> Mặt Nạ -> Mặt Nạ Giấy,False
P_1925,1925,"Kem Dưỡng Forencos Peptide Sáng Da, Giảm Nhăn Ban Đêm 10ml",7,Kem / Gel / Dầu Dưỡng,2003,Dưỡng Ẩm,Chăm Sóc Da Mặt,Dưỡng Ẩm,Kem / Gel / Dầu Dưỡng,Sức Khỏe - Làm Đẹp -> Chăm Sóc Da Mặt -> Dưỡng Ẩm -> Kem / Gel / Dầu Dưỡng,True
P_1926,1926,Kem Chống Nắng The Lab Nâng Tông Da SPF50+ PA++++ 40ml,6,Chống Nắng Da Mặt,1001,Chăm Sóc Da Mặt,Chăm Sóc Da Mặt,Chống Nắng Da Mặt,Chống Nắng Da Mặt,Sức Khỏe - Làm Đẹp -> Chăm Sóc Da Mặt -> Chống Nắng Da Mặt,True
P_1929,1929,"Tinh Chất Dưỡng Môi Senka Cấp Ẩm & Ngừa Khô, Nẻ Môi 10g",18,Son Dưỡng Môi,2006,Dưỡng Môi,Chăm Sóc Da Mặt,Dưỡng Môi,Son Dưỡng Môi,Sức Khỏe - Làm Đẹp -> Chăm Sóc Da Mặt -> Dưỡng Môi -> Son Dưỡng Môi,False
P_1935,1935,Dầu Tẩy Trang Bioré Cho Mọi Loại Da 150ml,2,Tẩy Trang Mặt,2002,Làm Sạch Da,Chăm Sóc Da Mặt,Làm Sạch Da,Tẩy Trang Mặt,Sức Khỏe - Làm Đẹp -> Chăm Sóc Da Mặt -> Làm Sạch Da -> Tẩy Trang Mặt,False
P_1936,1936,Mặt Nạ Dừa Emmié Cấp Ẩm Dịu Da - Đà Nẵng 25g,11,Mặt Nạ Giấy,2001,Mặt Nạ,Chăm Sóc Da Mặt,Mặt Nạ,Mặt Nạ Giấy,Sức Khỏe - Làm Đẹp -> Chăm Sóc Da Mặt -> Mặt Nạ -> Mặt Nạ Giấy,False
P_1938,1938,"Combo Son Dưỡng Mentholatum Cho Môi Khô, Nứt Nẻ 4.3gx2",18,Son Dưỡng Môi,2006,Dưỡng Môi,Chăm Sóc Da Mặt,Dưỡng Môi,Son Dưỡng Môi,Sức Khỏe - Làm Đẹp -> Chăm Sóc Da Mặt -> Dưỡng Môi -> Son Dưỡng Môi,False
P_1942,1942,"Combo 2 Kem Chống Nắng Beplain Nâng Tông, Kiềm Dầu Mịn Lì 50ml",6,Chống Nắng Da Mặt,1001,Chăm Sóc Da Mặt,Chăm Sóc Da Mặt,Chống Nắng Da Mặt,Chống Nắng Da Mặt,Sức Khỏe - Làm Đẹp -> Chăm Sóc Da Mặt -> Chống Nắng Da Mặt,True
P_1943,1943,Combo 2 Tẩy Tế Bào Chết Rosette Thu Nhỏ Lỗ Chân Lông 180g,17,Tẩy Tế Bào Chết Da Mặt,2002,Làm Sạch Da,Chăm Sóc Da Mặt,Làm Sạch Da,Tẩy Tế Bào Chết Da Mặt,Sức Khỏe - Làm Đẹp -> Chăm Sóc Da Mặt -> Làm Sạch Da -> Tẩy Tế Bào Chết Da Mặt,False
P_1944,1944,"Gel Dưỡng Azderma Hỗ Trợ Giảm Thâm, Cấp Ẩm Sáng Da 20g",105,Sản Phẩm Đặc Trị Khác,2004,Đặc Trị,Chăm Sóc Da Mặt,Đặc Trị,Sản Phẩm Đặc Trị Khác,Sức Khỏe - Làm Đẹp -> Chăm Sóc Da Mặt -> Đặc Trị -> Sản Phẩm Đặc Trị Khác,False
P_1959,1959,"Mặt Nạ Banobagi Thu Nhỏ Lỗ Chân Lông, Kiểm Soát Nhờn 30g",11,Mặt Nạ Giấy,2001,Mặt Nạ,Chăm Sóc Da Mặt,Mặt Nạ,Mặt Nạ Giấy,Sức Khỏe - Làm Đẹp -> Chăm Sóc Da Mặt -> Mặt Nạ -> Mặt Nạ Giấy,False
P_1960,1960,Tinh Chất Chống Nắng Sunplay Hiệu Chỉnh Sắc Da 50g (Hồng),6,Chống Nắng Da Mặt,1001,Chăm Sóc Da Mặt,Chăm Sóc Da Mặt,Chống Nắng Da Mặt,Chống Nắng Da Mặt,Sức Khỏe - Làm Đẹp -> Chăm Sóc Da Mặt -> Chống Nắng Da Mặt,True
P_1961,1961,Gel Giảm Mụn Naris Acmedica Ngăn Ngừa Sẹo Thâm 25g,25,Hỗ Trợ Trị Mụn,2004,Đặc Trị,Chăm Sóc Da Mặt,Đặc Trị,Hỗ Trợ Trị Mụn,Sức Khỏe - Làm Đẹp -> Chăm Sóc Da Mặt -> Đặc Trị -> Hỗ Trợ Trị Mụn,True
P_1968,1968,"Combo 2 Serum Balance Active Formula Làm Sáng Da, Mờ Thâm 30ml",9,Serum / Tinh Chất,2004,Đặc Trị,Chăm Sóc Da Mặt,Đặc Trị,Serum / Tinh Chất,Sức Khỏe - Làm Đẹp -> Chăm Sóc Da Mặt -> Đặc Trị -> Serum / Tinh Chất,True
P_1976,1976,"Xịt Khoáng Avène Cấp Nước, Làm Dịu & Giảm Kích Ứng 150ml",30,Xịt Khoáng,2003,Dưỡng Ẩm,Chăm Sóc Da Mặt,Dưỡng Ẩm,Xịt Khoáng,Sức Khỏe - Làm Đẹp -> Chăm Sóc Da Mặt -> Dưỡng Ẩm -> Xịt Khoáng,False
P_1978,1978,"Combo Serum Tia'm Làm Sáng, Phục Hồi Cho Da Dầu Mụn, Nhạy Cảm + Căng Bóng, Trẻ Hoá Da 40mlx2",3,Bộ Chăm Sóc Da Mặt,1001,Chăm Sóc Da Mặt,Chăm Sóc Da Mặt,Bộ Chăm Sóc Da Mặt,Bộ Chăm Sóc Da Mặt,Sức Khỏe - Làm Đẹp -> Chăm Sóc Da Mặt -> Bộ Chăm Sóc Da Mặt,False
P_1979,1979,Serum Cetaphil Làm Dịu Và Phục Hồi Chuyên Sâu 30ml,9,Serum / Tinh Chất,2004,Đặc Trị,Chăm Sóc Da Mặt,Đặc Trị,Serum / Tinh Chất,Sức Khỏe - Làm Đẹp -> Chăm Sóc Da Mặt -> Đặc Trị -> Serum / Tinh Chất,True
P_1984,1984,"Son Dưỡng Mentholatum Chuyên Biệt Cho Môi Khô, Nứt Nẻ 4.3g",18,Son Dưỡng Môi,2006,Dưỡng Môi,Chăm Sóc Da Mặt,Dưỡng Môi,Son Dưỡng Môi,Sức Khỏe - Làm Đẹp -> Chăm Sóc Da Mặt -> Dưỡng Môi -> Son Dưỡng Môi,False
P_1988,1988,"Combo 10 Mặt Nạ Banobagi Thu Nhỏ Lỗ Chân Lông, Kiểm Soát Nhờn 30g",11,Mặt Nạ Giấy,2001,Mặt Nạ,Chăm Sóc Da Mặt,Mặt Nạ,Mặt Nạ Giấy,Sức Khỏe - Làm Đẹp -> Chăm Sóc Da Mặt -> Mặt Nạ -> Mặt Nạ Giấy,False
P_1990,1990,"Gel Mờ Sẹo Scarz Làm Phẳng, Đều Màu Da Chuyên Sâu 9g",7,Kem / Gel / Dầu Dưỡng,2003,Dưỡng Ẩm,Chăm Sóc Da Mặt,Dưỡng Ẩm,Kem / Gel / Dầu Dưỡng,Sức Khỏe - Làm Đẹp -> Chăm Sóc Da Mặt -> Dưỡng Ẩm -> Kem / Gel / Dầu Dưỡng,True
P_1997,1997,Sữa Rửa Mặt Neutrogena Ngăn Ngừa Mụn Đầu Đen 100g,1,Sữa Rửa Mặt,2002,Làm Sạch Da,Chăm Sóc Da Mặt,Làm Sạch Da,Sữa Rửa Mặt,Sức Khỏe - Làm Đẹp -> Chăm Sóc Da Mặt -> Làm Sạch Da -> Sữa Rửa Mặt,True
P_1999,1999,Toner Round Lab Bổ Sung Độ Ẩm Làm Dịu Da 200ml,4,Toner / Nước Cân Bằng Da,2002,Làm Sạch Da,Chăm Sóc Da Mặt,Làm Sạch Da,Toner / Nước Cân Bằng Da,Sức Khỏe - Làm Đẹp -> Chăm Sóc Da Mặt -> Làm Sạch Da -> Toner / Nước Cân Bằng Da,False
P_2003,2003,Son Dưỡng Lipice Trái Cây Cherry - Anh Đào Đỏ Tươi 4g,18,Son Dưỡng Môi,2006,Dưỡng Môi,Chăm Sóc Da Mặt,Dưỡng Môi,Son Dưỡng Môi,Sức Khỏe - Làm Đẹp -> Chăm Sóc Da Mặt -> Dưỡng Môi -> Son Dưỡng Môi,False
P_2004,2004,Combo 2 Kem Dưỡng La Roche-Posay Giúp Phục Hồi Da Đa Công Dụng 40ml,7,Kem / Gel / Dầu Dưỡng,2003,Dưỡng Ẩm,Chăm Sóc Da Mặt,Dưỡng Ẩm,Kem / Gel / Dầu Dưỡng,Sức Khỏe - Làm Đẹp -> Chăm Sóc Da Mặt -> Dưỡng Ẩm -> Kem / Gel / Dầu Dưỡng,True
P_2007,2007,Kem Chống Nắng Hatomugi Nâng Tông & Dưỡng Ẩm Da 70g (Xanh Bạc Hà),6,Chống Nắng Da Mặt,1001,Chăm Sóc Da Mặt,Chăm Sóc Da Mặt,Chống Nắng Da Mặt,Chống Nắng Da Mặt,Sức Khỏe - Làm Đẹp -> Chăm Sóc Da Mặt -> Chống Nắng Da Mặt,True
P_2009,2009,Gel Rửa Mặt Eucerin Cho Da Mụn 150ml,1,Sữa Rửa Mặt,2002,Làm Sạch Da,Chăm Sóc Da Mặt,Làm Sạch Da,Sữa Rửa Mặt,Sức Khỏe - Làm Đẹp -> Chăm Sóc Da Mặt -> Làm Sạch Da -> Sữa Rửa Mặt,True
P_2015,2015,"Combo 5 Mặt Nạ Emmié Tràm Trà Pionin Giảm Mụn, Giảm Sưng Đỏ 25g",11,Mặt Nạ Giấy,2001,Mặt Nạ,Chăm Sóc Da Mặt,Mặt Nạ,Mặt Nạ Giấy,Sức Khỏe - Làm Đẹp -> Chăm Sóc Da Mặt -> Mặt Nạ -> Mặt Nạ Giấy,False
P_2020,2020,[Mini] Nước Hoa Hồng Klairs Không Mùi Cho Da Nhạy Cảm 20ml,4,Toner / Nước Cân Bằng Da,2002,Làm Sạch Da,Chăm Sóc Da Mặt,Làm Sạch Da,Toner / Nước Cân Bằng Da,Sức Khỏe - Làm Đẹp -> Chăm Sóc Da Mặt -> Làm Sạch Da -> Toner / Nước Cân Bằng Da,False
P_2024,2024,Mặt Nạ Banobagi Phục Hồi & Làm Dịu Da Nhạy Cảm 30g,11,Mặt Nạ Giấy,2001,Mặt Nạ,Chăm Sóc Da Mặt,Mặt Nạ,Mặt Nạ Giấy,Sức Khỏe - Làm Đẹp -> Chăm Sóc Da Mặt -> Mặt Nạ -> Mặt Nạ Giấy,False
P_2025,2025,"Kem Dưỡng Mắt Naris Cosmetics Sáng Da, Ngừa Nếp Nhăn 20g",38,Serum / Kem Dưỡng Mắt,2005,Dưỡng Mắt,Chăm Sóc Da Mặt,Dưỡng Mắt,Serum / Kem Dưỡng Mắt,Sức Khỏe - Làm Đẹp -> Chăm Sóc Da Mặt -> Dưỡng Mắt -> Serum / Kem Dưỡng Mắt,False
P_2027,2027,"[Mua 1 Tặng 3 Quà] Combo 3 Hộp Mặt Nạ Colorkey B5 Dưỡng Ẩm Dịu Da, Căng Bóng, Hỗ Trợ Giảm Dầu Mụn 10 Miếng/Hộp",11,Mặt Nạ Giấy,2001,Mặt Nạ,Chăm Sóc Da Mặt,Mặt Nạ,Mặt Nạ Giấy,Sức Khỏe - Làm Đẹp -> Chăm Sóc Da Mặt -> Mặt Nạ -> Mặt Nạ Giấy,False
P_2028,2028,"Dung Dịch Hada Labo Dưỡng Ẩm Tối Ưu Da Thường, Khô 100ml",37,Lotion / Sữa Dưỡng,2003,Dưỡng Ẩm,Chăm Sóc Da Mặt,Dưỡng Ẩm,Lotion / Sữa Dưỡng,Sức Khỏe - Làm Đẹp -> Chăm Sóc Da Mặt -> Dưỡng Ẩm -> Lotion / Sữa Dưỡng,False
P_2030,2030,"Mặt Nạ Wonjin Siêu Tinh Chất Nâng Cơ, Trẻ Hoá Da 27g",11,Mặt Nạ Giấy,2001,Mặt Nạ,Chăm Sóc Da Mặt,Mặt Nạ,Mặt Nạ Giấy,Sức Khỏe - Làm Đẹp -> Chăm Sóc Da Mặt -> Mặt Nạ -> Mặt Nạ Giấy,False
P_2031,2031,Combo 20 Mặt Nạ BNBG Vitamin B Phục Hồi Da 30ml (Mới),11,Mặt Nạ Giấy,2001,Mặt Nạ,Chăm Sóc Da Mặt,Mặt Nạ,Mặt Nạ Giấy,Sức Khỏe - Làm Đẹp -> Chăm Sóc Da Mặt -> Mặt Nạ -> Mặt Nạ Giấy,False
P_2032,2032,"Nước Cân Bằng Elixir Hỗ Trợ Dưỡng Sáng, Ngừa Lão Hóa 170ml",37,Lotion / Sữa Dưỡng,2003,Dưỡng Ẩm,Chăm Sóc Da Mặt,Dưỡng Ẩm,Lotion / Sữa Dưỡng,Sức Khỏe - Làm Đẹp -> Chăm Sóc Da Mặt -> Dưỡng Ẩm -> Lotion / Sữa Dưỡng,False
P_2036,2036,Tẩy Tế Bào Chết Evoluderm Dưỡng Ẩm Da Chiết Xuất Lô Hội 150g,17,Tẩy Tế Bào Chết Da Mặt,2002,Làm Sạch Da,Chăm Sóc Da Mặt,Làm Sạch Da,Tẩy Tế Bào Chết Da Mặt,Sức Khỏe - Làm Đẹp -> Chăm Sóc Da Mặt -> Làm Sạch Da -> Tẩy Tế Bào Chết Da Mặt,False
P_2037,2037,Mặt Nạ Dừa Emmié Ngừa Lão Hóa - Phương Đông Bất Tận 25g,11,Mặt Nạ Giấy,2001,Mặt Nạ,Chăm Sóc Da Mặt,Mặt Nạ,Mặt Nạ Giấy,Sức Khỏe - Làm Đẹp -> Chăm Sóc Da Mặt -> Mặt Nạ -> Mặt Nạ Giấy,False
P_2042,2042,Combo 10 Mặt Nạ Wonjin Cấp Ẩm Cấp Tốc 30ml,11,Mặt Nạ Giấy,2001,Mặt Nạ,Chăm Sóc Da Mặt,Mặt Nạ,Mặt Nạ Giấy,Sức Khỏe - Làm Đẹp -> Chăm Sóc Da Mặt -> Mặt Nạ -> Mặt Nạ Giấy,False
P_2045,2045,"Sáp Chống Nắng Abib Chống Nước, Finish Bán Lì 23g",6,Chống Nắng Da Mặt,1001,Chăm Sóc Da Mặt,Chăm Sóc Da Mặt,Chống Nắng Da Mặt,Chống Nắng Da Mặt,Sức Khỏe - Làm Đẹp -> Chăm Sóc Da Mặt -> Chống Nắng Da Mặt,True
P_2047,2047,"Mặt Nạ Klairs Dưỡng Ẩm, Làm Dịu Da 25ml",11,Mặt Nạ Giấy,2001,Mặt Nạ,Chăm Sóc Da Mặt,Mặt Nạ,Mặt Nạ Giấy,Sức Khỏe - Làm Đẹp -> Chăm Sóc Da Mặt -> Mặt Nạ -> Mặt Nạ Giấy,False
P_2048,2048,"Sáp Dưỡng Môi SVR Cho Môi Khô, Nứt Nẻ & Tổn Thương 4g",18,Son Dưỡng Môi,2006,Dưỡng Môi,Chăm Sóc Da Mặt,Dưỡng Môi,Son Dưỡng Môi,Sức Khỏe - Làm Đẹp -> Chăm Sóc Da Mặt -> Dưỡng Môi -> Son Dưỡng Môi,False
P_2052,2052,"Mặt Nạ BNBG Exosome Nâng Cơ, Trẻ Hoá Da 30ml",11,Mặt Nạ Giấy,2001,Mặt Nạ,Chăm Sóc Da Mặt,Mặt Nạ,Mặt Nạ Giấy,Sức Khỏe - Làm Đẹp -> Chăm Sóc Da Mặt -> Mặt Nạ -> Mặt Nạ Giấy,False
P_2054,2054,Miếng Dán Mụn Derma Angel Vui Nhộn Hologram 12 Miếng,25,Hỗ Trợ Trị Mụn,2004,Đặc Trị,Chăm Sóc Da Mặt,Đặc Trị,Hỗ Trợ Trị Mụn,Sức Khỏe - Làm Đẹp -> Chăm Sóc Da Mặt -> Đặc Trị -> Hỗ Trợ Trị Mụn,True
P_2055,2055,"Gel Rửa Mặt SVR Không Xà Phòng Cho Da Khô, Nhạy Cảm 55ml",1,Sữa Rửa Mặt,2002,Làm Sạch Da,Chăm Sóc Da Mặt,Làm Sạch Da,Sữa Rửa Mặt,Sức Khỏe - Làm Đẹp -> Chăm Sóc Da Mặt -> Làm Sạch Da -> Sữa Rửa Mặt,True
P_2056,2056,Mặt Nạ Thạch Medianswer Thu Nhỏ Lỗ Chân Lông 37g,11,Mặt Nạ Giấy,2001,Mặt Nạ,Chăm Sóc Da Mặt,Mặt Nạ,Mặt Nạ Giấy,Sức Khỏe - Làm Đẹp -> Chăm Sóc Da Mặt -> Mặt Nạ -> Mặt Nạ Giấy,False
P_2057,2057,Mặt Nạ Avander Đất Sét Trắng Se Khít Lỗ Chân Lông 110g,19,Mặt Nạ Rửa,2001,Mặt Nạ,Chăm Sóc Da Mặt,Mặt Nạ,Mặt Nạ Rửa,Sức Khỏe - Làm Đẹp -> Chăm Sóc Da Mặt -> Mặt Nạ -> Mặt Nạ Rửa,False
P_2062,2062,Combo 2 Mặt Nạ Klairs Làm Dịu Da & Kiểm Soát Dầu Nhờn 25ml,11,Mặt Nạ Giấy,2001,Mặt Nạ,Chăm Sóc Da Mặt,Mặt Nạ,Mặt Nạ Giấy,Sức Khỏe - Làm Đẹp -> Chăm Sóc Da Mặt -> Mặt Nạ -> Mặt Nạ Giấy,False
P_2063,2063,Combo 2 Kem Chống Nắng Skin1004 Cho Da Nhạy Cảm SPF 50+ 50ml,6,Chống Nắng Da Mặt,1001,Chăm Sóc Da Mặt,Chăm Sóc Da Mặt,Chống Nắng Da Mặt,Chống Nắng Da Mặt,Sức Khỏe - Làm Đẹp -> Chăm Sóc Da Mặt -> Chống Nắng Da Mặt,True
P_2064,2064,Combo 4 Miếng Dán Ciracle Hỗ Trợ Hút Và Đẩy Mụn Đầu Đen,25,Hỗ Trợ Trị Mụn,2004,Đặc Trị,Chăm Sóc Da Mặt,Đặc Trị,Hỗ Trợ Trị Mụn,Sức Khỏe - Làm Đẹp -> Chăm Sóc Da Mặt -> Đặc Trị -> Hỗ Trợ Trị Mụn,True
P_2068,2068,"Dầu Khô Đa Năng Nuxe Dưỡng Ẩm Cho Da Mặt, Body Và Tóc 50ml",7,Kem / Gel / Dầu Dưỡng,2003,Dưỡng Ẩm,Chăm Sóc Da Mặt,Dưỡng Ẩm,Kem / Gel / Dầu Dưỡng,Sức Khỏe - Làm Đẹp -> Chăm Sóc Da Mặt -> Dưỡng Ẩm -> Kem / Gel / Dầu Dưỡng,True
P_2069,2069,Xịt Chống Nắng Sunplay Bảo Vệ Đa Chiều SPF50+ PA++++ 60ml,6,Chống Nắng Da Mặt,1001,Chăm Sóc Da Mặt,Chăm Sóc Da Mặt,Chống Nắng Da Mặt,Chống Nắng Da Mặt,Sức Khỏe - Làm Đẹp -> Chăm Sóc Da Mặt -> Chống Nắng Da Mặt,True
P_2073,2073,"Mặt Nạ Banobagi Cấp Ẩm Đàn Hồi, Căng Bóng Da 30g",11,Mặt Nạ Giấy,2001,Mặt Nạ,Chăm Sóc Da Mặt,Mặt Nạ,Mặt Nạ Giấy,Sức Khỏe - Làm Đẹp -> Chăm Sóc Da Mặt -> Mặt Nạ -> Mặt Nạ Giấy,False
P_2075,2075,Dung Dịch Tạo Bọt Acnes Ngăn Ngừa Mụn 150ml,1,Sữa Rửa Mặt,2002,Làm Sạch Da,Chăm Sóc Da Mặt,Làm Sạch Da,Sữa Rửa Mặt,Sức Khỏe - Làm Đẹp -> Chăm Sóc Da Mặt -> Làm Sạch Da -> Sữa Rửa Mặt,True
P_2079,2079,Essence Chống Nắng Bioré Màng Nước Dưỡng Ẩm Da 50g,6,Chống Nắng Da Mặt,1001,Chăm Sóc Da Mặt,Chăm Sóc Da Mặt,Chống Nắng Da Mặt,Chống Nắng Da Mặt,Sức Khỏe - Làm Đẹp -> Chăm Sóc Da Mặt -> Chống Nắng Da Mặt,True
P_2081,2081,Combo Cocoon Kem Dưỡng Bí Đao Cấp Ẩm 30ml + Mặt Nạ Bí Đao Giảm Dầu Mụn 30ml,3,Bộ Chăm Sóc Da Mặt,1001,Chăm Sóc Da Mặt,Chăm Sóc Da Mặt,Bộ Chăm Sóc Da Mặt,Bộ Chăm Sóc Da Mặt,Sức Khỏe - Làm Đẹp -> Chăm Sóc Da Mặt -> Bộ Chăm Sóc Da Mặt,False
P_2084,2084,Combo La Roche-Posay Làm Sạch Sâu Cho Da Dầu Mụn 400ml/Chai,3,Bộ Chăm Sóc Da Mặt,1001,Chăm Sóc Da Mặt,Chăm Sóc Da Mặt,Bộ Chăm Sóc Da Mặt,Bộ Chăm Sóc Da Mặt,Sức Khỏe - Làm Đẹp -> Chăm Sóc Da Mặt -> Bộ Chăm Sóc Da Mặt,False
P_2086,2086,Sữa Rửa Mặt Tia'm Ốc Sên Làm Dịu & Phục Hồi Da 400ml,1,Sữa Rửa Mặt,2002,Làm Sạch Da,Chăm Sóc Da Mặt,Làm Sạch Da,Sữa Rửa Mặt,Sức Khỏe - Làm Đẹp -> Chăm Sóc Da Mặt -> Làm Sạch Da -> Sữa Rửa Mặt,True
P_2093,2093,Mặt Nạ Caryophy Phục Hồi Da Đa Năng 25g,11,Mặt Nạ Giấy,2001,Mặt Nạ,Chăm Sóc Da Mặt,Mặt Nạ,Mặt Nạ Giấy,Sức Khỏe - Làm Đẹp -> Chăm Sóc Da Mặt -> Mặt Nạ -> Mặt Nạ Giấy,False
P_2096,2096,"Serum Hada Labo Dưỡng Ẩm Cho Da Mụn, Nhạy Cảm 30ml",9,Serum / Tinh Chất,2004,Đặc Trị,Chăm Sóc Da Mặt,Đặc Trị,Serum / Tinh Chất,Sức Khỏe - Làm Đẹp -> Chăm Sóc Da Mặt -> Đặc Trị -> Serum / Tinh Chất,True
P_2098,2098,Sữa Dưỡng Naris Acne Grand Cho Da Mụn 160ml,37,Lotion / Sữa Dưỡng,2003,Dưỡng Ẩm,Chăm Sóc Da Mặt,Dưỡng Ẩm,Lotion / Sữa Dưỡng,Sức Khỏe - Làm Đẹp -> Chăm Sóc Da Mặt -> Dưỡng Ẩm -> Lotion / Sữa Dưỡng,False
P_2107,2107,[Mini] Sữa Rửa Mặt I'm From Từ Ngải Cứu Sạch Sâu Dịu Nhẹ 30ml,1,Sữa Rửa Mặt,2002,Làm Sạch Da,Chăm Sóc Da Mặt,Làm Sạch Da,Sữa Rửa Mặt,Sức Khỏe - Làm Đẹp -> Chăm Sóc Da Mặt -> Làm Sạch Da -> Sữa Rửa Mặt,True
P_2108,2108,[Mini] Combo 2 Nước Tẩy Trang L'Oreal Siêu Cấp Ẩm 95ml,2,Tẩy Trang Mặt,2002,Làm Sạch Da,Chăm Sóc Da Mặt,Làm Sạch Da,Tẩy Trang Mặt,Sức Khỏe - Làm Đẹp -> Chăm Sóc Da Mặt -> Làm Sạch Da -> Tẩy Trang Mặt,False
P_2110,2110,Sữa Rửa Mặt Simple Hydrate+ Cấp Ẩm Căng Mướt 240ml,1,Sữa Rửa Mặt,2002,Làm Sạch Da,Chăm Sóc Da Mặt,Làm Sạch Da,Sữa Rửa Mặt,Sức Khỏe - Làm Đẹp -> Chăm Sóc Da Mặt -> Làm Sạch Da -> Sữa Rửa Mặt,True
P_2114,2114,Son Dưỡng B.O.M 04 Pure Coral - Cam Tự Nhiên 4.5g,18,Son Dưỡng Môi,2006,Dưỡng Môi,Chăm Sóc Da Mặt,Dưỡng Môi,Son Dưỡng Môi,Sức Khỏe - Làm Đẹp -> Chăm Sóc Da Mặt -> Dưỡng Môi -> Son Dưỡng Môi,False
P_2119,2119,"Bột Đậu Đỏ Milaganics Ngừa Mụn, Dưỡng Sáng Da 100g (Hũ)",19,Mặt Nạ Rửa,2001,Mặt Nạ,Chăm Sóc Da Mặt,Mặt Nạ,Mặt Nạ Rửa,Sức Khỏe - Làm Đẹp -> Chăm Sóc Da Mặt -> Mặt Nạ -> Mặt Nạ Rửa,False
P_2120,2120,Xịt Dưỡng Ẩm Eucerin Cho Da Nhạy Cảm 50ml,30,Xịt Khoáng,2003,Dưỡng Ẩm,Chăm Sóc Da Mặt,Dưỡng Ẩm,Xịt Khoáng,Sức Khỏe - Làm Đẹp -> Chăm Sóc Da Mặt -> Dưỡng Ẩm -> Xịt Khoáng,False
P_2121,2121,Sữa Rửa Mặt Naris Nature Dưỡng Sáng Da 100g,1,Sữa Rửa Mặt,2002,Làm Sạch Da,Chăm Sóc Da Mặt,Làm Sạch Da,Sữa Rửa Mặt,Sức Khỏe - Làm Đẹp -> Chăm Sóc Da Mặt -> Làm Sạch Da -> Sữa Rửa Mặt,True
P_2122,2122,"Combo 2 Serum Torriden Dưỡng Ẩm Sâu, Sáng Bóng Da 50ml",9,Serum / Tinh Chất,2004,Đặc Trị,Chăm Sóc Da Mặt,Đặc Trị,Serum / Tinh Chất,Sức Khỏe - Làm Đẹp -> Chăm Sóc Da Mặt -> Đặc Trị -> Serum / Tinh Chất,True
P_2123,2123,Combo Serum d'Alba Dạng Xịt Căng Bóng & Cấp Ẩm Dịu Da 100mlx2,9,Serum / Tinh Chất,2004,Đặc Trị,Chăm Sóc Da Mặt,Đặc Trị,Serum / Tinh Chất,Sức Khỏe - Làm Đẹp -> Chăm Sóc Da Mặt -> Đặc Trị -> Serum / Tinh Chất,True
P_2127,2127,"Son Dưỡng LipIce Hương Trà Dâu, Màu Đỏ Cam 2.4g",18,Son Dưỡng Môi,2006,Dưỡng Môi,Chăm Sóc Da Mặt,Dưỡng Môi,Son Dưỡng Môi,Sức Khỏe - Làm Đẹp -> Chăm Sóc Da Mặt -> Dưỡng Môi -> Son Dưỡng Môi,False
P_2129,2129,Nước Tẩy Trang Neutrogena Thanh Lọc Và Làm Sạch Sâu 400ml,2,Tẩy Trang Mặt,2002,Làm Sạch Da,Chăm Sóc Da Mặt,Làm Sạch Da,Tẩy Trang Mặt,Sức Khỏe - Làm Đẹp -> Chăm Sóc Da Mặt -> Làm Sạch Da -> Tẩy Trang Mặt,False
P_2131,2131,"Kem Dưỡng The Cafuné Mờ Thâm Nám, Tàn Nhang, Đều Màu Da 28g",105,Sản Phẩm Đặc Trị Khác,2004,Đặc Trị,Chăm Sóc Da Mặt,Đặc Trị,Sản Phẩm Đặc Trị Khác,Sức Khỏe - Làm Đẹp -> Chăm Sóc Da Mặt -> Đặc Trị -> Sản Phẩm Đặc Trị Khác,False
P_2134,2134,Son Dưỡng LipIce Hiệu Chỉnh Sắc Môi - Hồng Đất 2.4g,18,Son Dưỡng Môi,2006,Dưỡng Môi,Chăm Sóc Da Mặt,Dưỡng Môi,Son Dưỡng Môi,Sức Khỏe - Làm Đẹp -> Chăm Sóc Da Mặt -> Dưỡng Môi -> Son Dưỡng Môi,False
P_2135,2135,"Combo 3 Serum Garnier Giảm Mụn Mờ Thâm Cho Da Dầu, Mụn 30ml+7.5mlx2",9,Serum / Tinh Chất,2004,Đặc Trị,Chăm Sóc Da Mặt,Đặc Trị,Serum / Tinh Chất,Sức Khỏe - Làm Đẹp -> Chăm Sóc Da Mặt -> Đặc Trị -> Serum / Tinh Chất,True
P_2136,2136,Kem Dưỡng Curél Cấp Ẩm Sáng Mịn 40g,7,Kem / Gel / Dầu Dưỡng,2003,Dưỡng Ẩm,Chăm Sóc Da Mặt,Dưỡng Ẩm,Kem / Gel / Dầu Dưỡng,Sức Khỏe - Làm Đẹp -> Chăm Sóc Da Mặt -> Dưỡng Ẩm -> Kem / Gel / Dầu Dưỡng,True
P_2137,2137,Combo 2 Nước Tẩy Trang Cocoon Bí Đao Làm Sạch & Giảm Dầu 140ml,2,Tẩy Trang Mặt,2002,Làm Sạch Da,Chăm Sóc Da Mặt,Làm Sạch Da,Tẩy Trang Mặt,Sức Khỏe - Làm Đẹp -> Chăm Sóc Da Mặt -> Làm Sạch Da -> Tẩy Trang Mặt,False
P_2138,2138,Mặt Nạ Colorkey B5 Dưỡng Ẩm Sáng Da Với Niacinamide 25ml,11,Mặt Nạ Giấy,2001,Mặt Nạ,Chăm Sóc Da Mặt,Mặt Nạ,Mặt Nạ Giấy,Sức Khỏe - Làm Đẹp -> Chăm Sóc Da Mặt -> Mặt Nạ -> Mặt Nạ Giấy,False
P_2139,2139,Son Dưỡng LipIce Hiệu Chỉnh Sắc Môi - Hồng Cam 2.4g,18,Son Dưỡng Môi,2006,Dưỡng Môi,Chăm Sóc Da Mặt,Dưỡng Môi,Son Dưỡng Môi,Sức Khỏe - Làm Đẹp -> Chăm Sóc Da Mặt -> Dưỡng Môi -> Son Dưỡng Môi,False
P_2151,2151,Mặt Nạ Colorkey Hỗ Trợ Giảm Dầu Mụn Từ Trà Xanh & BHA 25ml,11,Mặt Nạ Giấy,2001,Mặt Nạ,Chăm Sóc Da Mặt,Mặt Nạ,Mặt Nạ Giấy,Sức Khỏe - Làm Đẹp -> Chăm Sóc Da Mặt -> Mặt Nạ -> Mặt Nạ Giấy,False
P_2155,2155,Combo Bioderma Nước Tẩy Trang 500ml + Gel Rửa Mặt 500ml Cho Da Dầu & Hỗn Hợp,3,Bộ Chăm Sóc Da Mặt,1001,Chăm Sóc Da Mặt,Chăm Sóc Da Mặt,Bộ Chăm Sóc Da Mặt,Bộ Chăm Sóc Da Mặt,Sức Khỏe - Làm Đẹp -> Chăm Sóc Da Mặt -> Bộ Chăm Sóc Da Mặt,False
P_2160,2160,Combo 2 Kem Dưỡng Ẩm Neutrogena Cấp Nước Cho Da Dầu 15g,7,Kem / Gel / Dầu Dưỡng,2003,Dưỡng Ẩm,Chăm Sóc Da Mặt,Dưỡng Ẩm,Kem / Gel / Dầu Dưỡng,Sức Khỏe - Làm Đẹp -> Chăm Sóc Da Mặt -> Dưỡng Ẩm -> Kem / Gel / Dầu Dưỡng,True
P_2161,2161,"Dung Dịch Hada Labo Dưỡng Sáng Cao Cấp, Mờ Thâm Nám 170ml",37,Lotion / Sữa Dưỡng,2003,Dưỡng Ẩm,Chăm Sóc Da Mặt,Dưỡng Ẩm,Lotion / Sữa Dưỡng,Sức Khỏe - Làm Đẹp -> Chăm Sóc Da Mặt -> Dưỡng Ẩm -> Lotion / Sữa Dưỡng,False
P_2169,2169,Kem Chống Nắng BYS Hiệu Chỉnh Màu Da Tông Da Sáng 30ml,6,Chống Nắng Da Mặt,1001,Chăm Sóc Da Mặt,Chăm Sóc Da Mặt,Chống Nắng Da Mặt,Chống Nắng Da Mặt,Sức Khỏe - Làm Đẹp -> Chăm Sóc Da Mặt -> Chống Nắng Da Mặt,True
P_2174,2174,"Combo 30 Mặt Nạ Keyshu Sợi Xơ Rau Má Cấp Ẩm, Ngừa Lão Hóa 30ml",11,Mặt Nạ Giấy,2001,Mặt Nạ,Chăm Sóc Da Mặt,Mặt Nạ,Mặt Nạ Giấy,Sức Khỏe - Làm Đẹp -> Chăm Sóc Da Mặt -> Mặt Nạ -> Mặt Nạ Giấy,False
P_2175,2175,Combo La Roche-Posay Nước Tẩy Trang 400ml + Gel Rửa Mặt 50ml Làm Sạch Sâu Cho Da Dầu Mụn,3,Bộ Chăm Sóc Da Mặt,1001,Chăm Sóc Da Mặt,Chăm Sóc Da Mặt,Bộ Chăm Sóc Da Mặt,Bộ Chăm Sóc Da Mặt,Sức Khỏe - Làm Đẹp -> Chăm Sóc Da Mặt -> Bộ Chăm Sóc Da Mặt,False
P_2178,2178,Sữa Rửa Mặt Bioré Thanh Lọc Da - Ngừa Mụn 100g,1,Sữa Rửa Mặt,2002,Làm Sạch Da,Chăm Sóc Da Mặt,Làm Sạch Da,Sữa Rửa Mặt,Sức Khỏe - Làm Đẹp -> Chăm Sóc Da Mặt -> Làm Sạch Da -> Sữa Rửa Mặt,True
P_2179,2179,Gel Rửa Mặt DrCeutics Tạo Bọt Sạch Sâu Cho Mọi Loại Da 250g,1,Sữa Rửa Mặt,2002,Làm Sạch Da,Chăm Sóc Da Mặt,Làm Sạch Da,Sữa Rửa Mặt,Sức Khỏe - Làm Đẹp -> Chăm Sóc Da Mặt -> Làm Sạch Da -> Sữa Rửa Mặt,True
P_2182,2182,Gel Rửa Mặt Emmié Dịu Nhẹ & Cấp Ẩm Sâu 180ml,1,Sữa Rửa Mặt,2002,Làm Sạch Da,Chăm Sóc Da Mặt,Làm Sạch Da,Sữa Rửa Mặt,Sức Khỏe - Làm Đẹp -> Chăm Sóc Da Mặt -> Làm Sạch Da -> Sữa Rửa Mặt,True
P_2183,2183,Serum B.O.M Từ 8 Loại Trà Làm Dịu & Cấp Ẩm Da 38ml,9,Serum / Tinh Chất,2004,Đặc Trị,Chăm Sóc Da Mặt,Đặc Trị,Serum / Tinh Chất,Sức Khỏe - Làm Đẹp -> Chăm Sóc Da Mặt -> Đặc Trị -> Serum / Tinh Chất,True
P_2185,2185,Serum Acnes Vitamin C Làm Mờ Sẹo & Vết Thâm 15ml,9,Serum / Tinh Chất,2004,Đặc Trị,Chăm Sóc Da Mặt,Đặc Trị,Serum / Tinh Chất,Sức Khỏe - Làm Đẹp -> Chăm Sóc Da Mặt -> Đặc Trị -> Serum / Tinh Chất,True
P_2186,2186,Xịt Chống Nắng Naris Cosmetics Dưỡng Sáng Da 90g,6,Chống Nắng Da Mặt,1001,Chăm Sóc Da Mặt,Chăm Sóc Da Mặt,Chống Nắng Da Mặt,Chống Nắng Da Mặt,Sức Khỏe - Làm Đẹp -> Chăm Sóc Da Mặt -> Chống Nắng Da Mặt,True
P_2187,2187,Xịt Chống Nắng Naris Cosmetics Nâng Tông Da 80g,6,Chống Nắng Da Mặt,1001,Chăm Sóc Da Mặt,Chăm Sóc Da Mặt,Chống Nắng Da Mặt,Chống Nắng Da Mặt,Sức Khỏe - Làm Đẹp -> Chăm Sóc Da Mặt -> Chống Nắng Da Mặt,True
P_2188,2188,Mặt Nạ Purederm Sủi Bọt Thanh Lọc Da 25g,11,Mặt Nạ Giấy,2001,Mặt Nạ,Chăm Sóc Da Mặt,Mặt Nạ,Mặt Nạ Giấy,Sức Khỏe - Làm Đẹp -> Chăm Sóc Da Mặt -> Mặt Nạ -> Mặt Nạ Giấy,False
P_2190,2190,Mặt Nạ Bùn Colorkey Trà Xanh Cho Da Dầu Mụn 60g,19,Mặt Nạ Rửa,2001,Mặt Nạ,Chăm Sóc Da Mặt,Mặt Nạ,Mặt Nạ Rửa,Sức Khỏe - Làm Đẹp -> Chăm Sóc Da Mặt -> Mặt Nạ -> Mặt Nạ Rửa,False
P_2192,2192,Gel Tẩy Tế Bào Chết Meishoku Detclear Không Mùi 180ml,17,Tẩy Tế Bào Chết Da Mặt,2002,Làm Sạch Da,Chăm Sóc Da Mặt,Làm Sạch Da,Tẩy Tế Bào Chết Da Mặt,Sức Khỏe - Làm Đẹp -> Chăm Sóc Da Mặt -> Làm Sạch Da -> Tẩy Tế Bào Chết Da Mặt,False
P_2196,2196,"Mặt Nạ BNBG Vita Complex Dưỡng Sáng, Mờ Thâm Nám 30ml (Mới)",11,Mặt Nạ Giấy,2001,Mặt Nạ,Chăm Sóc Da Mặt,Mặt Nạ,Mặt Nạ Giấy,Sức Khỏe - Làm Đẹp -> Chăm Sóc Da Mặt -> Mặt Nạ -> Mặt Nạ Giấy,False
P_2200,2200,"Combo 2 Nước Tẩy Trang JMsolution Làm Sạch, Bổ Sung Độ Ẩm 500ml",2,Tẩy Trang Mặt,2002,Làm Sạch Da,Chăm Sóc Da Mặt,Làm Sạch Da,Tẩy Trang Mặt,Sức Khỏe - Làm Đẹp -> Chăm Sóc Da Mặt -> Làm Sạch Da -> Tẩy Trang Mặt,False
P_2201,2201,Nước Tẩy Trang Garnier Làm Sạch Sâu Lớp Trang Điểm 125ml,2,Tẩy Trang Mặt,2002,Làm Sạch Da,Chăm Sóc Da Mặt,Làm Sạch Da,Tẩy Trang Mặt,Sức Khỏe - Làm Đẹp -> Chăm Sóc Da Mặt -> Làm Sạch Da -> Tẩy Trang Mặt,False
P_2202,2202,Combo Olay Serum Sức Mạnh Từ 5 Dưỡng Chất 30ml + Kem Dưỡng Sáng Da Mờ Thâm Nám Ban Đêm 50g,3,Bộ Chăm Sóc Da Mặt,1001,Chăm Sóc Da Mặt,Chăm Sóc Da Mặt,Bộ Chăm Sóc Da Mặt,Bộ Chăm Sóc Da Mặt,Sức Khỏe - Làm Đẹp -> Chăm Sóc Da Mặt -> Bộ Chăm Sóc Da Mặt,False
P_2205,2205,"Combo Serum Balance Active Formula Sáng Da, Mờ Thâm & Cấp Nước Dưỡng Ẩm 30mlx2",9,Serum / Tinh Chất,2004,Đặc Trị,Chăm Sóc Da Mặt,Đặc Trị,Serum / Tinh Chất,Sức Khỏe - Làm Đẹp -> Chăm Sóc Da Mặt -> Đặc Trị -> Serum / Tinh Chất,True
P_2206,2206,Combo 2 Tinh Chất Cocoon Chiết Xuất Từ Nghệ Hưng Yên 30ml,9,Serum / Tinh Chất,2004,Đặc Trị,Chăm Sóc Da Mặt,Đặc Trị,Serum / Tinh Chất,Sức Khỏe - Làm Đẹp -> Chăm Sóc Da Mặt -> Đặc Trị -> Serum / Tinh Chất,True
P_2208,2208,Mặt Nạ BNBG Glutathione Hỗ Trợ Dưỡng Sáng Da 30ml,11,Mặt Nạ Giấy,2001,Mặt Nạ,Chăm Sóc Da Mặt,Mặt Nạ,Mặt Nạ Giấy,Sức Khỏe - Làm Đẹp -> Chăm Sóc Da Mặt -> Mặt Nạ -> Mặt Nạ Giấy,False
P_2212,2212,Combo 30 Mặt Nạ Colorkey Hỗ Trợ Giảm Dầu Mụn Từ Trà Xanh & BHA 25ml,11,Mặt Nạ Giấy,2001,Mặt Nạ,Chăm Sóc Da Mặt,Mặt Nạ,Mặt Nạ Giấy,Sức Khỏe - Làm Đẹp -> Chăm Sóc Da Mặt -> Mặt Nạ -> Mặt Nạ Giấy,False
P_2215,2215,Combo 2 Nước Tẩy Trang Simple Làm Sạch Trang Điểm 200ml,2,Tẩy Trang Mặt,2002,Làm Sạch Da,Chăm Sóc Da Mặt,Làm Sạch Da,Tẩy Trang Mặt,Sức Khỏe - Làm Đẹp -> Chăm Sóc Da Mặt -> Làm Sạch Da -> Tẩy Trang Mặt,False
P_2217,2217,Gel Chống Nắng Sunplay Dưỡng Da Khi Vận Động Mạnh 30g,6,Chống Nắng Da Mặt,1001,Chăm Sóc Da Mặt,Chăm Sóc Da Mặt,Chống Nắng Da Mặt,Chống Nắng Da Mặt,Sức Khỏe - Làm Đẹp -> Chăm Sóc Da Mặt -> Chống Nắng Da Mặt,True
P_2220,2220,Sữa Rửa Mặt Hazeline Ngừa Mụn Dịu Nhẹ Tràm Trà Cica 100g,1,Sữa Rửa Mặt,2002,Làm Sạch Da,Chăm Sóc Da Mặt,Làm Sạch Da,Sữa Rửa Mặt,Sức Khỏe - Làm Đẹp -> Chăm Sóc Da Mặt -> Làm Sạch Da -> Sữa Rửa Mặt,True
P_2222,2222,Son Dưỡng LipIce Hiệu Chỉnh Sắc Môi - Đỏ Gạch 2.4g,18,Son Dưỡng Môi,2006,Dưỡng Môi,Chăm Sóc Da Mặt,Dưỡng Môi,Son Dưỡng Môi,Sức Khỏe - Làm Đẹp -> Chăm Sóc Da Mặt -> Dưỡng Môi -> Son Dưỡng Môi,False
P_2223,2223,"Combo 10 Mặt Nạ Foodaholic Vitamin E Cấp Ẩm, Phục Hồi Da 23g",11,Mặt Nạ Giấy,2001,Mặt Nạ,Chăm Sóc Da Mặt,Mặt Nạ,Mặt Nạ Giấy,Sức Khỏe - Làm Đẹp -> Chăm Sóc Da Mặt -> Mặt Nạ -> Mặt Nạ Giấy,False
P_2225,2225,Son Dưỡng Môi Nivea Hương Dâu 4.8g,18,Son Dưỡng Môi,2006,Dưỡng Môi,Chăm Sóc Da Mặt,Dưỡng Môi,Son Dưỡng Môi,Sức Khỏe - Làm Đẹp -> Chăm Sóc Da Mặt -> Dưỡng Môi -> Son Dưỡng Môi,False
P_2227,2227,Miếng Dán Mụn Derma Angel Vui Nhộn Cute Paws 12 Miếng,25,Hỗ Trợ Trị Mụn,2004,Đặc Trị,Chăm Sóc Da Mặt,Đặc Trị,Hỗ Trợ Trị Mụn,Sức Khỏe - Làm Đẹp -> Chăm Sóc Da Mặt -> Đặc Trị -> Hỗ Trợ Trị Mụn,True
P_2230,2230,Son Dưỡng Môi Nuxe Reve de Miel 4g,18,Son Dưỡng Môi,2006,Dưỡng Môi,Chăm Sóc Da Mặt,Dưỡng Môi,Son Dưỡng Môi,Sức Khỏe - Làm Đẹp -> Chăm Sóc Da Mặt -> Dưỡng Môi -> Son Dưỡng Môi,False
P_2235,2235,Sữa Rửa Mặt Cetaphil Dịu Lành Cho Da Dầu Nhạy Cảm 473ml,1,Sữa Rửa Mặt,2002,Làm Sạch Da,Chăm Sóc Da Mặt,Làm Sạch Da,Sữa Rửa Mặt,Sức Khỏe - Làm Đẹp -> Chăm Sóc Da Mặt -> Làm Sạch Da -> Sữa Rửa Mặt,True
P_2239,2239,Combo Sữa Dưỡng Ẩm CeraVe Cho Da Thường Đến Khô 236ml + 30ml,37,Lotion / Sữa Dưỡng,2003,Dưỡng Ẩm,Chăm Sóc Da Mặt,Dưỡng Ẩm,Lotion / Sữa Dưỡng,Sức Khỏe - Làm Đẹp -> Chăm Sóc Da Mặt -> Dưỡng Ẩm -> Lotion / Sữa Dưỡng,False
P_2242,2242,Hộp 10 Mặt Nạ Emmié Microfiber Cầu Sung Dừa Đủ Xoài 28g,11,Mặt Nạ Giấy,2001,Mặt Nạ,Chăm Sóc Da Mặt,Mặt Nạ,Mặt Nạ Giấy,Sức Khỏe - Làm Đẹp -> Chăm Sóc Da Mặt -> Mặt Nạ -> Mặt Nạ Giấy,False
P_2243,2243,Mặt Nạ BNBG Dưỡng Ẩm Cho Mọi Loại Da 30ml (Mới),11,Mặt Nạ Giấy,2001,Mặt Nạ,Chăm Sóc Da Mặt,Mặt Nạ,Mặt Nạ Giấy,Sức Khỏe - Làm Đẹp -> Chăm Sóc Da Mặt -> Mặt Nạ -> Mặt Nạ Giấy,False
P_2245,2245,Kem Chống Nắng Round Lab Nâng Tông Sáng Hồng Rạng Rỡ 50ml,6,Chống Nắng Da Mặt,1001,Chăm Sóc Da Mặt,Chăm Sóc Da Mặt,Chống Nắng Da Mặt,Chống Nắng Da Mặt,Sức Khỏe - Làm Đẹp -> Chăm Sóc Da Mặt -> Chống Nắng Da Mặt,True
P_2248,2248,[Mini] Sữa Rửa Mặt Garnier Tạo Bọt Dưỡng Sáng Da 50ml,1,Sữa Rửa Mặt,2002,Làm Sạch Da,Chăm Sóc Da Mặt,Làm Sạch Da,Sữa Rửa Mặt,Sức Khỏe - Làm Đẹp -> Chăm Sóc Da Mặt -> Làm Sạch Da -> Sữa Rửa Mặt,True
P_2252,2252,Túi Refill Dung Dịch Hada Labo Dưỡng Ẩm Tối Ưu Cho Da Dầu 170ml,37,Lotion / Sữa Dưỡng,2003,Dưỡng Ẩm,Chăm Sóc Da Mặt,Dưỡng Ẩm,Lotion / Sữa Dưỡng,Sức Khỏe - Làm Đẹp -> Chăm Sóc Da Mặt -> Dưỡng Ẩm -> Lotion / Sữa Dưỡng,False
P_2253,2253,Son Dưỡng Judydoll Có Màu Cấp Ẩm - 01 Hồng Nude 3g,18,Son Dưỡng Môi,2006,Dưỡng Môi,Chăm Sóc Da Mặt,Dưỡng Môi,Son Dưỡng Môi,Sức Khỏe - Làm Đẹp -> Chăm Sóc Da Mặt -> Dưỡng Môi -> Son Dưỡng Môi,False
P_2259,2259,Combo 2 Kem Dưỡng Ẩm Neutrogena Cấp Nước Cho Da Khô 50g,7,Kem / Gel / Dầu Dưỡng,2003,Dưỡng Ẩm,Chăm Sóc Da Mặt,Dưỡng Ẩm,Kem / Gel / Dầu Dưỡng,Sức Khỏe - Làm Đẹp -> Chăm Sóc Da Mặt -> Dưỡng Ẩm -> Kem / Gel / Dầu Dưỡng,True
P_2261,2261,"Mặt Nạ Đất Sét Avander Nha Đam Dưỡng Sáng, Dịu Da 110g",19,Mặt Nạ Rửa,2001,Mặt Nạ,Chăm Sóc Da Mặt,Mặt Nạ,Mặt Nạ Rửa,Sức Khỏe - Làm Đẹp -> Chăm Sóc Da Mặt -> Mặt Nạ -> Mặt Nạ Rửa,False
P_2262,2262,Combo Cocoon Nước Cân Bằng Sen Hậu Giang 140ml + Nước Tẩy Trang Bí Đao 140ml,3,Bộ Chăm Sóc Da Mặt,1001,Chăm Sóc Da Mặt,Chăm Sóc Da Mặt,Bộ Chăm Sóc Da Mặt,Bộ Chăm Sóc Da Mặt,Sức Khỏe - Làm Đẹp -> Chăm Sóc Da Mặt -> Bộ Chăm Sóc Da Mặt,False
P_2263,2263,Tinh Chất Cocoon Cấp Nước & Cấp Ẩm Sâu Từ Hoa Hồng 30ml,9,Serum / Tinh Chất,2004,Đặc Trị,Chăm Sóc Da Mặt,Đặc Trị,Serum / Tinh Chất,Sức Khỏe - Làm Đẹp -> Chăm Sóc Da Mặt -> Đặc Trị -> Serum / Tinh Chất,True
P_2268,2268,Sữa Chống Nắng Senka Cho Da Nhạy Cảm 40ml,6,Chống Nắng Da Mặt,1001,Chăm Sóc Da Mặt,Chăm Sóc Da Mặt,Chống Nắng Da Mặt,Chống Nắng Da Mặt,Sức Khỏe - Làm Đẹp -> Chăm Sóc Da Mặt -> Chống Nắng Da Mặt,True
P_2269,2269,Combo 5 Mặt Nạ Nature Republic Chiết Xuất Tràm Trà Giảm Mụn 23ml,11,Mặt Nạ Giấy,2001,Mặt Nạ,Chăm Sóc Da Mặt,Mặt Nạ,Mặt Nạ Giấy,Sức Khỏe - Làm Đẹp -> Chăm Sóc Da Mặt -> Mặt Nạ -> Mặt Nạ Giấy,False
P_2271,2271,Mặt Nạ JMsolution Tổ Yến Dưỡng Ẩm Chuyên Sâu 30ml,11,Mặt Nạ Giấy,2001,Mặt Nạ,Chăm Sóc Da Mặt,Mặt Nạ,Mặt Nạ Giấy,Sức Khỏe - Làm Đẹp -> Chăm Sóc Da Mặt -> Mặt Nạ -> Mặt Nạ Giấy,False
P_2272,2272,Combo CeraVe Kem Dưỡng Cho Da Khô Đến Rất Khô 50ml + Sữa Rửa Mặt Cho Da Thường Đến Da Dầu 30ml,3,Bộ Chăm Sóc Da Mặt,1001,Chăm Sóc Da Mặt,Chăm Sóc Da Mặt,Bộ Chăm Sóc Da Mặt,Bộ Chăm Sóc Da Mặt,Sức Khỏe - Làm Đẹp -> Chăm Sóc Da Mặt -> Bộ Chăm Sóc Da Mặt,False
P_2274,2274,Kem Chống Nắng The Lab Cấp Ẩm Cho Da 40ml,6,Chống Nắng Da Mặt,1001,Chăm Sóc Da Mặt,Chăm Sóc Da Mặt,Chống Nắng Da Mặt,Chống Nắng Da Mặt,Sức Khỏe - Làm Đẹp -> Chăm Sóc Da Mặt -> Chống Nắng Da Mặt,True
P_2277,2277,"Kem Dưỡng L'Oreal Cấp Ẩm, Kiềm Dầu & Giảm Bóng Nhờn 8H 50ml",7,Kem / Gel / Dầu Dưỡng,2003,Dưỡng Ẩm,Chăm Sóc Da Mặt,Dưỡng Ẩm,Kem / Gel / Dầu Dưỡng,Sức Khỏe - Làm Đẹp -> Chăm Sóc Da Mặt -> Dưỡng Ẩm -> Kem / Gel / Dầu Dưỡng,True
P_2280,2280,Kem Chống Nắng Neogen Dermalogy Cho Da Treatment 50ml,6,Chống Nắng Da Mặt,1001,Chăm Sóc Da Mặt,Chăm Sóc Da Mặt,Chống Nắng Da Mặt,Chống Nắng Da Mặt,Sức Khỏe - Làm Đẹp -> Chăm Sóc Da Mặt -> Chống Nắng Da Mặt,True
P_2282,2282,Nước Tẩy Trang Nivea Dưỡng Sáng Da 400ml,2,Tẩy Trang Mặt,2002,Làm Sạch Da,Chăm Sóc Da Mặt,Làm Sạch Da,Tẩy Trang Mặt,Sức Khỏe - Làm Đẹp -> Chăm Sóc Da Mặt -> Làm Sạch Da -> Tẩy Trang Mặt,False
P_2284,2284,"Gel Rửa Mặt Cetaphil Sạch Sâu, Tẩy Tế Bào Chết Dịu Nhẹ 473ml",1,Sữa Rửa Mặt,2002,Làm Sạch Da,Chăm Sóc Da Mặt,Làm Sạch Da,Sữa Rửa Mặt,Sức Khỏe - Làm Đẹp -> Chăm Sóc Da Mặt -> Làm Sạch Da -> Sữa Rửa Mặt,True
P_2292,2292,Mặt Nạ Dừa Emmié Thu Nhỏ Lỗ Chân Lông - Thừa Thiên Huế 25g,11,Mặt Nạ Giấy,2001,Mặt Nạ,Chăm Sóc Da Mặt,Mặt Nạ,Mặt Nạ Giấy,Sức Khỏe - Làm Đẹp -> Chăm Sóc Da Mặt -> Mặt Nạ -> Mặt Nạ Giấy,False
P_2293,2293,Combo 2 Sữa Chống Nắng Anessa Dưỡng Da Kiềm Dầu 60ml+20ml (Bản Mới),6,Chống Nắng Da Mặt,1001,Chăm Sóc Da Mặt,Chăm Sóc Da Mặt,Chống Nắng Da Mặt,Chống Nắng Da Mặt,Sức Khỏe - Làm Đẹp -> Chăm Sóc Da Mặt -> Chống Nắng Da Mặt,True
P_2296,2296,Mặt Nạ Derladie Hỗ Trợ Phục Hồi Làm Dịu Da Mụn 30ml,11,Mặt Nạ Giấy,2001,Mặt Nạ,Chăm Sóc Da Mặt,Mặt Nạ,Mặt Nạ Giấy,Sức Khỏe - Làm Đẹp -> Chăm Sóc Da Mặt -> Mặt Nạ -> Mặt Nạ Giấy,False
P_2297,2297,Combo Bioderma Nước Tẩy Trang 500ml + Gel Rửa Mặt Cho Da Nhạy Cảm 200ml,3,Bộ Chăm Sóc Da Mặt,1001,Chăm Sóc Da Mặt,Chăm Sóc Da Mặt,Bộ Chăm Sóc Da Mặt,Bộ Chăm Sóc Da Mặt,Sức Khỏe - Làm Đẹp -> Chăm Sóc Da Mặt -> Bộ Chăm Sóc Da Mặt,False
P_2299,2299,Sữa Rửa Mặt B.O.M Từ 8 Loại Trà Làm Sạch Sâu Da 150ml,1,Sữa Rửa Mặt,2002,Làm Sạch Da,Chăm Sóc Da Mặt,Làm Sạch Da,Sữa Rửa Mặt,Sức Khỏe - Làm Đẹp -> Chăm Sóc Da Mặt -> Làm Sạch Da -> Sữa Rửa Mặt,True
P_2301,2301,Combo 9 Mặt Nạ Dừa Emmié Dưỡng Da Toàn Diện 25g,11,Mặt Nạ Giấy,2001,Mặt Nạ,Chăm Sóc Da Mặt,Mặt Nạ,Mặt Nạ Giấy,Sức Khỏe - Làm Đẹp -> Chăm Sóc Da Mặt -> Mặt Nạ -> Mặt Nạ Giấy,False
P_2302,2302,"Sữa Rửa Mặt Oxy Sạch Dịu Nhẹ, Kiềm Dầu Cho Nam 100g",1,Sữa Rửa Mặt,2002,Làm Sạch Da,Chăm Sóc Da Mặt,Làm Sạch Da,Sữa Rửa Mặt,Sức Khỏe - Làm Đẹp -> Chăm Sóc Da Mặt -> Làm Sạch Da -> Sữa Rửa Mặt,True
P_2304,2304,Bộ Sản Phẩm Cocoon Sáng Da Chuyên Sâu Từ Nghệ Hưng Yên 3 Món,3,Bộ Chăm Sóc Da Mặt,1001,Chăm Sóc Da Mặt,Chăm Sóc Da Mặt,Bộ Chăm Sóc Da Mặt,Bộ Chăm Sóc Da Mặt,Sức Khỏe - Làm Đẹp -> Chăm Sóc Da Mặt -> Bộ Chăm Sóc Da Mặt,False
P_2311,2311,"Combo 10 Mặt Nạ Banobagi Kháng Viêm, Giảm Mụn 30g",11,Mặt Nạ Giấy,2001,Mặt Nạ,Chăm Sóc Da Mặt,Mặt Nạ,Mặt Nạ Giấy,Sức Khỏe - Làm Đẹp -> Chăm Sóc Da Mặt -> Mặt Nạ -> Mặt Nạ Giấy,False
P_2312,2312,Sữa Chống Nắng Elixir Dưỡng Da Ngừa Lão Hóa 35ml,6,Chống Nắng Da Mặt,1001,Chăm Sóc Da Mặt,Chăm Sóc Da Mặt,Chống Nắng Da Mặt,Chống Nắng Da Mặt,Sức Khỏe - Làm Đẹp -> Chăm Sóc Da Mặt -> Chống Nắng Da Mặt,True
P_2314,2314,Sữa Chống Nắng CeraVe Dưỡng Ẩm Phục Hồi 52ml,6,Chống Nắng Da Mặt,1001,Chăm Sóc Da Mặt,Chăm Sóc Da Mặt,Chống Nắng Da Mặt,Chống Nắng Da Mặt,Sức Khỏe - Làm Đẹp -> Chăm Sóc Da Mặt -> Chống Nắng Da Mặt,True
P_2315,2315,"Combo 9Wishes Serum Dưỡng Sáng, Giảm Thâm + Serum Dưỡng Ẩm Căng Bóng Da 25ml+30ml",9,Serum / Tinh Chất,2004,Đặc Trị,Chăm Sóc Da Mặt,Đặc Trị,Serum / Tinh Chất,Sức Khỏe - Làm Đẹp -> Chăm Sóc Da Mặt -> Đặc Trị -> Serum / Tinh Chất,True
P_2319,2319,Sáp Dưỡng Môi Nuxe Cho Môi Khô & Bị Tổn Thương Dạng Hũ 15g,18,Son Dưỡng Môi,2006,Dưỡng Môi,Chăm Sóc Da Mặt,Dưỡng Môi,Son Dưỡng Môi,Sức Khỏe - Làm Đẹp -> Chăm Sóc Da Mặt -> Dưỡng Môi -> Son Dưỡng Môi,False
P_2321,2321,"Sữa Rửa Mặt Obagi Làm Sạch Da, Dịu Nhẹ 200ml",1,Sữa Rửa Mặt,2002,Làm Sạch Da,Chăm Sóc Da Mặt,Làm Sạch Da,Sữa Rửa Mặt,Sức Khỏe - Làm Đẹp -> Chăm Sóc Da Mặt -> Làm Sạch Da -> Sữa Rửa Mặt,True
P_2322,2322,Miếng Dán Mụn Mayan Ultra Thin Spot Plus 12+8 Miếng,25,Hỗ Trợ Trị Mụn,2004,Đặc Trị,Chăm Sóc Da Mặt,Đặc Trị,Hỗ Trợ Trị Mụn,Sức Khỏe - Làm Đẹp -> Chăm Sóc Da Mặt -> Đặc Trị -> Hỗ Trợ Trị Mụn,True
P_2328,2328,Mặt Nạ Ngủ Môi Care:Nel Chiết Xuất Chanh 5g,29,Mặt Nạ Môi,2006,Dưỡng Môi,Chăm Sóc Da Mặt,Dưỡng Môi,Mặt Nạ Môi,Sức Khỏe - Làm Đẹp -> Chăm Sóc Da Mặt -> Dưỡng Môi -> Mặt Nạ Môi,False
P_2331,2331,"Nước Hoa Hồng Pond's Sáng Da, Cân Bằng pH 150ml",4,Toner / Nước Cân Bằng Da,2002,Làm Sạch Da,Chăm Sóc Da Mặt,Làm Sạch Da,Toner / Nước Cân Bằng Da,Sức Khỏe - Làm Đẹp -> Chăm Sóc Da Mặt -> Làm Sạch Da -> Toner / Nước Cân Bằng Da,False
P_2334,2334,[Mini] Combo 2 Serum Skin1004 Rau Má Làm Dịu & Hỗ Trợ Phục Hồi Da 30ml,9,Serum / Tinh Chất,2004,Đặc Trị,Chăm Sóc Da Mặt,Đặc Trị,Serum / Tinh Chất,Sức Khỏe - Làm Đẹp -> Chăm Sóc Da Mặt -> Đặc Trị -> Serum / Tinh Chất,True
P_2335,2335,Kem Dưỡng Naris Luque Cấp Ẩm Căng Mịn Da 30g,7,Kem / Gel / Dầu Dưỡng,2003,Dưỡng Ẩm,Chăm Sóc Da Mặt,Dưỡng Ẩm,Kem / Gel / Dầu Dưỡng,Sức Khỏe - Làm Đẹp -> Chăm Sóc Da Mặt -> Dưỡng Ẩm -> Kem / Gel / Dầu Dưỡng,True
P_2337,2337,Mặt Nạ JMsolution Ốc Sên Hồng Dưỡng Sáng Da 30ml,11,Mặt Nạ Giấy,2001,Mặt Nạ,Chăm Sóc Da Mặt,Mặt Nạ,Mặt Nạ Giấy,Sức Khỏe - Làm Đẹp -> Chăm Sóc Da Mặt -> Mặt Nạ -> Mặt Nạ Giấy,False
P_2339,2339,Kem Chống Nắng The Lab Làm Dịu Cho Da Nhạy Cảm 40ml,6,Chống Nắng Da Mặt,1001,Chăm Sóc Da Mặt,Chăm Sóc Da Mặt,Chống Nắng Da Mặt,Chống Nắng Da Mặt,Sức Khỏe - Làm Đẹp -> Chăm Sóc Da Mặt -> Chống Nắng Da Mặt,True
P_2342,2342,Xịt Khoáng Evian Cấp Ẩm Và Làm Dịu Da 150ml,30,Xịt Khoáng,2003,Dưỡng Ẩm,Chăm Sóc Da Mặt,Dưỡng Ẩm,Xịt Khoáng,Sức Khỏe - Làm Đẹp -> Chăm Sóc Da Mặt -> Dưỡng Ẩm -> Xịt Khoáng,False
P_2345,2345,Combo 10 Mặt Nạ Emmié Sáng Da Mịn Màng Từ Cam Thảo 23g,11,Mặt Nạ Giấy,2001,Mặt Nạ,Chăm Sóc Da Mặt,Mặt Nạ,Mặt Nạ Giấy,Sức Khỏe - Làm Đẹp -> Chăm Sóc Da Mặt -> Mặt Nạ -> Mặt Nạ Giấy,False
P_2348,2348,Serum Anessa Dưỡng Da Và Phục Hồi Da Sau Nắng 180ml,9,Serum / Tinh Chất,2004,Đặc Trị,Chăm Sóc Da Mặt,Đặc Trị,Serum / Tinh Chất,Sức Khỏe - Làm Đẹp -> Chăm Sóc Da Mặt -> Đặc Trị -> Serum / Tinh Chất,True
P_2350,2350,Serum Acnes Chuyên Biệt Cho Da Mụn 20ml,9,Serum / Tinh Chất,2004,Đặc Trị,Chăm Sóc Da Mặt,Đặc Trị,Serum / Tinh Chất,Sức Khỏe - Làm Đẹp -> Chăm Sóc Da Mặt -> Đặc Trị -> Serum / Tinh Chất,True
P_2351,2351,Gel Dưỡng Mắt Bioderma 3 Tác Động Thế Hệ Mới 15ml,38,Serum / Kem Dưỡng Mắt,2005,Dưỡng Mắt,Chăm Sóc Da Mặt,Dưỡng Mắt,Serum / Kem Dưỡng Mắt,Sức Khỏe - Làm Đẹp -> Chăm Sóc Da Mặt -> Dưỡng Mắt -> Serum / Kem Dưỡng Mắt,False
P_2353,2353,Kem Dưỡng Ẩm The Lab Dành Cho Da Khô & Nhạy Cảm 50ml,7,Kem / Gel / Dầu Dưỡng,2003,Dưỡng Ẩm,Chăm Sóc Da Mặt,Dưỡng Ẩm,Kem / Gel / Dầu Dưỡng,Sức Khỏe - Làm Đẹp -> Chăm Sóc Da Mặt -> Dưỡng Ẩm -> Kem / Gel / Dầu Dưỡng,True
P_2354,2354,Tinh Chất Chống Nắng d program Kiềm Dầu SPF 50 PA+++ 40ml,6,Chống Nắng Da Mặt,1001,Chăm Sóc Da Mặt,Chăm Sóc Da Mặt,Chống Nắng Da Mặt,Chống Nắng Da Mặt,Sức Khỏe - Làm Đẹp -> Chăm Sóc Da Mặt -> Chống Nắng Da Mặt,True
P_2359,2359,Mặt Nạ Foodaholic Hyaluronic Acid Cấp Ẩm Đa Tầng 23ml,11,Mặt Nạ Giấy,2001,Mặt Nạ,Chăm Sóc Da Mặt,Mặt Nạ,Mặt Nạ Giấy,Sức Khỏe - Làm Đẹp -> Chăm Sóc Da Mặt -> Mặt Nạ -> Mặt Nạ Giấy,False
P_2362,2362,Kem Chống Nắng B.O.M Che Khuyết Điểm SPF50+ PA++++ 50g,6,Chống Nắng Da Mặt,1001,Chăm Sóc Da Mặt,Chăm Sóc Da Mặt,Chống Nắng Da Mặt,Chống Nắng Da Mặt,Sức Khỏe - Làm Đẹp -> Chăm Sóc Da Mặt -> Chống Nắng Da Mặt,True
P_2366,2366,Sáp Tẩy Trang Banila Co Original Cho Mọi Loại Da 180ml,2,Tẩy Trang Mặt,2002,Làm Sạch Da,Chăm Sóc Da Mặt,Làm Sạch Da,Tẩy Trang Mặt,Sức Khỏe - Làm Đẹp -> Chăm Sóc Da Mặt -> Làm Sạch Da -> Tẩy Trang Mặt,False
P_2372,2372,[100% Cotton] Combo Hotosu Khăn Lau Mặt Khô 80 Miếng (20x20cm) + Bông Tẩy Trang 150 Miếng,3,Bộ Chăm Sóc Da Mặt,1001,Chăm Sóc Da Mặt,Chăm Sóc Da Mặt,Bộ Chăm Sóc Da Mặt,Bộ Chăm Sóc Da Mặt,Sức Khỏe - Làm Đẹp -> Chăm Sóc Da Mặt -> Bộ Chăm Sóc Da Mặt,False
P_2378,2378,Sữa Rửa Mặt Naris Nature Sáng Da Chiết Xuất Hoa Anh Đào 100g,1,Sữa Rửa Mặt,2002,Làm Sạch Da,Chăm Sóc Da Mặt,Làm Sạch Da,Sữa Rửa Mặt,Sức Khỏe - Làm Đẹp -> Chăm Sóc Da Mặt -> Làm Sạch Da -> Sữa Rửa Mặt,True
P_2379,2379,Combo 10 Mặt Nạ B.O.M Brightening Dưỡng Sáng Da 25g,11,Mặt Nạ Giấy,2001,Mặt Nạ,Chăm Sóc Da Mặt,Mặt Nạ,Mặt Nạ Giấy,Sức Khỏe - Làm Đẹp -> Chăm Sóc Da Mặt -> Mặt Nạ -> Mặt Nạ Giấy,False
P_2382,2382,"Kem Chống Nắng Cosrx Mỏng Nhẹ, Trong Suốt 50ml",6,Chống Nắng Da Mặt,1001,Chăm Sóc Da Mặt,Chăm Sóc Da Mặt,Chống Nắng Da Mặt,Chống Nắng Da Mặt,Sức Khỏe - Làm Đẹp -> Chăm Sóc Da Mặt -> Chống Nắng Da Mặt,True
P_2383,2383,Combo L'Oreal Nước Tẩy Trang Tươi Mát 400ml + Nước Tẩy Trang Dưỡng Ẩm 400ml,2,Tẩy Trang Mặt,2002,Làm Sạch Da,Chăm Sóc Da Mặt,Làm Sạch Da,Tẩy Trang Mặt,Sức Khỏe - Làm Đẹp -> Chăm Sóc Da Mặt -> Làm Sạch Da -> Tẩy Trang Mặt,False
P_2390,2390,"Mặt Nạ Dưỡng Da Some By Mi Cica Giảm Kích Ứng, Dịu Da 20g",11,Mặt Nạ Giấy,2001,Mặt Nạ,Chăm Sóc Da Mặt,Mặt Nạ,Mặt Nạ Giấy,Sức Khỏe - Làm Đẹp -> Chăm Sóc Da Mặt -> Mặt Nạ -> Mặt Nạ Giấy,False
P_2391,2391,Mặt Nạ Banobagi Cấp Ẩm Da Căng Bóng (Xanh Dương) 30g,11,Mặt Nạ Giấy,2001,Mặt Nạ,Chăm Sóc Da Mặt,Mặt Nạ,Mặt Nạ Giấy,Sức Khỏe - Làm Đẹp -> Chăm Sóc Da Mặt -> Mặt Nạ -> Mặt Nạ Giấy,False
P_2393,2393,"Combo 10 Mặt Nạ Banobagi Làm Sáng Da, Tẩy Tế Bào Chết 30g",11,Mặt Nạ Giấy,2001,Mặt Nạ,Chăm Sóc Da Mặt,Mặt Nạ,Mặt Nạ Giấy,Sức Khỏe - Làm Đẹp -> Chăm Sóc Da Mặt -> Mặt Nạ -> Mặt Nạ Giấy,False
P_2394,2394,Dung Dịch Jumiso Làm Mềm Mụn Đầu Đen 150ml,25,Hỗ Trợ Trị Mụn,2004,Đặc Trị,Chăm Sóc Da Mặt,Đặc Trị,Hỗ Trợ Trị Mụn,Sức Khỏe - Làm Đẹp -> Chăm Sóc Da Mặt -> Đặc Trị -> Hỗ Trợ Trị Mụn,True
P_2396,2396,"Kem Dưỡng Torriden Săn Chắc Da, Ngừa Lão Hóa 60ml",7,Kem / Gel / Dầu Dưỡng,2003,Dưỡng Ẩm,Chăm Sóc Da Mặt,Dưỡng Ẩm,Kem / Gel / Dầu Dưỡng,Sức Khỏe - Làm Đẹp -> Chăm Sóc Da Mặt -> Dưỡng Ẩm -> Kem / Gel / Dầu Dưỡng,True
P_2401,2401,Son Dưỡng LipIce Hiệu Chỉnh Sắc Môi - Cam Đào 2.4g,18,Son Dưỡng Môi,2006,Dưỡng Môi,Chăm Sóc Da Mặt,Dưỡng Môi,Son Dưỡng Môi,Sức Khỏe - Làm Đẹp -> Chăm Sóc Da Mặt -> Dưỡng Môi -> Son Dưỡng Môi,False
P_2403,2403,Khăn Ướt Tẩy Trang EcoWipes Tinh Chất Dưa Leo Gói 25 Tờ,2,Tẩy Trang Mặt,2002,Làm Sạch Da,Chăm Sóc Da Mặt,Làm Sạch Da,Tẩy Trang Mặt,Sức Khỏe - Làm Đẹp -> Chăm Sóc Da Mặt -> Làm Sạch Da -> Tẩy Trang Mặt,False
P_2405,2405,"Combo 2 Gel Dưỡng Megaduo Plus Giảm Mụn, Mờ Thâm 15g",25,Hỗ Trợ Trị Mụn,2004,Đặc Trị,Chăm Sóc Da Mặt,Đặc Trị,Hỗ Trợ Trị Mụn,Sức Khỏe - Làm Đẹp -> Chăm Sóc Da Mặt -> Đặc Trị -> Hỗ Trợ Trị Mụn,True
P_2407,2407,Combo 2 Chai Nước Tẩy Trang B.O.M Từ 8 Loại Trà 500ml,2,Tẩy Trang Mặt,2002,Làm Sạch Da,Chăm Sóc Da Mặt,Làm Sạch Da,Tẩy Trang Mặt,Sức Khỏe - Làm Đẹp -> Chăm Sóc Da Mặt -> Làm Sạch Da -> Tẩy Trang Mặt,False
P_2410,2410,Kem Dưỡng Naris Nature Làm Sáng Da Ban Ngày SPF20 PA+ 40g,7,Kem / Gel / Dầu Dưỡng,2003,Dưỡng Ẩm,Chăm Sóc Da Mặt,Dưỡng Ẩm,Kem / Gel / Dầu Dưỡng,Sức Khỏe - Làm Đẹp -> Chăm Sóc Da Mặt -> Dưỡng Ẩm -> Kem / Gel / Dầu Dưỡng,True
P_2411,2411,Sữa Dưỡng Da Curél Cấp Ẩm Chuyên Sâu 120ml,37,Lotion / Sữa Dưỡng,2003,Dưỡng Ẩm,Chăm Sóc Da Mặt,Dưỡng Ẩm,Lotion / Sữa Dưỡng,Sức Khỏe - Làm Đẹp -> Chăm Sóc Da Mặt -> Dưỡng Ẩm -> Lotion / Sữa Dưỡng,False
P_2412,2412,Combo Cocoon Mặt Nạ Nghệ Hưng Yên + Mặt Nạ Bí Đao 30mlx2,19,Mặt Nạ Rửa,2001,Mặt Nạ,Chăm Sóc Da Mặt,Mặt Nạ,Mặt Nạ Rửa,Sức Khỏe - Làm Đẹp -> Chăm Sóc Da Mặt -> Mặt Nạ -> Mặt Nạ Rửa,False
P_2416,2416,Kem Chống Nắng Avène Quang Phổ Rộng Cho Da Nhạy Cảm 50ml,6,Chống Nắng Da Mặt,1001,Chăm Sóc Da Mặt,Chăm Sóc Da Mặt,Chống Nắng Da Mặt,Chống Nắng Da Mặt,Sức Khỏe - Làm Đẹp -> Chăm Sóc Da Mặt -> Chống Nắng Da Mặt,True
P_2417,2417,"Combo Vichy Kem Dưỡng Đêm 50ml + Ngày 15ml Ngừa Lão Hóa, Thâm Nám & Đốm Nâu",3,Bộ Chăm Sóc Da Mặt,1001,Chăm Sóc Da Mặt,Chăm Sóc Da Mặt,Bộ Chăm Sóc Da Mặt,Bộ Chăm Sóc Da Mặt,Sức Khỏe - Làm Đẹp -> Chăm Sóc Da Mặt -> Bộ Chăm Sóc Da Mặt,False
P_2418,2418,"Bột Trà Xanh Milaganics Kiểm Soát Nhờn, Ngăn Ngừa Mụn 100g",19,Mặt Nạ Rửa,2001,Mặt Nạ,Chăm Sóc Da Mặt,Mặt Nạ,Mặt Nạ Rửa,Sức Khỏe - Làm Đẹp -> Chăm Sóc Da Mặt -> Mặt Nạ -> Mặt Nạ Rửa,False
P_2424,2424,"Sữa Dưỡng Naris Luque Cấp Ẩm Mềm Mịn, Tươi Sáng Da 84ml",37,Lotion / Sữa Dưỡng,2003,Dưỡng Ẩm,Chăm Sóc Da Mặt,Dưỡng Ẩm,Lotion / Sữa Dưỡng,Sức Khỏe - Làm Đẹp -> Chăm Sóc Da Mặt -> Dưỡng Ẩm -> Lotion / Sữa Dưỡng,False
P_2425,2425,Mặt Nạ Dừa Emmié Sáng Mịn Da - Bình Thuận 25g,11,Mặt Nạ Giấy,2001,Mặt Nạ,Chăm Sóc Da Mặt,Mặt Nạ,Mặt Nạ Giấy,Sức Khỏe - Làm Đẹp -> Chăm Sóc Da Mặt -> Mặt Nạ -> Mặt Nạ Giấy,False
P_2426,2426,Mặt Nạ Dừa Emmié Sáng Da Rạng Rỡ - Nghệ An 25g,11,Mặt Nạ Giấy,2001,Mặt Nạ,Chăm Sóc Da Mặt,Mặt Nạ,Mặt Nạ Giấy,Sức Khỏe - Làm Đẹp -> Chăm Sóc Da Mặt -> Mặt Nạ -> Mặt Nạ Giấy,False
P_2427,2427,"Dung Dịch Hada Labo Dưỡng Ẩm Tối Ưu Da Thường, Khô 40ml",37,Lotion / Sữa Dưỡng,2003,Dưỡng Ẩm,Chăm Sóc Da Mặt,Dưỡng Ẩm,Lotion / Sữa Dưỡng,Sức Khỏe - Làm Đẹp -> Chăm Sóc Da Mặt -> Dưỡng Ẩm -> Lotion / Sữa Dưỡng,False
P_2432,2432,Nước Dưỡng Da Naris Nature Tẩy Tế Bào Chết 2in1 200ml,4,Toner / Nước Cân Bằng Da,2002,Làm Sạch Da,Chăm Sóc Da Mặt,Làm Sạch Da,Toner / Nước Cân Bằng Da,Sức Khỏe - Làm Đẹp -> Chăm Sóc Da Mặt -> Làm Sạch Da -> Toner / Nước Cân Bằng Da,False
P_2435,2435,Tinh Chất Chống Nắng Bioré UV Sáng Rạng Rỡ 70g,6,Chống Nắng Da Mặt,1001,Chăm Sóc Da Mặt,Chăm Sóc Da Mặt,Chống Nắng Da Mặt,Chống Nắng Da Mặt,Sức Khỏe - Làm Đẹp -> Chăm Sóc Da Mặt -> Chống Nắng Da Mặt,True
P_2436,2436,Combo Some By Mi Nước Hoa Hồng + Tinh Chất Cho Da Mụn 2 Món,3,Bộ Chăm Sóc Da Mặt,1001,Chăm Sóc Da Mặt,Chăm Sóc Da Mặt,Bộ Chăm Sóc Da Mặt,Bộ Chăm Sóc Da Mặt,Sức Khỏe - Làm Đẹp -> Chăm Sóc Da Mặt -> Bộ Chăm Sóc Da Mặt,False
P_2437,2437,Combo CeraVe Sữa Rửa Mặt Cho Da Khô 473ml + Sữa Dưỡng Ẩm Cho Da Khô 30ml,1,Sữa Rửa Mặt,2002,Làm Sạch Da,Chăm Sóc Da Mặt,Làm Sạch Da,Sữa Rửa Mặt,Sức Khỏe - Làm Đẹp -> Chăm Sóc Da Mặt -> Làm Sạch Da -> Sữa Rửa Mặt,True
P_2439,2439,Combo Nước Tẩy Trang Simple Làm Sạch Trang Điểm 200ml+400ml,2,Tẩy Trang Mặt,2002,Làm Sạch Da,Chăm Sóc Da Mặt,Làm Sạch Da,Tẩy Trang Mặt,Sức Khỏe - Làm Đẹp -> Chăm Sóc Da Mặt -> Làm Sạch Da -> Tẩy Trang Mặt,False
P_2440,2440,[Mini] Sữa Rửa Mặt Simple 50ml (Mẫu Ngẫu Nhiên),1,Sữa Rửa Mặt,2002,Làm Sạch Da,Chăm Sóc Da Mặt,Làm Sạch Da,Sữa Rửa Mặt,Sức Khỏe - Làm Đẹp -> Chăm Sóc Da Mặt -> Làm Sạch Da -> Sữa Rửa Mặt,True
P_2443,2443,Toner Angel's Liquid Giảm Thâm Nám Chuyên Biệt 150ml,4,Toner / Nước Cân Bằng Da,2002,Làm Sạch Da,Chăm Sóc Da Mặt,Làm Sạch Da,Toner / Nước Cân Bằng Da,Sức Khỏe - Làm Đẹp -> Chăm Sóc Da Mặt -> Làm Sạch Da -> Toner / Nước Cân Bằng Da,False
P_2445,2445,Kem Dưỡng B.O.M Hyaluronic Acid Dưỡng Ẩm Da 50ml,7,Kem / Gel / Dầu Dưỡng,2003,Dưỡng Ẩm,Chăm Sóc Da Mặt,Dưỡng Ẩm,Kem / Gel / Dầu Dưỡng,Sức Khỏe - Làm Đẹp -> Chăm Sóc Da Mặt -> Dưỡng Ẩm -> Kem / Gel / Dầu Dưỡng,True
P_2447,2447,Gel Làm Sạch Bioderma Cho Da Rất Khô & Viêm Da Cơ Địa 200ml,1,Sữa Rửa Mặt,2002,Làm Sạch Da,Chăm Sóc Da Mặt,Làm Sạch Da,Sữa Rửa Mặt,Sức Khỏe - Làm Đẹp -> Chăm Sóc Da Mặt -> Làm Sạch Da -> Sữa Rửa Mặt,True
P_2448,2448,Combo 5 Mặt Nạ Nature Republic Chiết Xuất Trà Xanh Săn Chắc Da 23ml,11,Mặt Nạ Giấy,2001,Mặt Nạ,Chăm Sóc Da Mặt,Mặt Nạ,Mặt Nạ Giấy,Sức Khỏe - Làm Đẹp -> Chăm Sóc Da Mặt -> Mặt Nạ -> Mặt Nạ Giấy,False
P_2449,2449,"Dung Dịch Melano CC Sáng Da, Mờ Thâm Nám (Dạng Đặc) 170ml",37,Lotion / Sữa Dưỡng,2003,Dưỡng Ẩm,Chăm Sóc Da Mặt,Dưỡng Ẩm,Lotion / Sữa Dưỡng,Sức Khỏe - Làm Đẹp -> Chăm Sóc Da Mặt -> Dưỡng Ẩm -> Lotion / Sữa Dưỡng,False
P_2450,2450,"Combo 2 Nước Tẩy Trang Senka Cấp Ẩm, Dưỡng Sáng Da 230ml",2,Tẩy Trang Mặt,2002,Làm Sạch Da,Chăm Sóc Da Mặt,Làm Sạch Da,Tẩy Trang Mặt,Sức Khỏe - Làm Đẹp -> Chăm Sóc Da Mặt -> Làm Sạch Da -> Tẩy Trang Mặt,False
P_2451,2451,"Sáp Chống Nắng Abib Dưỡng Ẩm, Không Mùi, Mỏng Nhẹ 22g",6,Chống Nắng Da Mặt,1001,Chăm Sóc Da Mặt,Chăm Sóc Da Mặt,Chống Nắng Da Mặt,Chống Nắng Da Mặt,Sức Khỏe - Làm Đẹp -> Chăm Sóc Da Mặt -> Chống Nắng Da Mặt,True
P_2453,2453,"Mặt Nạ Skin1004 Làm Dịu, Ngừa Mụn Chiết Xuất Rau Má 25ml",11,Mặt Nạ Giấy,2001,Mặt Nạ,Chăm Sóc Da Mặt,Mặt Nạ,Mặt Nạ Giấy,Sức Khỏe - Làm Đẹp -> Chăm Sóc Da Mặt -> Mặt Nạ -> Mặt Nạ Giấy,False
P_2455,2455,"Túi Refill Gel Rửa Mặt La Roche-Posay Cho Da Dầu, Nhạy Cảm 400ml",1,Sữa Rửa Mặt,2002,Làm Sạch Da,Chăm Sóc Da Mặt,Làm Sạch Da,Sữa Rửa Mặt,Sức Khỏe - Làm Đẹp -> Chăm Sóc Da Mặt -> Làm Sạch Da -> Sữa Rửa Mặt,True
P_2458,2458,Combo 2 Nước Hoa Hồng Klairs Không Mùi Cho Da Nhạy Cảm 180ml,4,Toner / Nước Cân Bằng Da,2002,Làm Sạch Da,Chăm Sóc Da Mặt,Làm Sạch Da,Toner / Nước Cân Bằng Da,Sức Khỏe - Làm Đẹp -> Chăm Sóc Da Mặt -> Làm Sạch Da -> Toner / Nước Cân Bằng Da,False
P_2460,2460,"Mặt Nạ Ngủ B.O.M Sáng Da, Hỗ Trợ Mờ Nếp Nhăn 75g",53,Mặt Nạ Ngủ,2001,Mặt Nạ,Chăm Sóc Da Mặt,Mặt Nạ,Mặt Nạ Ngủ,Sức Khỏe - Làm Đẹp -> Chăm Sóc Da Mặt -> Mặt Nạ -> Mặt Nạ Ngủ,False
P_2461,2461,"Sữa Rửa Mặt Decumar Sạch Sâu Dịu Nhẹ, Sáng Da Ngừa Mụn 50g",1,Sữa Rửa Mặt,2002,Làm Sạch Da,Chăm Sóc Da Mặt,Làm Sạch Da,Sữa Rửa Mặt,Sức Khỏe - Làm Đẹp -> Chăm Sóc Da Mặt -> Làm Sạch Da -> Sữa Rửa Mặt,True
P_2462,2462,Kem Dưỡng Ẩm Curél Chuyên Sâu Cho Da Lão Hóa 40g,7,Kem / Gel / Dầu Dưỡng,2003,Dưỡng Ẩm,Chăm Sóc Da Mặt,Dưỡng Ẩm,Kem / Gel / Dầu Dưỡng,Sức Khỏe - Làm Đẹp -> Chăm Sóc Da Mặt -> Dưỡng Ẩm -> Kem / Gel / Dầu Dưỡng,True
P_2463,2463,Gel Nha Đam Milaganics Dưỡng Ẩm & Làm Mềm Da 150ml,7,Kem / Gel / Dầu Dưỡng,2003,Dưỡng Ẩm,Chăm Sóc Da Mặt,Dưỡng Ẩm,Kem / Gel / Dầu Dưỡng,Sức Khỏe - Làm Đẹp -> Chăm Sóc Da Mặt -> Dưỡng Ẩm -> Kem / Gel / Dầu Dưỡng,True
P_2464,2464,"Combo 10 Mặt Nạ Banobagi Sáng Da Mờ Thâm, Cải Thiện Tông Da 30g",11,Mặt Nạ Giấy,2001,Mặt Nạ,Chăm Sóc Da Mặt,Mặt Nạ,Mặt Nạ Giấy,Sức Khỏe - Làm Đẹp -> Chăm Sóc Da Mặt -> Mặt Nạ -> Mặt Nạ Giấy,False
P_2466,2466,Combo 2 Sữa Rửa Mặt Cetaphil Dịu Lành Cho Da Nhạy Cảm 125ml (Mới),1,Sữa Rửa Mặt,2002,Làm Sạch Da,Chăm Sóc Da Mặt,Làm Sạch Da,Sữa Rửa Mặt,Sức Khỏe - Làm Đẹp -> Chăm Sóc Da Mặt -> Làm Sạch Da -> Sữa Rửa Mặt,True
P_2468,2468,Nước Tẩy Trang Garnier Dành Cho Da Nhạy Cảm 125ml,2,Tẩy Trang Mặt,2002,Làm Sạch Da,Chăm Sóc Da Mặt,Làm Sạch Da,Tẩy Trang Mặt,Sức Khỏe - Làm Đẹp -> Chăm Sóc Da Mặt -> Làm Sạch Da -> Tẩy Trang Mặt,False
P_2469,2469,Sữa Rửa Mặt Acnes Dưỡng Sáng Và Ngăn Ngừa Mụn 100g,1,Sữa Rửa Mặt,2002,Làm Sạch Da,Chăm Sóc Da Mặt,Làm Sạch Da,Sữa Rửa Mặt,Sức Khỏe - Làm Đẹp -> Chăm Sóc Da Mặt -> Làm Sạch Da -> Sữa Rửa Mặt,True
P_2470,2470,Mặt Nạ Some By Mi Ngọc Trai Dưỡng Sáng Da 25g,11,Mặt Nạ Giấy,2001,Mặt Nạ,Chăm Sóc Da Mặt,Mặt Nạ,Mặt Nạ Giấy,Sức Khỏe - Làm Đẹp -> Chăm Sóc Da Mặt -> Mặt Nạ -> Mặt Nạ Giấy,False
P_2472,2472,Combo Mặt Nạ Sinh Học Lánybeau Miunglab Cấp Ẩm Sáng Da 25gx4 + Ngừa Lão Hóa Sáng Da 25gx4,11,Mặt Nạ Giấy,2001,Mặt Nạ,Chăm Sóc Da Mặt,Mặt Nạ,Mặt Nạ Giấy,Sức Khỏe - Làm Đẹp -> Chăm Sóc Da Mặt -> Mặt Nạ -> Mặt Nạ Giấy,False
P_2473,2473,Combo 8 Mặt Nạ Sinh Học Lánybeau Miunglab Ngừa Lão Hóa Sáng Da 25g,11,Mặt Nạ Giấy,2001,Mặt Nạ,Chăm Sóc Da Mặt,Mặt Nạ,Mặt Nạ Giấy,Sức Khỏe - Làm Đẹp -> Chăm Sóc Da Mặt -> Mặt Nạ -> Mặt Nạ Giấy,False
P_2476,2476,Sữa Rửa Mặt Nivea Men Giúp Sáng Da Cho Nam 100g,1,Sữa Rửa Mặt,2002,Làm Sạch Da,Chăm Sóc Da Mặt,Làm Sạch Da,Sữa Rửa Mặt,Sức Khỏe - Làm Đẹp -> Chăm Sóc Da Mặt -> Làm Sạch Da -> Sữa Rửa Mặt,True
P_2477,2477,"Kem Dưỡng Acnes Sáng Da, Kiểm Soát Dầu, Ngừa Mụn 40g",7,Kem / Gel / Dầu Dưỡng,2003,Dưỡng Ẩm,Chăm Sóc Da Mặt,Dưỡng Ẩm,Kem / Gel / Dầu Dưỡng,Sức Khỏe - Làm Đẹp -> Chăm Sóc Da Mặt -> Dưỡng Ẩm -> Kem / Gel / Dầu Dưỡng,True
P_2478,2478,Sữa Chống Nắng Sunplay Hiệu Chỉnh Sắc Da 50g (Cam),6,Chống Nắng Da Mặt,1001,Chăm Sóc Da Mặt,Chăm Sóc Da Mặt,Chống Nắng Da Mặt,Chống Nắng Da Mặt,Sức Khỏe - Làm Đẹp -> Chăm Sóc Da Mặt -> Chống Nắng Da Mặt,True
P_2479,2479,"Mặt Nạ Emmié Tràm Trà Pionin Giảm Mụn, Giảm Sưng Đỏ 25g",11,Mặt Nạ Giấy,2001,Mặt Nạ,Chăm Sóc Da Mặt,Mặt Nạ,Mặt Nạ Giấy,Sức Khỏe - Làm Đẹp -> Chăm Sóc Da Mặt -> Mặt Nạ -> Mặt Nạ Giấy,False
P_2484,2484,Toner The Lab Cấp Ẩm Chuyên Sâu 200ml,4,Toner / Nước Cân Bằng Da,2002,Làm Sạch Da,Chăm Sóc Da Mặt,Làm Sạch Da,Toner / Nước Cân Bằng Da,Sức Khỏe - Làm Đẹp -> Chăm Sóc Da Mặt -> Làm Sạch Da -> Toner / Nước Cân Bằng Da,False
P_2488,2488,"Mặt Nạ Banobagi Sáng Da Mờ Thâm, Cải Thiện Tông Da 30g",11,Mặt Nạ Giấy,2001,Mặt Nạ,Chăm Sóc Da Mặt,Mặt Nạ,Mặt Nạ Giấy,Sức Khỏe - Làm Đẹp -> Chăm Sóc Da Mặt -> Mặt Nạ -> Mặt Nạ Giấy,False
P_2493,2493,Combo 2 Tinh Chất Chống Nắng Sunplay Hiệu Chỉnh Sắc Da 50g (Tím),6,Chống Nắng Da Mặt,1001,Chăm Sóc Da Mặt,Chăm Sóc Da Mặt,Chống Nắng Da Mặt,Chống Nắng Da Mặt,Sức Khỏe - Làm Đẹp -> Chăm Sóc Da Mặt -> Chống Nắng Da Mặt,True
P_2499,2499,Kem Chống Nắng Vichy Có Màu Thoáng Mịn Ngăn Sạm Da 50ml,6,Chống Nắng Da Mặt,1001,Chăm Sóc Da Mặt,Chăm Sóc Da Mặt,Chống Nắng Da Mặt,Chống Nắng Da Mặt,Sức Khỏe - Làm Đẹp -> Chăm Sóc Da Mặt -> Chống Nắng Da Mặt,True
P_2501,2501,Mặt Nạ JMsolution Trứng Cá Tầm Phục Hồi Tái Tạo Da 30ml,11,Mặt Nạ Giấy,2001,Mặt Nạ,Chăm Sóc Da Mặt,Mặt Nạ,Mặt Nạ Giấy,Sức Khỏe - Làm Đẹp -> Chăm Sóc Da Mặt -> Mặt Nạ -> Mặt Nạ Giấy,False
P_2503,2503,Nước Tẩy Trang Hada Labo Sạch Sâu Dưỡng Sáng 240ml,2,Tẩy Trang Mặt,2002,Làm Sạch Da,Chăm Sóc Da Mặt,Làm Sạch Da,Tẩy Trang Mặt,Sức Khỏe - Làm Đẹp -> Chăm Sóc Da Mặt -> Làm Sạch Da -> Tẩy Trang Mặt,False
P_2506,2506,"Mặt Nạ Keyshu Cúc La Mã Cấp Ẩm, Phục Hồi Dịu Da 30ml",11,Mặt Nạ Giấy,2001,Mặt Nạ,Chăm Sóc Da Mặt,Mặt Nạ,Mặt Nạ Giấy,Sức Khỏe - Làm Đẹp -> Chăm Sóc Da Mặt -> Mặt Nạ -> Mặt Nạ Giấy,False
P_2510,2510,Mặt Nạ Dừa Emmié Dịu Da - Đà Lạt 25g,11,Mặt Nạ Giấy,2001,Mặt Nạ,Chăm Sóc Da Mặt,Mặt Nạ,Mặt Nạ Giấy,Sức Khỏe - Làm Đẹp -> Chăm Sóc Da Mặt -> Mặt Nạ -> Mặt Nạ Giấy,False
P_2512,2512,Gel Dưỡng Ẩm Curél Chuyên Sâu Cho Da Lão Hóa 40g,7,Kem / Gel / Dầu Dưỡng,2003,Dưỡng Ẩm,Chăm Sóc Da Mặt,Dưỡng Ẩm,Kem / Gel / Dầu Dưỡng,Sức Khỏe - Làm Đẹp -> Chăm Sóc Da Mặt -> Dưỡng Ẩm -> Kem / Gel / Dầu Dưỡng,True
P_2516,2516,Kem Chống Nắng Clinicos Dành Cho Da Nhạy Cảm 50ml,6,Chống Nắng Da Mặt,1001,Chăm Sóc Da Mặt,Chăm Sóc Da Mặt,Chống Nắng Da Mặt,Chống Nắng Da Mặt,Sức Khỏe - Làm Đẹp -> Chăm Sóc Da Mặt -> Chống Nắng Da Mặt,True
P_2517,2517,"Bột Diếp Cá Milaganics Giảm Mụn, Mờ Vết Thâm 100g",19,Mặt Nạ Rửa,2001,Mặt Nạ,Chăm Sóc Da Mặt,Mặt Nạ,Mặt Nạ Rửa,Sức Khỏe - Làm Đẹp -> Chăm Sóc Da Mặt -> Mặt Nạ -> Mặt Nạ Rửa,False
P_2521,2521,Gel Rửa Mặt Cocoon Chiết Xuất Từ Hoa Hồng 140ml,1,Sữa Rửa Mặt,2002,Làm Sạch Da,Chăm Sóc Da Mặt,Làm Sạch Da,Sữa Rửa Mặt,Sức Khỏe - Làm Đẹp -> Chăm Sóc Da Mặt -> Làm Sạch Da -> Sữa Rửa Mặt,True
P_2522,2522,Nước Sữa Tẩy Trang Senka 2 Lớp Sạch Sâu & Dịu Mát 230ml,2,Tẩy Trang Mặt,2002,Làm Sạch Da,Chăm Sóc Da Mặt,Làm Sạch Da,Tẩy Trang Mặt,Sức Khỏe - Làm Đẹp -> Chăm Sóc Da Mặt -> Làm Sạch Da -> Tẩy Trang Mặt,False
P_2524,2524,"[HSD 06/2026] Kem Dưỡng Bioderma Hỗ Trợ Phục Hồi, Ngừa Thâm SPF50 30ml",7,Kem / Gel / Dầu Dưỡng,2003,Dưỡng Ẩm,Chăm Sóc Da Mặt,Dưỡng Ẩm,Kem / Gel / Dầu Dưỡng,Sức Khỏe - Làm Đẹp -> Chăm Sóc Da Mặt -> Dưỡng Ẩm -> Kem / Gel / Dầu Dưỡng,True
P_2526,2526,"Mặt Nạ JMsolution B5 Dưỡng Sáng, Tăng Cường Lớp Bảo Vệ Da 30ml",11,Mặt Nạ Giấy,2001,Mặt Nạ,Chăm Sóc Da Mặt,Mặt Nạ,Mặt Nạ Giấy,Sức Khỏe - Làm Đẹp -> Chăm Sóc Da Mặt -> Mặt Nạ -> Mặt Nạ Giấy,False
P_2530,2530,Sữa Rửa Mặt Milaganics Tràm Trà Nano Nghệ Ngừa Mụn 135ml,1,Sữa Rửa Mặt,2002,Làm Sạch Da,Chăm Sóc Da Mặt,Làm Sạch Da,Sữa Rửa Mặt,Sức Khỏe - Làm Đẹp -> Chăm Sóc Da Mặt -> Làm Sạch Da -> Sữa Rửa Mặt,True
P_2535,2535,Mặt Nạ Cocoon Bí Đao Giảm Dầu & Mụn 100ml (Mới),19,Mặt Nạ Rửa,2001,Mặt Nạ,Chăm Sóc Da Mặt,Mặt Nạ,Mặt Nạ Rửa,Sức Khỏe - Làm Đẹp -> Chăm Sóc Da Mặt -> Mặt Nạ -> Mặt Nạ Rửa,False
P_2541,2541,Nước Cân Bằng d program Dưỡng Sáng Da 125ml,4,Toner / Nước Cân Bằng Da,2002,Làm Sạch Da,Chăm Sóc Da Mặt,Làm Sạch Da,Toner / Nước Cân Bằng Da,Sức Khỏe - Làm Đẹp -> Chăm Sóc Da Mặt -> Làm Sạch Da -> Toner / Nước Cân Bằng Da,False
P_2542,2542,Nước Cân Bằng d program Dành Cho Da Mụn 125ml,4,Toner / Nước Cân Bằng Da,2002,Làm Sạch Da,Chăm Sóc Da Mặt,Làm Sạch Da,Toner / Nước Cân Bằng Da,Sức Khỏe - Làm Đẹp -> Chăm Sóc Da Mặt -> Làm Sạch Da -> Toner / Nước Cân Bằng Da,False
P_2555,2555,Dầu Tẩy Trang d program Dành Cho Da Nhạy Cảm 120ml,2,Tẩy Trang Mặt,2002,Làm Sạch Da,Chăm Sóc Da Mặt,Làm Sạch Da,Tẩy Trang Mặt,Sức Khỏe - Làm Đẹp -> Chăm Sóc Da Mặt -> Làm Sạch Da -> Tẩy Trang Mặt,False
P_2566,2566,Mặt Nạ Torriden Dưỡng Ẩm Sâu Cho Da 27ml,11,Mặt Nạ Giấy,2001,Mặt Nạ,Chăm Sóc Da Mặt,Mặt Nạ,Mặt Nạ Giấy,Sức Khỏe - Làm Đẹp -> Chăm Sóc Da Mặt -> Mặt Nạ -> Mặt Nạ Giấy,False
P_2570,2570,Sữa Rửa Mặt Bioré Thanh Lọc Da - Sạch Nhờn 100g,1,Sữa Rửa Mặt,2002,Làm Sạch Da,Chăm Sóc Da Mặt,Làm Sạch Da,Sữa Rửa Mặt,Sức Khỏe - Làm Đẹp -> Chăm Sóc Da Mặt -> Làm Sạch Da -> Sữa Rửa Mặt,True
P_2579,2579,"Son Dưỡng Môi Milaganics Dừa Dưỡng Ẩm, Giảm Thâm Môi 4g",18,Son Dưỡng Môi,2006,Dưỡng Môi,Chăm Sóc Da Mặt,Dưỡng Môi,Son Dưỡng Môi,Sức Khỏe - Làm Đẹp -> Chăm Sóc Da Mặt -> Dưỡng Môi -> Son Dưỡng Môi,False
P_2584,2584,Son Dưỡng B.O.M 06 Pure Rose - Hồng Đào 4.5g,18,Son Dưỡng Môi,2006,Dưỡng Môi,Chăm Sóc Da Mặt,Dưỡng Môi,Son Dưỡng Môi,Sức Khỏe - Làm Đẹp -> Chăm Sóc Da Mặt -> Dưỡng Môi -> Son Dưỡng Môi,False
P_2585,2585,Combo 10 Mặt Nạ B.O.M Làm Dịu Và Dưỡng Da Mềm Mại 25g,11,Mặt Nạ Giấy,2001,Mặt Nạ,Chăm Sóc Da Mặt,Mặt Nạ,Mặt Nạ Giấy,Sức Khỏe - Làm Đẹp -> Chăm Sóc Da Mặt -> Mặt Nạ -> Mặt Nạ Giấy,False
P_2588,2588,"Nước Tẩy Trang Derladie Sạch Sâu, Cải Thiện Lỗ Chân Lông 500ml",2,Tẩy Trang Mặt,2002,Làm Sạch Da,Chăm Sóc Da Mặt,Làm Sạch Da,Tẩy Trang Mặt,Sức Khỏe - Làm Đẹp -> Chăm Sóc Da Mặt -> Làm Sạch Da -> Tẩy Trang Mặt,False
P_2591,2591,Combo Martiderm & oh!oh! Dưỡng Sáng & Bảo Vệ Da 2 Món,3,Bộ Chăm Sóc Da Mặt,1001,Chăm Sóc Da Mặt,Chăm Sóc Da Mặt,Bộ Chăm Sóc Da Mặt,Bộ Chăm Sóc Da Mặt,Sức Khỏe - Làm Đẹp -> Chăm Sóc Da Mặt -> Bộ Chăm Sóc Da Mặt,False
P_2595,2595,Mặt Nạ Naruko Ý Dĩ Nhân Đỏ Dưỡng Sáng Da 25ml (Mới),11,Mặt Nạ Giấy,2001,Mặt Nạ,Chăm Sóc Da Mặt,Mặt Nạ,Mặt Nạ Giấy,Sức Khỏe - Làm Đẹp -> Chăm Sóc Da Mặt -> Mặt Nạ -> Mặt Nạ Giấy,False
P_2598,2598,Mặt Nạ Dừa Emmié Sáng & Đều Màu Da - Nha Trang 25g,11,Mặt Nạ Giấy,2001,Mặt Nạ,Chăm Sóc Da Mặt,Mặt Nạ,Mặt Nạ Giấy,Sức Khỏe - Làm Đẹp -> Chăm Sóc Da Mặt -> Mặt Nạ -> Mặt Nạ Giấy,False
P_2600,2600,"Combo 20 Mặt Nạ Keyshu Hành Tím Cấp Ẩm, Mờ Thâm, Sẹo 30ml",11,Mặt Nạ Giấy,2001,Mặt Nạ,Chăm Sóc Da Mặt,Mặt Nạ,Mặt Nạ Giấy,Sức Khỏe - Làm Đẹp -> Chăm Sóc Da Mặt -> Mặt Nạ -> Mặt Nạ Giấy,False
P_2602,2602,"Chấm Mụn Lanbena Hỗ Trợ Giảm Mụn, Xẹp Mụn Trứng Cá 10ml",25,Hỗ Trợ Trị Mụn,2004,Đặc Trị,Chăm Sóc Da Mặt,Đặc Trị,Hỗ Trợ Trị Mụn,Sức Khỏe - Làm Đẹp -> Chăm Sóc Da Mặt -> Đặc Trị -> Hỗ Trợ Trị Mụn,True
P_2607,2607,Combo 5 Mặt Nạ Nature Republic Chiết Xuất Lô Hội Làm Dịu Da 23ml,11,Mặt Nạ Giấy,2001,Mặt Nạ,Chăm Sóc Da Mặt,Mặt Nạ,Mặt Nạ Giấy,Sức Khỏe - Làm Đẹp -> Chăm Sóc Da Mặt -> Mặt Nạ -> Mặt Nạ Giấy,False
P_2609,2609,Hộp 5 Mặt Nạ Thạch Medianswer Phục Hồi Dịu Da 37g,11,Mặt Nạ Giấy,2001,Mặt Nạ,Chăm Sóc Da Mặt,Mặt Nạ,Mặt Nạ Giấy,Sức Khỏe - Làm Đẹp -> Chăm Sóc Da Mặt -> Mặt Nạ -> Mặt Nạ Giấy,False
P_2610,2610,Gel Rửa Mặt Acnes Gentle Wash Ngăn Ngừa Mụn 100g,1,Sữa Rửa Mặt,2002,Làm Sạch Da,Chăm Sóc Da Mặt,Làm Sạch Da,Sữa Rửa Mặt,Sức Khỏe - Làm Đẹp -> Chăm Sóc Da Mặt -> Làm Sạch Da -> Sữa Rửa Mặt,True
P_2612,2612,Serum VT Cosmetics Reedle Shot 100 Tăng Cường Dưỡng Chất 50ml,9,Serum / Tinh Chất,2004,Đặc Trị,Chăm Sóc Da Mặt,Đặc Trị,Serum / Tinh Chất,Sức Khỏe - Làm Đẹp -> Chăm Sóc Da Mặt -> Đặc Trị -> Serum / Tinh Chất,True
P_2614,2614,"Sữa Dưỡng Da Elixir Hỗ Trợ Dưỡng Sáng, Ngừa Lão Hóa 130ml",37,Lotion / Sữa Dưỡng,2003,Dưỡng Ẩm,Chăm Sóc Da Mặt,Dưỡng Ẩm,Lotion / Sữa Dưỡng,Sức Khỏe - Làm Đẹp -> Chăm Sóc Da Mặt -> Dưỡng Ẩm -> Lotion / Sữa Dưỡng,False
P_2621,2621,Sữa Rửa Mặt Bio-essence Dưỡng Sáng Da 100g,1,Sữa Rửa Mặt,2002,Làm Sạch Da,Chăm Sóc Da Mặt,Làm Sạch Da,Sữa Rửa Mặt,Sức Khỏe - Làm Đẹp -> Chăm Sóc Da Mặt -> Làm Sạch Da -> Sữa Rửa Mặt,True
P_2623,2623,Dầu Tẩy Trang Bioderma Hỗ Trợ Sạch Sâu Dịu Nhẹ 150ml,2,Tẩy Trang Mặt,2002,Làm Sạch Da,Chăm Sóc Da Mặt,Làm Sạch Da,Tẩy Trang Mặt,Sức Khỏe - Làm Đẹp -> Chăm Sóc Da Mặt -> Làm Sạch Da -> Tẩy Trang Mặt,False
P_2625,2625,"Kem Rửa Mặt Oxy Sạch Khuẩn Mụn, Kiểm Soát Nhờn 100g",1,Sữa Rửa Mặt,2002,Làm Sạch Da,Chăm Sóc Da Mặt,Làm Sạch Da,Sữa Rửa Mặt,Sức Khỏe - Làm Đẹp -> Chăm Sóc Da Mặt -> Làm Sạch Da -> Sữa Rửa Mặt,True
P_2630,2630,Combo Angel's Liquid Serum 30ml + Kem Dưỡng 50ml Làm Mờ Nám Chuyên Sâu,3,Bộ Chăm Sóc Da Mặt,1001,Chăm Sóc Da Mặt,Chăm Sóc Da Mặt,Bộ Chăm Sóc Da Mặt,Bộ Chăm Sóc Da Mặt,Sức Khỏe - Làm Đẹp -> Chăm Sóc Da Mặt -> Bộ Chăm Sóc Da Mặt,False
P_2631,2631,Nước Tẩy Trang d program Dành Cho Da Nhạy Cảm 180ml,2,Tẩy Trang Mặt,2002,Làm Sạch Da,Chăm Sóc Da Mặt,Làm Sạch Da,Tẩy Trang Mặt,Sức Khỏe - Làm Đẹp -> Chăm Sóc Da Mặt -> Làm Sạch Da -> Tẩy Trang Mặt,False
P_2632,2632,Serum DrCeutics 10% Panthenol Cấp Ẩm Và Phục Hồi Da 40g,9,Serum / Tinh Chất,2004,Đặc Trị,Chăm Sóc Da Mặt,Đặc Trị,Serum / Tinh Chất,Sức Khỏe - Làm Đẹp -> Chăm Sóc Da Mặt -> Đặc Trị -> Serum / Tinh Chất,True
P_2633,2633,Nước Tẩy Trang B.O.M Từ 8 Loại Trà Cấp Ẩm Da 500ml,2,Tẩy Trang Mặt,2002,Làm Sạch Da,Chăm Sóc Da Mặt,Làm Sạch Da,Tẩy Trang Mặt,Sức Khỏe - Làm Đẹp -> Chăm Sóc Da Mặt -> Làm Sạch Da -> Tẩy Trang Mặt,False
P_2634,2634,Sữa Rửa Mặt Naris Luque Tẩy Trang 2 Trong 1 100g,1,Sữa Rửa Mặt,2002,Làm Sạch Da,Chăm Sóc Da Mặt,Làm Sạch Da,Sữa Rửa Mặt,Sức Khỏe - Làm Đẹp -> Chăm Sóc Da Mặt -> Làm Sạch Da -> Sữa Rửa Mặt,True
P_2635,2635,Mặt Nạ Banobagi Hỗ Trợ Giảm Mụn (Tím Đậm) 30g,11,Mặt Nạ Giấy,2001,Mặt Nạ,Chăm Sóc Da Mặt,Mặt Nạ,Mặt Nạ Giấy,Sức Khỏe - Làm Đẹp -> Chăm Sóc Da Mặt -> Mặt Nạ -> Mặt Nạ Giấy,False
P_2639,2639,Xịt Khoáng Evian Cấp Ẩm Và Làm Dịu Da 50ml,30,Xịt Khoáng,2003,Dưỡng Ẩm,Chăm Sóc Da Mặt,Dưỡng Ẩm,Xịt Khoáng,Sức Khỏe - Làm Đẹp -> Chăm Sóc Da Mặt -> Dưỡng Ẩm -> Xịt Khoáng,False
P_2640,2640,Mặt Nạ Foodaholic Peptide Hỗ Trợ Trẻ Hoá & Mờ Nếp Nhăn 23ml,11,Mặt Nạ Giấy,2001,Mặt Nạ,Chăm Sóc Da Mặt,Mặt Nạ,Mặt Nạ Giấy,Sức Khỏe - Làm Đẹp -> Chăm Sóc Da Mặt -> Mặt Nạ -> Mặt Nạ Giấy,False
P_2641,2641,Nước Tẩy Trang Senka Ngăn Ngừa Mụn 230ml,2,Tẩy Trang Mặt,2002,Làm Sạch Da,Chăm Sóc Da Mặt,Làm Sạch Da,Tẩy Trang Mặt,Sức Khỏe - Làm Đẹp -> Chăm Sóc Da Mặt -> Làm Sạch Da -> Tẩy Trang Mặt,False
P_2645,2645,Dung Dịch Hada Labo Dưỡng Ẩm Cho Da Mụn Và Nhạy Cảm 170ml,37,Lotion / Sữa Dưỡng,2003,Dưỡng Ẩm,Chăm Sóc Da Mặt,Dưỡng Ẩm,Lotion / Sữa Dưỡng,Sức Khỏe - Làm Đẹp -> Chăm Sóc Da Mặt -> Dưỡng Ẩm -> Lotion / Sữa Dưỡng,False
P_2648,2648,Kem Chống Nắng Eucerin SPF 50 Ngăn Ngừa Da Lão Hóa 50ml,6,Chống Nắng Da Mặt,1001,Chăm Sóc Da Mặt,Chăm Sóc Da Mặt,Chống Nắng Da Mặt,Chống Nắng Da Mặt,Sức Khỏe - Làm Đẹp -> Chăm Sóc Da Mặt -> Chống Nắng Da Mặt,True
P_2650,2650,Combo 2 Tẩy Tế Bào Chết Rosette Hỗ Trợ Dưỡng Sáng Da 180g,17,Tẩy Tế Bào Chết Da Mặt,2002,Làm Sạch Da,Chăm Sóc Da Mặt,Làm Sạch Da,Tẩy Tế Bào Chết Da Mặt,Sức Khỏe - Làm Đẹp -> Chăm Sóc Da Mặt -> Làm Sạch Da -> Tẩy Tế Bào Chết Da Mặt,False
P_2653,2653,Mặt Nạ Naruko Hoa Thủy Tiên Hỗ Trợ Phục Hồi Da 25ml,11,Mặt Nạ Giấy,2001,Mặt Nạ,Chăm Sóc Da Mặt,Mặt Nạ,Mặt Nạ Giấy,Sức Khỏe - Làm Đẹp -> Chăm Sóc Da Mặt -> Mặt Nạ -> Mặt Nạ Giấy,False
P_2654,2654,Sữa Rửa Mặt Hazeline Dưỡng Ẩm Sáng Da Yến Mạch & Dâu Tằm 100g,1,Sữa Rửa Mặt,2002,Làm Sạch Da,Chăm Sóc Da Mặt,Làm Sạch Da,Sữa Rửa Mặt,Sức Khỏe - Làm Đẹp -> Chăm Sóc Da Mặt -> Làm Sạch Da -> Sữa Rửa Mặt,True
P_2659,2659,Serum SVR Ngăn Ngừa Lão Hóa & Giúp Da Mềm Mịn 30ml,9,Serum / Tinh Chất,2004,Đặc Trị,Chăm Sóc Da Mặt,Đặc Trị,Serum / Tinh Chất,Sức Khỏe - Làm Đẹp -> Chăm Sóc Da Mặt -> Đặc Trị -> Serum / Tinh Chất,True
P_2661,2661,Nước Tẩy Trang Evoluderm Cho Da Khô Và Nhạy Cảm 500ml,2,Tẩy Trang Mặt,2002,Làm Sạch Da,Chăm Sóc Da Mặt,Làm Sạch Da,Tẩy Trang Mặt,Sức Khỏe - Làm Đẹp -> Chăm Sóc Da Mặt -> Làm Sạch Da -> Tẩy Trang Mặt,False
P_2662,2662,Combo 10 Mặt Nạ Foodaholic Vitamin B Dưỡng Ẩm Da 23g,11,Mặt Nạ Giấy,2001,Mặt Nạ,Chăm Sóc Da Mặt,Mặt Nạ,Mặt Nạ Giấy,Sức Khỏe - Làm Đẹp -> Chăm Sóc Da Mặt -> Mặt Nạ -> Mặt Nạ Giấy,False
P_2666,2666,"Son Dưỡng LipIce Matcha Hương Trà Xanh, Hồng Tự Nhiên 2.4g",18,Son Dưỡng Môi,2006,Dưỡng Môi,Chăm Sóc Da Mặt,Dưỡng Môi,Son Dưỡng Môi,Sức Khỏe - Làm Đẹp -> Chăm Sóc Da Mặt -> Dưỡng Môi -> Son Dưỡng Môi,False
P_2670,2670,Combo 2 Sữa Chống Nắng Sunplay Bảo Vệ Vượt Trội SPF50+ PA++++ 30g,6,Chống Nắng Da Mặt,1001,Chăm Sóc Da Mặt,Chăm Sóc Da Mặt,Chống Nắng Da Mặt,Chống Nắng Da Mặt,Sức Khỏe - Làm Đẹp -> Chăm Sóc Da Mặt -> Chống Nắng Da Mặt,True
P_2671,2671,Mặt Nạ Kem BNBG Cấp Ẩm Đa Tầng 30ml,11,Mặt Nạ Giấy,2001,Mặt Nạ,Chăm Sóc Da Mặt,Mặt Nạ,Mặt Nạ Giấy,Sức Khỏe - Làm Đẹp -> Chăm Sóc Da Mặt -> Mặt Nạ -> Mặt Nạ Giấy,False
P_2674,2674,Son Dưỡng Lipice Trái Cây Strawberry - Hồng Dâu Dịu Ngọt 4g,18,Son Dưỡng Môi,2006,Dưỡng Môi,Chăm Sóc Da Mặt,Dưỡng Môi,Son Dưỡng Môi,Sức Khỏe - Làm Đẹp -> Chăm Sóc Da Mặt -> Dưỡng Môi -> Son Dưỡng Môi,False
P_2675,2675,"Dung Dịch Hada Labo Dưỡng Sáng Da, Giảm Thâm Sạm 40ml",37,Lotion / Sữa Dưỡng,2003,Dưỡng Ẩm,Chăm Sóc Da Mặt,Dưỡng Ẩm,Lotion / Sữa Dưỡng,Sức Khỏe - Làm Đẹp -> Chăm Sóc Da Mặt -> Dưỡng Ẩm -> Lotion / Sữa Dưỡng,False
P_2676,2676,Mặt Nạ Some By Mi Hyaluronic Acid Dưỡng Ẩm Da 25g,11,Mặt Nạ Giấy,2001,Mặt Nạ,Chăm Sóc Da Mặt,Mặt Nạ,Mặt Nạ Giấy,Sức Khỏe - Làm Đẹp -> Chăm Sóc Da Mặt -> Mặt Nạ -> Mặt Nạ Giấy,False
P_2677,2677,Combo 2 Sữa Rửa Mặt Cetaphil Dịu Lành Cho Da Nhạy Cảm 250ml (Mới),1,Sữa Rửa Mặt,2002,Làm Sạch Da,Chăm Sóc Da Mặt,Làm Sạch Da,Sữa Rửa Mặt,Sức Khỏe - Làm Đẹp -> Chăm Sóc Da Mặt -> Làm Sạch Da -> Sữa Rửa Mặt,True
P_2678,2678,Combo 20 Mặt Nạ Sinh Học Emmié Cấp Ẩm Sâu & Dưỡng Sáng Da 25g,11,Mặt Nạ Giấy,2001,Mặt Nạ,Chăm Sóc Da Mặt,Mặt Nạ,Mặt Nạ Giấy,Sức Khỏe - Làm Đẹp -> Chăm Sóc Da Mặt -> Mặt Nạ -> Mặt Nạ Giấy,False
P_2682,2682,"Combo Anessa Gel Chống Nắng Dưỡng Ẩm & Sữa Chống Nắng Cho Da Nhạy Cảm, Trẻ Em 90g+60ml",6,Chống Nắng Da Mặt,1001,Chăm Sóc Da Mặt,Chăm Sóc Da Mặt,Chống Nắng Da Mặt,Chống Nắng Da Mặt,Sức Khỏe - Làm Đẹp -> Chăm Sóc Da Mặt -> Chống Nắng Da Mặt,True
P_2691,2691,Nước Tẩy Trang SVR Micellar Giúp Loại Bỏ Dầu Cho Da 75ml,2,Tẩy Trang Mặt,2002,Làm Sạch Da,Chăm Sóc Da Mặt,Làm Sạch Da,Tẩy Trang Mặt,Sức Khỏe - Làm Đẹp -> Chăm Sóc Da Mặt -> Làm Sạch Da -> Tẩy Trang Mặt,False
P_2692,2692,Mặt Nạ Dừa Emmié Mờ Nếp Nhăn - Hà Nội 25g,11,Mặt Nạ Giấy,2001,Mặt Nạ,Chăm Sóc Da Mặt,Mặt Nạ,Mặt Nạ Giấy,Sức Khỏe - Làm Đẹp -> Chăm Sóc Da Mặt -> Mặt Nạ -> Mặt Nạ Giấy,False
P_2696,2696,Mặt Nạ Mắt Lanbena Vàng 24K Giảm Nếp Nhăn 60 Miếng,60,Mặt Nạ Mắt,2005,Dưỡng Mắt,Chăm Sóc Da Mặt,Dưỡng Mắt,Mặt Nạ Mắt,Sức Khỏe - Làm Đẹp -> Chăm Sóc Da Mặt -> Dưỡng Mắt -> Mặt Nạ Mắt,False
P_2700,2700,Combo 3 Mặt Nạ Thạch Luvum Collagen + Cica + Quả Yuja 33g,11,Mặt Nạ Giấy,2001,Mặt Nạ,Chăm Sóc Da Mặt,Mặt Nạ,Mặt Nạ Giấy,Sức Khỏe - Làm Đẹp -> Chăm Sóc Da Mặt -> Mặt Nạ -> Mặt Nạ Giấy,False
P_2701,2701,Sữa Rửa Mặt The Lab Tạo Bọt Sạch Sâu & Dưỡng Ẩm Da 120ml,1,Sữa Rửa Mặt,2002,Làm Sạch Da,Chăm Sóc Da Mặt,Làm Sạch Da,Sữa Rửa Mặt,Sức Khỏe - Làm Đẹp -> Chăm Sóc Da Mặt -> Làm Sạch Da -> Sữa Rửa Mặt,True
P_2705,2705,Sữa Chống Nắng Sunplay Vật Lý Bảo Vệ Da Giảm Dầu 25g,6,Chống Nắng Da Mặt,1001,Chăm Sóc Da Mặt,Chăm Sóc Da Mặt,Chống Nắng Da Mặt,Chống Nắng Da Mặt,Sức Khỏe - Làm Đẹp -> Chăm Sóc Da Mặt -> Chống Nắng Da Mặt,True
P_2707,2707,"Kem Dưỡng Urgo Hỗ Trợ Giảm Viêm, Cấp Ẩm & Phục Hồi Da 50ml",7,Kem / Gel / Dầu Dưỡng,2003,Dưỡng Ẩm,Chăm Sóc Da Mặt,Dưỡng Ẩm,Kem / Gel / Dầu Dưỡng,Sức Khỏe - Làm Đẹp -> Chăm Sóc Da Mặt -> Dưỡng Ẩm -> Kem / Gel / Dầu Dưỡng,True
P_2711,2711,Mặt Nạ Sinh Học Lánybeau Miunglab Ngừa Lão Hóa Sáng Da 25g,11,Mặt Nạ Giấy,2001,Mặt Nạ,Chăm Sóc Da Mặt,Mặt Nạ,Mặt Nạ Giấy,Sức Khỏe - Làm Đẹp -> Chăm Sóc Da Mặt -> Mặt Nạ -> Mặt Nạ Giấy,False
P_2716,2716,Mặt Nạ Sinh Học Lánybeau Miunglab Cấp Ẩm Sáng Da 25g,11,Mặt Nạ Giấy,2001,Mặt Nạ,Chăm Sóc Da Mặt,Mặt Nạ,Mặt Nạ Giấy,Sức Khỏe - Làm Đẹp -> Chăm Sóc Da Mặt -> Mặt Nạ -> Mặt Nạ Giấy,False
P_2717,2717,Kem Dưỡng Axis-Y Sáng Da & Giảm Thâm 50ml,7,Kem / Gel / Dầu Dưỡng,2003,Dưỡng Ẩm,Chăm Sóc Da Mặt,Dưỡng Ẩm,Kem / Gel / Dầu Dưỡng,Sức Khỏe - Làm Đẹp -> Chăm Sóc Da Mặt -> Dưỡng Ẩm -> Kem / Gel / Dầu Dưỡng,True
P_2721,2721,Combo 2 Son Dưỡng Có Màu Vaseline Hồng Ngọt Ngào 3g,18,Son Dưỡng Môi,2006,Dưỡng Môi,Chăm Sóc Da Mặt,Dưỡng Môi,Son Dưỡng Môi,Sức Khỏe - Làm Đẹp -> Chăm Sóc Da Mặt -> Dưỡng Môi -> Son Dưỡng Môi,False
P_2723,2723,Sữa Rửa Mặt Elixir Tạo Bọt Ngừa Lão Hóa 145g,1,Sữa Rửa Mặt,2002,Làm Sạch Da,Chăm Sóc Da Mặt,Làm Sạch Da,Sữa Rửa Mặt,Sức Khỏe - Làm Đẹp -> Chăm Sóc Da Mặt -> Làm Sạch Da -> Sữa Rửa Mặt,True
P_2727,2727,Gel Chống Nắng Anessa Cho Da Nhạy Cảm & Trẻ Em 90g (Mới),6,Chống Nắng Da Mặt,1001,Chăm Sóc Da Mặt,Chăm Sóc Da Mặt,Chống Nắng Da Mặt,Chống Nắng Da Mặt,Sức Khỏe - Làm Đẹp -> Chăm Sóc Da Mặt -> Chống Nắng Da Mặt,True
P_2731,2731,Mặt Nạ Foodaholic Arbutin Dưỡng Sáng & Làm Đều Màu Da 23ml,11,Mặt Nạ Giấy,2001,Mặt Nạ,Chăm Sóc Da Mặt,Mặt Nạ,Mặt Nạ Giấy,Sức Khỏe - Làm Đẹp -> Chăm Sóc Da Mặt -> Mặt Nạ -> Mặt Nạ Giấy,False
P_2733,2733,Sữa Dưỡng Ẩm Cetaphil Tẩy Tế Bào Chết Dịu Nhẹ 236ml,37,Lotion / Sữa Dưỡng,2003,Dưỡng Ẩm,Chăm Sóc Da Mặt,Dưỡng Ẩm,Lotion / Sữa Dưỡng,Sức Khỏe - Làm Đẹp -> Chăm Sóc Da Mặt -> Dưỡng Ẩm -> Lotion / Sữa Dưỡng,False
P_2738,2738,"Mặt Nạ Banobagi Bổ Sung Collagen, Mờ Nám (Vàng) 30g",11,Mặt Nạ Giấy,2001,Mặt Nạ,Chăm Sóc Da Mặt,Mặt Nạ,Mặt Nạ Giấy,Sức Khỏe - Làm Đẹp -> Chăm Sóc Da Mặt -> Mặt Nạ -> Mặt Nạ Giấy,False
P_2739,2739,Tinh Chất The Lab Vitamin C Dưỡng Sáng Da 50ml,9,Serum / Tinh Chất,2004,Đặc Trị,Chăm Sóc Da Mặt,Đặc Trị,Serum / Tinh Chất,Sức Khỏe - Làm Đẹp -> Chăm Sóc Da Mặt -> Đặc Trị -> Serum / Tinh Chất,True
P_2740,2740,Bọt Rửa Mặt DrCeutics Sạch Sâu Dịu Nhẹ Cho Mọi Loại Da 420g,1,Sữa Rửa Mặt,2002,Làm Sạch Da,Chăm Sóc Da Mặt,Làm Sạch Da,Sữa Rửa Mặt,Sức Khỏe - Làm Đẹp -> Chăm Sóc Da Mặt -> Làm Sạch Da -> Sữa Rửa Mặt,True
P_2747,2747,Mặt Nạ Mắt Purederm Làm Giảm Quầng Thâm Mắt 4 Miếng,60,Mặt Nạ Mắt,2005,Dưỡng Mắt,Chăm Sóc Da Mặt,Dưỡng Mắt,Mặt Nạ Mắt,Sức Khỏe - Làm Đẹp -> Chăm Sóc Da Mặt -> Dưỡng Mắt -> Mặt Nạ Mắt,False
P_2748,2748,Tinh Chất Chống Nắng Sunplay Hiệu Chỉnh Sắc Da 50g (Cam),6,Chống Nắng Da Mặt,1001,Chăm Sóc Da Mặt,Chăm Sóc Da Mặt,Chống Nắng Da Mặt,Chống Nắng Da Mặt,Sức Khỏe - Làm Đẹp -> Chăm Sóc Da Mặt -> Chống Nắng Da Mặt,True
P_2749,2749,Sữa Chống Nắng Cetaphil SPF 50+ Dịu Lành Cho Bé 150ml,6,Chống Nắng Da Mặt,1001,Chăm Sóc Da Mặt,Chăm Sóc Da Mặt,Chống Nắng Da Mặt,Chống Nắng Da Mặt,Sức Khỏe - Làm Đẹp -> Chăm Sóc Da Mặt -> Chống Nắng Da Mặt,True
P_2754,2754,Sữa Rửa Mặt Bio-essence Cho Da Dầu & Hỗn Hợp 100g,1,Sữa Rửa Mặt,2002,Làm Sạch Da,Chăm Sóc Da Mặt,Làm Sạch Da,Sữa Rửa Mặt,Sức Khỏe - Làm Đẹp -> Chăm Sóc Da Mặt -> Làm Sạch Da -> Sữa Rửa Mặt,True
P_2758,2758,Toner S:kin Heritage Sơn Đoòng Cấp Ẩm Và Phục Hồi 273ml,4,Toner / Nước Cân Bằng Da,2002,Làm Sạch Da,Chăm Sóc Da Mặt,Làm Sạch Da,Toner / Nước Cân Bằng Da,Sức Khỏe - Làm Đẹp -> Chăm Sóc Da Mặt -> Làm Sạch Da -> Toner / Nước Cân Bằng Da,False
P_2765,2765,"Kem Dưỡng Bioderma Phục Hồi, Ngừa Sẹo & Giảm Tăng Sắc Tố 40ml",7,Kem / Gel / Dầu Dưỡng,2003,Dưỡng Ẩm,Chăm Sóc Da Mặt,Dưỡng Ẩm,Kem / Gel / Dầu Dưỡng,Sức Khỏe - Làm Đẹp -> Chăm Sóc Da Mặt -> Dưỡng Ẩm -> Kem / Gel / Dầu Dưỡng,True
P_2768,2768,Son Dưỡng Môi Nivea Hương Đào 4.8g,18,Son Dưỡng Môi,2006,Dưỡng Môi,Chăm Sóc Da Mặt,Dưỡng Môi,Son Dưỡng Môi,Sức Khỏe - Làm Đẹp -> Chăm Sóc Da Mặt -> Dưỡng Môi -> Son Dưỡng Môi,False
P_2769,2769,Combo 5 Mặt Nạ Nature Republic Chiết Xuất Cà Chua Sáng Da 23ml,11,Mặt Nạ Giấy,2001,Mặt Nạ,Chăm Sóc Da Mặt,Mặt Nạ,Mặt Nạ Giấy,Sức Khỏe - Làm Đẹp -> Chăm Sóc Da Mặt -> Mặt Nạ -> Mặt Nạ Giấy,False
P_2770,2770,"Mặt Nạ Naruko Bạch Ngọc Lan Dưỡng Sáng, Săn Chắc Da 30ml",11,Mặt Nạ Giấy,2001,Mặt Nạ,Chăm Sóc Da Mặt,Mặt Nạ,Mặt Nạ Giấy,Sức Khỏe - Làm Đẹp -> Chăm Sóc Da Mặt -> Mặt Nạ -> Mặt Nạ Giấy,False
P_2771,2771,Mặt Nạ L'Oreal Dưỡng Chất Căng Mướt Da 25g,11,Mặt Nạ Giấy,2001,Mặt Nạ,Chăm Sóc Da Mặt,Mặt Nạ,Mặt Nạ Giấy,Sức Khỏe - Làm Đẹp -> Chăm Sóc Da Mặt -> Mặt Nạ -> Mặt Nạ Giấy,False
P_2777,2777,"Combo 10 Mặt Nạ Banobagi Dưỡng Sáng, Săn Chắc Da 30g",11,Mặt Nạ Giấy,2001,Mặt Nạ,Chăm Sóc Da Mặt,Mặt Nạ,Mặt Nạ Giấy,Sức Khỏe - Làm Đẹp -> Chăm Sóc Da Mặt -> Mặt Nạ -> Mặt Nạ Giấy,False
P_2780,2780,[Mini] Serum 9Wishes Dưỡng Ẩm Căng Bóng Da 8ml,9,Serum / Tinh Chất,2004,Đặc Trị,Chăm Sóc Da Mặt,Đặc Trị,Serum / Tinh Chất,Sức Khỏe - Làm Đẹp -> Chăm Sóc Da Mặt -> Đặc Trị -> Serum / Tinh Chất,True
P_2781,2781,Mặt Nạ Emmié Dừa Nuôi Dưỡng Da - Sapa 25g,11,Mặt Nạ Giấy,2001,Mặt Nạ,Chăm Sóc Da Mặt,Mặt Nạ,Mặt Nạ Giấy,Sức Khỏe - Làm Đẹp -> Chăm Sóc Da Mặt -> Mặt Nạ -> Mặt Nạ Giấy,False
P_2782,2782,Mặt Nạ Đất Sét Avander Ngọc Trai Tươi Trẻ Làn Da 110g,19,Mặt Nạ Rửa,2001,Mặt Nạ,Chăm Sóc Da Mặt,Mặt Nạ,Mặt Nạ Rửa,Sức Khỏe - Làm Đẹp -> Chăm Sóc Da Mặt -> Mặt Nạ -> Mặt Nạ Rửa,False
P_2783,2783,"Son Dưỡng LipIce Hương Trà Sữa, Màu Hồng Cam Đất 2.4g",18,Son Dưỡng Môi,2006,Dưỡng Môi,Chăm Sóc Da Mặt,Dưỡng Môi,Son Dưỡng Môi,Sức Khỏe - Làm Đẹp -> Chăm Sóc Da Mặt -> Dưỡng Môi -> Son Dưỡng Môi,False
P_2786,2786,"Mặt Nạ Keyshu Vitamin C Cấp Ẩm, Sáng Mịn Da 30ml",11,Mặt Nạ Giấy,2001,Mặt Nạ,Chăm Sóc Da Mặt,Mặt Nạ,Mặt Nạ Giấy,Sức Khỏe - Làm Đẹp -> Chăm Sóc Da Mặt -> Mặt Nạ -> Mặt Nạ Giấy,False
P_2789,2789,"Combo Sur.Medic+ Tinh Chất Huyết Thanh 32ml + Kem Dưỡng Sáng Da, Căng Bóng 50ml",3,Bộ Chăm Sóc Da Mặt,1001,Chăm Sóc Da Mặt,Chăm Sóc Da Mặt,Bộ Chăm Sóc Da Mặt,Bộ Chăm Sóc Da Mặt,Sức Khỏe - Làm Đẹp -> Chăm Sóc Da Mặt -> Bộ Chăm Sóc Da Mặt,False
P_2794,2794,Kem Chống Nắng Paula’s Choice Dưỡng Ngày Siêu Nhẹ 60ml,6,Chống Nắng Da Mặt,1001,Chăm Sóc Da Mặt,Chăm Sóc Da Mặt,Chống Nắng Da Mặt,Chống Nắng Da Mặt,Sức Khỏe - Làm Đẹp -> Chăm Sóc Da Mặt -> Chống Nắng Da Mặt,True
P_2799,2799,Bộ Sản Phẩm Hada Labo Dưỡng Ẩm Da 3 Món (Kem Rửa Mặt 15g + Dung Dịch Dưỡng 20ml + Kem Dưỡng 12g),3,Bộ Chăm Sóc Da Mặt,1001,Chăm Sóc Da Mặt,Chăm Sóc Da Mặt,Bộ Chăm Sóc Da Mặt,Bộ Chăm Sóc Da Mặt,Sức Khỏe - Làm Đẹp -> Chăm Sóc Da Mặt -> Bộ Chăm Sóc Da Mặt,False
P_2803,2803,"Nước Dưỡng Da Senka Sáng Hồng, Mờ Thâm Sạm 200ml",37,Lotion / Sữa Dưỡng,2003,Dưỡng Ẩm,Chăm Sóc Da Mặt,Dưỡng Ẩm,Lotion / Sữa Dưỡng,Sức Khỏe - Làm Đẹp -> Chăm Sóc Da Mặt -> Dưỡng Ẩm -> Lotion / Sữa Dưỡng,False
P_2806,2806,Hộp 10 Miếng Mặt Nạ Naruko Hoa Hồng Nhung Cấp Nước 25ml/M,11,Mặt Nạ Giấy,2001,Mặt Nạ,Chăm Sóc Da Mặt,Mặt Nạ,Mặt Nạ Giấy,Sức Khỏe - Làm Đẹp -> Chăm Sóc Da Mặt -> Mặt Nạ -> Mặt Nạ Giấy,False
P_2808,2808,"Mặt Nạ GoodnDoc Dưỡng Ẩm, Tái Tạo Da 25ml",11,Mặt Nạ Giấy,2001,Mặt Nạ,Chăm Sóc Da Mặt,Mặt Nạ,Mặt Nạ Giấy,Sức Khỏe - Làm Đẹp -> Chăm Sóc Da Mặt -> Mặt Nạ -> Mặt Nạ Giấy,False
P_2809,2809,Nước Cân Bằng B.O.M Từ 8 Loại Trà Làm Dịu & Cấp Ẩm Da 150ml,4,Toner / Nước Cân Bằng Da,2002,Làm Sạch Da,Chăm Sóc Da Mặt,Làm Sạch Da,Toner / Nước Cân Bằng Da,Sức Khỏe - Làm Đẹp -> Chăm Sóc Da Mặt -> Làm Sạch Da -> Toner / Nước Cân Bằng Da,False
P_2811,2811,"Sữa Rửa Mặt Obagi 2% BHA Sạch Sâu, Tẩy Tế Bào Chết 118ml",1,Sữa Rửa Mặt,2002,Làm Sạch Da,Chăm Sóc Da Mặt,Làm Sạch Da,Sữa Rửa Mặt,Sức Khỏe - Làm Đẹp -> Chăm Sóc Da Mặt -> Làm Sạch Da -> Sữa Rửa Mặt,True
P_2824,2824,Kem Dưỡng Bio-essence Làm Sáng Da Ban Ngày 50g,7,Kem / Gel / Dầu Dưỡng,2003,Dưỡng Ẩm,Chăm Sóc Da Mặt,Dưỡng Ẩm,Kem / Gel / Dầu Dưỡng,Sức Khỏe - Làm Đẹp -> Chăm Sóc Da Mặt -> Dưỡng Ẩm -> Kem / Gel / Dầu Dưỡng,True
P_2829,2829,"Mặt Nạ Neogen Dermalogy 22% Vita C Dưỡng Sáng, Mờ Thâm 28g",11,Mặt Nạ Giấy,2001,Mặt Nạ,Chăm Sóc Da Mặt,Mặt Nạ,Mặt Nạ Giấy,Sức Khỏe - Làm Đẹp -> Chăm Sóc Da Mặt -> Mặt Nạ -> Mặt Nạ Giấy,False
P_2832,2832,Nước Hoa Hồng Evoluderm Dành Cho Da Khô Và Nhạy Cảm 250ml,4,Toner / Nước Cân Bằng Da,2002,Làm Sạch Da,Chăm Sóc Da Mặt,Làm Sạch Da,Toner / Nước Cân Bằng Da,Sức Khỏe - Làm Đẹp -> Chăm Sóc Da Mặt -> Làm Sạch Da -> Toner / Nước Cân Bằng Da,False
P_2834,2834,Gel Chống Nắng Sunplay Dưỡng Da Sáng Mịn 30g,6,Chống Nắng Da Mặt,1001,Chăm Sóc Da Mặt,Chăm Sóc Da Mặt,Chống Nắng Da Mặt,Chống Nắng Da Mặt,Sức Khỏe - Làm Đẹp -> Chăm Sóc Da Mặt -> Chống Nắng Da Mặt,True
P_2835,2835,Lotion Dưỡng Curél Dành Cho Da Dầu 150ml,37,Lotion / Sữa Dưỡng,2003,Dưỡng Ẩm,Chăm Sóc Da Mặt,Dưỡng Ẩm,Lotion / Sữa Dưỡng,Sức Khỏe - Làm Đẹp -> Chăm Sóc Da Mặt -> Dưỡng Ẩm -> Lotion / Sữa Dưỡng,False
P_2838,2838,Mặt Nạ Colorkey B5 Dưỡng Ẩm Ngừa Mụn Chiết Xuất Cây Phỉ 25ml,11,Mặt Nạ Giấy,2001,Mặt Nạ,Chăm Sóc Da Mặt,Mặt Nạ,Mặt Nạ Giấy,Sức Khỏe - Làm Đẹp -> Chăm Sóc Da Mặt -> Mặt Nạ -> Mặt Nạ Giấy,False
P_2845,2845,Mặt Nạ Dưỡng Da Some By Mi Tràm Trà Làm Dịu Da Mụn 20g,11,Mặt Nạ Giấy,2001,Mặt Nạ,Chăm Sóc Da Mặt,Mặt Nạ,Mặt Nạ Giấy,Sức Khỏe - Làm Đẹp -> Chăm Sóc Da Mặt -> Mặt Nạ -> Mặt Nạ Giấy,False
P_2847,2847,"Dầu Olive Milaganics Nguyên Chất Dưỡng Da, Dưỡng Tóc 100ml",7,Kem / Gel / Dầu Dưỡng,2003,Dưỡng Ẩm,Chăm Sóc Da Mặt,Dưỡng Ẩm,Kem / Gel / Dầu Dưỡng,Sức Khỏe - Làm Đẹp -> Chăm Sóc Da Mặt -> Dưỡng Ẩm -> Kem / Gel / Dầu Dưỡng,True
P_2850,2850,Mặt Nạ Colorkey B5 Dưỡng Ẩm Căng Bóng Rạng Rỡ Từ Sen Tuyết 25ml,11,Mặt Nạ Giấy,2001,Mặt Nạ,Chăm Sóc Da Mặt,Mặt Nạ,Mặt Nạ Giấy,Sức Khỏe - Làm Đẹp -> Chăm Sóc Da Mặt -> Mặt Nạ -> Mặt Nạ Giấy,False
P_2851,2851,Sữa Chống Nắng Sunplay Cho Bé Và Da Nhạy Cảm 30g,6,Chống Nắng Da Mặt,1001,Chăm Sóc Da Mặt,Chăm Sóc Da Mặt,Chống Nắng Da Mặt,Chống Nắng Da Mặt,Sức Khỏe - Làm Đẹp -> Chăm Sóc Da Mặt -> Chống Nắng Da Mặt,True
P_2853,2853,Kem Rửa Mặt Oxy Có Hạt Làm Sạch Sâu Giảm Nhờn 100g,1,Sữa Rửa Mặt,2002,Làm Sạch Da,Chăm Sóc Da Mặt,Làm Sạch Da,Sữa Rửa Mặt,Sức Khỏe - Làm Đẹp -> Chăm Sóc Da Mặt -> Làm Sạch Da -> Sữa Rửa Mặt,True
P_2855,2855,"Nước Tẩy Trang Ya Samaya Lô Hội Cho Da Thường, Da Dầu 600ml",2,Tẩy Trang Mặt,2002,Làm Sạch Da,Chăm Sóc Da Mặt,Làm Sạch Da,Tẩy Trang Mặt,Sức Khỏe - Làm Đẹp -> Chăm Sóc Da Mặt -> Làm Sạch Da -> Tẩy Trang Mặt,False
P_2856,2856,[Mua 1 Tặng 1] Naris Cosmetics Kem Chống Nắng Dưỡng Sáng Da 90g Tặng Son Thỏi Màu Ngẫu Nhiên 3g,6,Chống Nắng Da Mặt,1001,Chăm Sóc Da Mặt,Chăm Sóc Da Mặt,Chống Nắng Da Mặt,Chống Nắng Da Mặt,Sức Khỏe - Làm Đẹp -> Chăm Sóc Da Mặt -> Chống Nắng Da Mặt,True
P_2857,2857,Nước Dưỡng Naris Cosmetics Hyaluronic Acid Cấp Ẩm Da 180ml,37,Lotion / Sữa Dưỡng,2003,Dưỡng Ẩm,Chăm Sóc Da Mặt,Dưỡng Ẩm,Lotion / Sữa Dưỡng,Sức Khỏe - Làm Đẹp -> Chăm Sóc Da Mặt -> Dưỡng Ẩm -> Lotion / Sữa Dưỡng,False
P_2858,2858,Combo Xịt Khoáng Evoluderm Cấp Nước Cho Da 150ml & 400ml,30,Xịt Khoáng,2003,Dưỡng Ẩm,Chăm Sóc Da Mặt,Dưỡng Ẩm,Xịt Khoáng,Sức Khỏe - Làm Đẹp -> Chăm Sóc Da Mặt -> Dưỡng Ẩm -> Xịt Khoáng,False
P_2861,2861,Mặt Nạ Emmié Microfiber Đu Đủ Dưỡng Sáng Da 28g,11,Mặt Nạ Giấy,2001,Mặt Nạ,Chăm Sóc Da Mặt,Mặt Nạ,Mặt Nạ Giấy,Sức Khỏe - Làm Đẹp -> Chăm Sóc Da Mặt -> Mặt Nạ -> Mặt Nạ Giấy,False
P_2862,2862,"Mặt Nạ Foodaholic Vitamin E Cấp Ẩm, Phục Hồi Da 23g",11,Mặt Nạ Giấy,2001,Mặt Nạ,Chăm Sóc Da Mặt,Mặt Nạ,Mặt Nạ Giấy,Sức Khỏe - Làm Đẹp -> Chăm Sóc Da Mặt -> Mặt Nạ -> Mặt Nạ Giấy,False
P_2869,2869,Combo Cocoon Gel Rửa Mặt Bí Đao 140ml + Nước Cân Bằng Bí Đao 140ml,3,Bộ Chăm Sóc Da Mặt,1001,Chăm Sóc Da Mặt,Chăm Sóc Da Mặt,Bộ Chăm Sóc Da Mặt,Bộ Chăm Sóc Da Mặt,Sức Khỏe - Làm Đẹp -> Chăm Sóc Da Mặt -> Bộ Chăm Sóc Da Mặt,False
P_2877,2877,Combo 2 Sữa Chống Nắng Sunplay Hiệu Chỉnh Sắc Da 50g (Xanh Dương),6,Chống Nắng Da Mặt,1001,Chăm Sóc Da Mặt,Chăm Sóc Da Mặt,Chống Nắng Da Mặt,Chống Nắng Da Mặt,Sức Khỏe - Làm Đẹp -> Chăm Sóc Da Mặt -> Chống Nắng Da Mặt,True
P_2880,2880,Combo 2 Toner S:kin Heritage Sơn Đoòng Cấp Ẩm Và Phục Hồi 273ml,4,Toner / Nước Cân Bằng Da,2002,Làm Sạch Da,Chăm Sóc Da Mặt,Làm Sạch Da,Toner / Nước Cân Bằng Da,Sức Khỏe - Làm Đẹp -> Chăm Sóc Da Mặt -> Làm Sạch Da -> Toner / Nước Cân Bằng Da,False
P_2883,2883,"Mặt Nạ Emmié Cấp Ẩm Sâu, Dịu Da Từ Tảo Biển 23g",11,Mặt Nạ Giấy,2001,Mặt Nạ,Chăm Sóc Da Mặt,Mặt Nạ,Mặt Nạ Giấy,Sức Khỏe - Làm Đẹp -> Chăm Sóc Da Mặt -> Mặt Nạ -> Mặt Nạ Giấy,False
P_2884,2884,Son Dưỡng Lipice Trái Cây Berry - Đỏ Mọng 4g,18,Son Dưỡng Môi,2006,Dưỡng Môi,Chăm Sóc Da Mặt,Dưỡng Môi,Son Dưỡng Môi,Sức Khỏe - Làm Đẹp -> Chăm Sóc Da Mặt -> Dưỡng Môi -> Son Dưỡng Môi,False
P_2887,2887,"Mặt Nạ BNBG Dưỡng Săn Chắc Da, Ngăn Ngừa Lão Hóa 30ml (Mới)",11,Mặt Nạ Giấy,2001,Mặt Nạ,Chăm Sóc Da Mặt,Mặt Nạ,Mặt Nạ Giấy,Sức Khỏe - Làm Đẹp -> Chăm Sóc Da Mặt -> Mặt Nạ -> Mặt Nạ Giấy,False
P_2888,2888,"Son Dưỡng Môi Milaganics Gấc Dưỡng Ẩm, Giảm Thâm Môi 4g",18,Son Dưỡng Môi,2006,Dưỡng Môi,Chăm Sóc Da Mặt,Dưỡng Môi,Son Dưỡng Môi,Sức Khỏe - Làm Đẹp -> Chăm Sóc Da Mặt -> Dưỡng Môi -> Son Dưỡng Môi,False
P_2889,2889,Combo 10 Mặt Nạ BNBG Dưỡng Ẩm Cho Mọi Loại Da 30ml (Mới),11,Mặt Nạ Giấy,2001,Mặt Nạ,Chăm Sóc Da Mặt,Mặt Nạ,Mặt Nạ Giấy,Sức Khỏe - Làm Đẹp -> Chăm Sóc Da Mặt -> Mặt Nạ -> Mặt Nạ Giấy,False
P_2890,2890,Son Dưỡng B.O.M 05 Pure Cherry - Hồng San Hô 4.5g,18,Son Dưỡng Môi,2006,Dưỡng Môi,Chăm Sóc Da Mặt,Dưỡng Môi,Son Dưỡng Môi,Sức Khỏe - Làm Đẹp -> Chăm Sóc Da Mặt -> Dưỡng Môi -> Son Dưỡng Môi,False
P_2891,2891,"Sữa Rửa Mặt Obagi Làm Sạch Da, Dịu Nhẹ 60ml",1,Sữa Rửa Mặt,2002,Làm Sạch Da,Chăm Sóc Da Mặt,Làm Sạch Da,Sữa Rửa Mặt,Sức Khỏe - Làm Đẹp -> Chăm Sóc Da Mặt -> Làm Sạch Da -> Sữa Rửa Mặt,True
P_2893,2893,"Sữa Rửa Mặt Lanbena Kiểm Soát Dầu, Sạch Sâu Lỗ Chân Lông 236ml",1,Sữa Rửa Mặt,2002,Làm Sạch Da,Chăm Sóc Da Mặt,Làm Sạch Da,Sữa Rửa Mặt,Sức Khỏe - Làm Đẹp -> Chăm Sóc Da Mặt -> Làm Sạch Da -> Sữa Rửa Mặt,True
P_2895,2895,"Tinh Chất Peel Da Bye Bye Blemish Mờ Thâm, Mịn Da 30ml",9,Serum / Tinh Chất,2004,Đặc Trị,Chăm Sóc Da Mặt,Đặc Trị,Serum / Tinh Chất,Sức Khỏe - Làm Đẹp -> Chăm Sóc Da Mặt -> Đặc Trị -> Serum / Tinh Chất,True
P_2899,2899,Combo 2 Gel Chống Nắng Anessa Dưỡng Sáng Nâng Tông 90g (Mới),6,Chống Nắng Da Mặt,1001,Chăm Sóc Da Mặt,Chăm Sóc Da Mặt,Chống Nắng Da Mặt,Chống Nắng Da Mặt,Sức Khỏe - Làm Đẹp -> Chăm Sóc Da Mặt -> Chống Nắng Da Mặt,True
P_2901,2901,Combo 10 Mặt Nạ Colorkey B3 Dưỡng Sáng Và Thu Nhỏ Lỗ Chân Lông 30ml,11,Mặt Nạ Giấy,2001,Mặt Nạ,Chăm Sóc Da Mặt,Mặt Nạ,Mặt Nạ Giấy,Sức Khỏe - Làm Đẹp -> Chăm Sóc Da Mặt -> Mặt Nạ -> Mặt Nạ Giấy,False
P_2902,2902,Son Dưỡng Môi Mentholatum Melty Cream Lip Không Mùi 2.4g,18,Son Dưỡng Môi,2006,Dưỡng Môi,Chăm Sóc Da Mặt,Dưỡng Môi,Son Dưỡng Môi,Sức Khỏe - Làm Đẹp -> Chăm Sóc Da Mặt -> Dưỡng Môi -> Son Dưỡng Môi,False
P_2903,2903,Son Dưỡng Môi Mentholatum Melty Cream Lip Mật Ong 2.4g,18,Son Dưỡng Môi,2006,Dưỡng Môi,Chăm Sóc Da Mặt,Dưỡng Môi,Son Dưỡng Môi,Sức Khỏe - Làm Đẹp -> Chăm Sóc Da Mặt -> Dưỡng Môi -> Son Dưỡng Môi,False
P_2904,2904,Xịt Khoáng Evian Cấp Ẩm Và Làm Dịu Da 300ml,30,Xịt Khoáng,2003,Dưỡng Ẩm,Chăm Sóc Da Mặt,Dưỡng Ẩm,Xịt Khoáng,Sức Khỏe - Làm Đẹp -> Chăm Sóc Da Mặt -> Dưỡng Ẩm -> Xịt Khoáng,False
P_2908,2908,"Combo 2 Tinh Chất Dưỡng Môi Torriden Căng Mọng, Cấp Ẩm 11ml",18,Son Dưỡng Môi,2006,Dưỡng Môi,Chăm Sóc Da Mặt,Dưỡng Môi,Son Dưỡng Môi,Sức Khỏe - Làm Đẹp -> Chăm Sóc Da Mặt -> Dưỡng Môi -> Son Dưỡng Môi,False
P_2909,2909,Sữa Rửa Mặt Bio-essence HA Cấp Ẩm Sâu Cho Da Khô 100g,1,Sữa Rửa Mặt,2002,Làm Sạch Da,Chăm Sóc Da Mặt,Làm Sạch Da,Sữa Rửa Mặt,Sức Khỏe - Làm Đẹp -> Chăm Sóc Da Mặt -> Làm Sạch Da -> Sữa Rửa Mặt,True
P_2916,2916,Mặt Nạ Banobagi Tràm Trà Giảm Mụn Đầu Đen (Xanh) 30g,11,Mặt Nạ Giấy,2001,Mặt Nạ,Chăm Sóc Da Mặt,Mặt Nạ,Mặt Nạ Giấy,Sức Khỏe - Làm Đẹp -> Chăm Sóc Da Mặt -> Mặt Nạ -> Mặt Nạ Giấy,False
P_2917,2917,Combo 20 Mặt Nạ Emmié Sáng Da Mịn Màng Từ Cam Thảo 23g,11,Mặt Nạ Giấy,2001,Mặt Nạ,Chăm Sóc Da Mặt,Mặt Nạ,Mặt Nạ Giấy,Sức Khỏe - Làm Đẹp -> Chăm Sóc Da Mặt -> Mặt Nạ -> Mặt Nạ Giấy,False
P_2922,2922,"Son Dưỡng Môi Senka Cấp Ẩm & Ngừa Khô, Nẻ Môi 4.5g",18,Son Dưỡng Môi,2006,Dưỡng Môi,Chăm Sóc Da Mặt,Dưỡng Môi,Son Dưỡng Môi,Sức Khỏe - Làm Đẹp -> Chăm Sóc Da Mặt -> Dưỡng Môi -> Son Dưỡng Môi,False
P_2928,2928,[Mini] Combo 2 Sữa Rửa Mặt CeraVe Sạch Sâu Cho Da Thường Đến Da Dầu 30ml,1,Sữa Rửa Mặt,2002,Làm Sạch Da,Chăm Sóc Da Mặt,Làm Sạch Da,Sữa Rửa Mặt,Sức Khỏe - Làm Đẹp -> Chăm Sóc Da Mặt -> Làm Sạch Da -> Sữa Rửa Mặt,True
P_2929,2929,Combo 8 Miếng Dán Ciracle Hỗ Trợ Hút Và Đẩy Mụn Đầu Đen,83,Mặt Nạ Lột,2001,Mặt Nạ,Chăm Sóc Da Mặt,Mặt Nạ,Mặt Nạ Lột,Sức Khỏe - Làm Đẹp -> Chăm Sóc Da Mặt -> Mặt Nạ -> Mặt Nạ Lột,False
P_2936,2936,Sữa Chống Nắng Bioré Dịu Nhẹ Cho Trẻ Em 70ml,6,Chống Nắng Da Mặt,1001,Chăm Sóc Da Mặt,Chăm Sóc Da Mặt,Chống Nắng Da Mặt,Chống Nắng Da Mặt,Sức Khỏe - Làm Đẹp -> Chăm Sóc Da Mặt -> Chống Nắng Da Mặt,True
P_2938,2938,Combo 10 Mặt Nạ JMsolution Trứng Cá Tầm Phục Hồi Tái Tạo Da 30ml,11,Mặt Nạ Giấy,2001,Mặt Nạ,Chăm Sóc Da Mặt,Mặt Nạ,Mặt Nạ Giấy,Sức Khỏe - Làm Đẹp -> Chăm Sóc Da Mặt -> Mặt Nạ -> Mặt Nạ Giấy,False
P_2939,2939,Sữa Rửa Mặt Bioré Cho Nam Hạt Tác Động Kép Sạch Nhờn 100g,1,Sữa Rửa Mặt,2002,Làm Sạch Da,Chăm Sóc Da Mặt,Làm Sạch Da,Sữa Rửa Mặt,Sức Khỏe - Làm Đẹp -> Chăm Sóc Da Mặt -> Làm Sạch Da -> Sữa Rửa Mặt,True
P_2941,2941,Combo 10 Mặt Nạ Foodaholic Vitamin C Dưỡng Sáng Da 23g,11,Mặt Nạ Giấy,2001,Mặt Nạ,Chăm Sóc Da Mặt,Mặt Nạ,Mặt Nạ Giấy,Sức Khỏe - Làm Đẹp -> Chăm Sóc Da Mặt -> Mặt Nạ -> Mặt Nạ Giấy,False
P_2942,2942,"Mặt Nạ Foodaholic Vitamin K Se Lỗ Chân Lông, Làm Dịu Da 23g",11,Mặt Nạ Giấy,2001,Mặt Nạ,Chăm Sóc Da Mặt,Mặt Nạ,Mặt Nạ Giấy,Sức Khỏe - Làm Đẹp -> Chăm Sóc Da Mặt -> Mặt Nạ -> Mặt Nạ Giấy,False
P_2943,2943,Nước Tẩy Trang Nivea Ngăn Ngừa Mụn 200ml,2,Tẩy Trang Mặt,2002,Làm Sạch Da,Chăm Sóc Da Mặt,Làm Sạch Da,Tẩy Trang Mặt,Sức Khỏe - Làm Đẹp -> Chăm Sóc Da Mặt -> Làm Sạch Da -> Tẩy Trang Mặt,False
P_2947,2947,Serum B.O.M Hyaluronic Acid Dưỡng Ẩm Da 50ml,9,Serum / Tinh Chất,2004,Đặc Trị,Chăm Sóc Da Mặt,Đặc Trị,Serum / Tinh Chất,Sức Khỏe - Làm Đẹp -> Chăm Sóc Da Mặt -> Đặc Trị -> Serum / Tinh Chất,True
P_2948,2948,Son Dưỡng Có Màu Australis Cấp Ẩm #Foxy 1.4g,18,Son Dưỡng Môi,2006,Dưỡng Môi,Chăm Sóc Da Mặt,Dưỡng Môi,Son Dưỡng Môi,Sức Khỏe - Làm Đẹp -> Chăm Sóc Da Mặt -> Dưỡng Môi -> Son Dưỡng Môi,False
P_2950,2950,Mặt Nạ Emmié Sáng Da Mịn Màng Từ Cam Thảo 23g,11,Mặt Nạ Giấy,2001,Mặt Nạ,Chăm Sóc Da Mặt,Mặt Nạ,Mặt Nạ Giấy,Sức Khỏe - Làm Đẹp -> Chăm Sóc Da Mặt -> Mặt Nạ -> Mặt Nạ Giấy,False
P_2951,2951,Sữa Chống Nắng Sunplay Bảo Vệ Vượt Trội SPF50+ PA++++ 30g,6,Chống Nắng Da Mặt,1001,Chăm Sóc Da Mặt,Chăm Sóc Da Mặt,Chống Nắng Da Mặt,Chống Nắng Da Mặt,Sức Khỏe - Làm Đẹp -> Chăm Sóc Da Mặt -> Chống Nắng Da Mặt,True
P_2956,2956,Combo 2 Sữa Chống Nắng Anessa Dưỡng Da Kiềm Dầu 20ml (Mới),6,Chống Nắng Da Mặt,1001,Chăm Sóc Da Mặt,Chăm Sóc Da Mặt,Chống Nắng Da Mặt,Chống Nắng Da Mặt,Sức Khỏe - Làm Đẹp -> Chăm Sóc Da Mặt -> Chống Nắng Da Mặt,True
P_2959,2959,Mặt Nạ Senka Dưỡng Ẩm Sáng Mịn 21g (Mới),11,Mặt Nạ Giấy,2001,Mặt Nạ,Chăm Sóc Da Mặt,Mặt Nạ,Mặt Nạ Giấy,Sức Khỏe - Làm Đẹp -> Chăm Sóc Da Mặt -> Mặt Nạ -> Mặt Nạ Giấy,False
P_2961,2961,"Combo Tia'm Serum & Kem Dưỡng Kiềm Dầu, Se Khít Lỗ Chân Lông 40ml+60ml",3,Bộ Chăm Sóc Da Mặt,1001,Chăm Sóc Da Mặt,Chăm Sóc Da Mặt,Bộ Chăm Sóc Da Mặt,Bộ Chăm Sóc Da Mặt,Sức Khỏe - Làm Đẹp -> Chăm Sóc Da Mặt -> Bộ Chăm Sóc Da Mặt,False
P_2964,2964,Mặt Nạ Naruko Hoa Hồng Nhung Cấp Nước Cho Da 25ml,11,Mặt Nạ Giấy,2001,Mặt Nạ,Chăm Sóc Da Mặt,Mặt Nạ,Mặt Nạ Giấy,Sức Khỏe - Làm Đẹp -> Chăm Sóc Da Mặt -> Mặt Nạ -> Mặt Nạ Giấy,False
P_2967,2967,Tẩy Tế Bào Chết Evoluderm Trẻ Hóa Da Chiết Xuất Lựu Đỏ 150g,17,Tẩy Tế Bào Chết Da Mặt,2002,Làm Sạch Da,Chăm Sóc Da Mặt,Làm Sạch Da,Tẩy Tế Bào Chết Da Mặt,Sức Khỏe - Làm Đẹp -> Chăm Sóc Da Mặt -> Làm Sạch Da -> Tẩy Tế Bào Chết Da Mặt,False
P_2970,2970,Mặt Nạ Nature Republic Chiết Xuất Bơ Dưỡng Ẩm Da 23ml,11,Mặt Nạ Giấy,2001,Mặt Nạ,Chăm Sóc Da Mặt,Mặt Nạ,Mặt Nạ Giấy,Sức Khỏe - Làm Đẹp -> Chăm Sóc Da Mặt -> Mặt Nạ -> Mặt Nạ Giấy,False
P_2971,2971,"Mặt Nạ Rainbow L'Affair Cấp Ẩm, Ngừa Lão Hóa Da 25ml",11,Mặt Nạ Giấy,2001,Mặt Nạ,Chăm Sóc Da Mặt,Mặt Nạ,Mặt Nạ Giấy,Sức Khỏe - Làm Đẹp -> Chăm Sóc Da Mặt -> Mặt Nạ -> Mặt Nạ Giấy,False
P_2973,2973,Nước Tẩy Trang Nivea Chiết Xuất Hoa Hồng Hokkaido 400ml,2,Tẩy Trang Mặt,2002,Làm Sạch Da,Chăm Sóc Da Mặt,Làm Sạch Da,Tẩy Trang Mặt,Sức Khỏe - Làm Đẹp -> Chăm Sóc Da Mặt -> Làm Sạch Da -> Tẩy Trang Mặt,False
P_2974,2974,Combo Cocoon Kem Chống Nắng Bí Đao 50ml & Tinh Chất Nghệ Hưng Yên x2.2 30ml,3,Bộ Chăm Sóc Da Mặt,1001,Chăm Sóc Da Mặt,Chăm Sóc Da Mặt,Bộ Chăm Sóc Da Mặt,Bộ Chăm Sóc Da Mặt,Sức Khỏe - Làm Đẹp -> Chăm Sóc Da Mặt -> Bộ Chăm Sóc Da Mặt,False
P_2976,2976,Gel Tẩy Tế Bào Chết Meishoku Detclear Hương Trái Cây 180ml,17,Tẩy Tế Bào Chết Da Mặt,2002,Làm Sạch Da,Chăm Sóc Da Mặt,Làm Sạch Da,Tẩy Tế Bào Chết Da Mặt,Sức Khỏe - Làm Đẹp -> Chăm Sóc Da Mặt -> Làm Sạch Da -> Tẩy Tế Bào Chết Da Mặt,False
P_2986,2986,Nước Tẩy Trang Eucerin Dịu Nhẹ Cho Da Nhạy Cảm 200ml,2,Tẩy Trang Mặt,2002,Làm Sạch Da,Chăm Sóc Da Mặt,Làm Sạch Da,Tẩy Trang Mặt,Sức Khỏe - Làm Đẹp -> Chăm Sóc Da Mặt -> Làm Sạch Da -> Tẩy Trang Mặt,False
P_2994,2994,Nước Cân Bằng Senka Dưỡng Ẩm Chuyên Sâu 200ml,4,Toner / Nước Cân Bằng Da,2002,Làm Sạch Da,Chăm Sóc Da Mặt,Làm Sạch Da,Toner / Nước Cân Bằng Da,Sức Khỏe - Làm Đẹp -> Chăm Sóc Da Mặt -> Làm Sạch Da -> Toner / Nước Cân Bằng Da,False
P_2995,2995,Son Dưỡng LipIce Hiệu Chỉnh Sắc Môi Hương Dâu 2.4g,18,Son Dưỡng Môi,2006,Dưỡng Môi,Chăm Sóc Da Mặt,Dưỡng Môi,Son Dưỡng Môi,Sức Khỏe - Làm Đẹp -> Chăm Sóc Da Mặt -> Dưỡng Môi -> Son Dưỡng Môi,False
P_3000,3000,Son Dưỡng Môi Nivea Ban Đêm Lavender Cấp Ẩm Phục Hồi 4.8g,18,Son Dưỡng Môi,2006,Dưỡng Môi,Chăm Sóc Da Mặt,Dưỡng Môi,Son Dưỡng Môi,Sức Khỏe - Làm Đẹp -> Chăm Sóc Da Mặt -> Dưỡng Môi -> Son Dưỡng Môi,False
P_3008,3008,Combo Judydoll Son Dưỡng Có Màu 04 Hồng Cam Lạnh + Son Tint N05 Hồng Sung Sữa 3g+2.4g,18,Son Dưỡng Môi,2006,Dưỡng Môi,Chăm Sóc Da Mặt,Dưỡng Môi,Son Dưỡng Môi,Sức Khỏe - Làm Đẹp -> Chăm Sóc Da Mặt -> Dưỡng Môi -> Son Dưỡng Môi,False
P_3011,3011,Combo 10 Mặt Nạ Banobagi Cấp Ẩm Da Căng Bóng 30g,11,Mặt Nạ Giấy,2001,Mặt Nạ,Chăm Sóc Da Mặt,Mặt Nạ,Mặt Nạ Giấy,Sức Khỏe - Làm Đẹp -> Chăm Sóc Da Mặt -> Mặt Nạ -> Mặt Nạ Giấy,False
P_3014,3014,Combo 2 Sữa Chống Nắng Sunplay Skin Aqua Dưỡng Da Sáng Mịn 25g,6,Chống Nắng Da Mặt,1001,Chăm Sóc Da Mặt,Chăm Sóc Da Mặt,Chống Nắng Da Mặt,Chống Nắng Da Mặt,Sức Khỏe - Làm Đẹp -> Chăm Sóc Da Mặt -> Chống Nắng Da Mặt,True
P_3015,3015,"Serum The Lab Dưỡng Ẩm, Làm Dịu Da 30ml",9,Serum / Tinh Chất,2004,Đặc Trị,Chăm Sóc Da Mặt,Đặc Trị,Serum / Tinh Chất,Sức Khỏe - Làm Đẹp -> Chăm Sóc Da Mặt -> Đặc Trị -> Serum / Tinh Chất,True
P_3019,3019,Sữa Dưỡng d program Dành Cho Da Mụn 100ml,37,Lotion / Sữa Dưỡng,2003,Dưỡng Ẩm,Chăm Sóc Da Mặt,Dưỡng Ẩm,Lotion / Sữa Dưỡng,Sức Khỏe - Làm Đẹp -> Chăm Sóc Da Mặt -> Dưỡng Ẩm -> Lotion / Sữa Dưỡng,False
P_3022,3022,Son Dưỡng Môi Dạng Hũ Nuxe Very Rose 15g,18,Son Dưỡng Môi,2006,Dưỡng Môi,Chăm Sóc Da Mặt,Dưỡng Môi,Son Dưỡng Môi,Sức Khỏe - Làm Đẹp -> Chăm Sóc Da Mặt -> Dưỡng Môi -> Son Dưỡng Môi,False
P_3026,3026,Serum VT Cosmetics Reedle Shot 300 Tăng Cường Dưỡng Chất 50ml,9,Serum / Tinh Chất,2004,Đặc Trị,Chăm Sóc Da Mặt,Đặc Trị,Serum / Tinh Chất,Sức Khỏe - Làm Đẹp -> Chăm Sóc Da Mặt -> Đặc Trị -> Serum / Tinh Chất,True
P_3031,3031,Khăn Tẩy Trang Bioré Dưỡng Ẩm 10 Miếng (Hồng),2,Tẩy Trang Mặt,2002,Làm Sạch Da,Chăm Sóc Da Mặt,Làm Sạch Da,Tẩy Trang Mặt,Sức Khỏe - Làm Đẹp -> Chăm Sóc Da Mặt -> Làm Sạch Da -> Tẩy Trang Mặt,False
P_3032,3032,"Combo Serum Tia'm Làm Sáng, Phục Hồi Cho Da Dầu Mụn, Nhạy Cảm + Thu Nhỏ Lỗ Chân Lông, Giảm Dầu Nhờn 40mlx2",3,Bộ Chăm Sóc Da Mặt,1001,Chăm Sóc Da Mặt,Chăm Sóc Da Mặt,Bộ Chăm Sóc Da Mặt,Bộ Chăm Sóc Da Mặt,Sức Khỏe - Làm Đẹp -> Chăm Sóc Da Mặt -> Bộ Chăm Sóc Da Mặt,False
P_3035,3035,Hộp 5 Mặt Nạ Thạch Medianswer Thu Nhỏ Lỗ Chân Lông 37g,11,Mặt Nạ Giấy,2001,Mặt Nạ,Chăm Sóc Da Mặt,Mặt Nạ,Mặt Nạ Giấy,Sức Khỏe - Làm Đẹp -> Chăm Sóc Da Mặt -> Mặt Nạ -> Mặt Nạ Giấy,False
P_3038,3038,Miếng Dán Ciracle Hỗ Trợ Hút Và Đẩy Mụn Đầu Đen (1 Miếng),25,Hỗ Trợ Trị Mụn,2004,Đặc Trị,Chăm Sóc Da Mặt,Đặc Trị,Hỗ Trợ Trị Mụn,Sức Khỏe - Làm Đẹp -> Chăm Sóc Da Mặt -> Đặc Trị -> Hỗ Trợ Trị Mụn,True
P_3040,3040,Combo 5 Mặt Nạ Emmié Sáng Da Mịn Màng Từ Cam Thảo 23g,11,Mặt Nạ Giấy,2001,Mặt Nạ,Chăm Sóc Da Mặt,Mặt Nạ,Mặt Nạ Giấy,Sức Khỏe - Làm Đẹp -> Chăm Sóc Da Mặt -> Mặt Nạ -> Mặt Nạ Giấy,False
P_3051,3051,"Mặt Nạ Ngủ Care:Nel Cấp Nước, Dưỡng Ẩm Da 15g",53,Mặt Nạ Ngủ,2001,Mặt Nạ,Chăm Sóc Da Mặt,Mặt Nạ,Mặt Nạ Ngủ,Sức Khỏe - Làm Đẹp -> Chăm Sóc Da Mặt -> Mặt Nạ -> Mặt Nạ Ngủ,False
P_3053,3053,Combo 2 Xịt Khoáng Evian Cấp Ẩm Và Làm Dịu Da 150ml,30,Xịt Khoáng,2003,Dưỡng Ẩm,Chăm Sóc Da Mặt,Dưỡng Ẩm,Xịt Khoáng,Sức Khỏe - Làm Đẹp -> Chăm Sóc Da Mặt -> Dưỡng Ẩm -> Xịt Khoáng,False
P_3056,3056,Nước Tẩy Trang DrCeutics Sạch Mịn Màng Cho Mọi Loại Da 500ml,2,Tẩy Trang Mặt,2002,Làm Sạch Da,Chăm Sóc Da Mặt,Làm Sạch Da,Tẩy Trang Mặt,Sức Khỏe - Làm Đẹp -> Chăm Sóc Da Mặt -> Làm Sạch Da -> Tẩy Trang Mặt,False
P_3057,3057,Mặt Nạ Đen Sexylook Tràm Trà Kiểm Soát Dầu Và Mụn 28ml,11,Mặt Nạ Giấy,2001,Mặt Nạ,Chăm Sóc Da Mặt,Mặt Nạ,Mặt Nạ Giấy,Sức Khỏe - Làm Đẹp -> Chăm Sóc Da Mặt -> Mặt Nạ -> Mặt Nạ Giấy,False
P_3066,3066,Kem Chống Nắng Judydoll Cấp Ẩm Nâng Tông - 01 Tông Sáng 40g,6,Chống Nắng Da Mặt,1001,Chăm Sóc Da Mặt,Chăm Sóc Da Mặt,Chống Nắng Da Mặt,Chống Nắng Da Mặt,Sức Khỏe - Làm Đẹp -> Chăm Sóc Da Mặt -> Chống Nắng Da Mặt,True
P_3068,3068,Combo 2 Sữa Rửa Mặt Senka Dành Cho Da Mụn 100g,1,Sữa Rửa Mặt,2002,Làm Sạch Da,Chăm Sóc Da Mặt,Làm Sạch Da,Sữa Rửa Mặt,Sức Khỏe - Làm Đẹp -> Chăm Sóc Da Mặt -> Làm Sạch Da -> Sữa Rửa Mặt,True
P_3071,3071,Mặt Nạ Dưỡng Da Some By Mi Vitamin C Làm Sáng Da 20g,11,Mặt Nạ Giấy,2001,Mặt Nạ,Chăm Sóc Da Mặt,Mặt Nạ,Mặt Nạ Giấy,Sức Khỏe - Làm Đẹp -> Chăm Sóc Da Mặt -> Mặt Nạ -> Mặt Nạ Giấy,False
P_3074,3074,Son Dưỡng B.O.M 07 Pure Chili - Đỏ Nâu 4.5g,18,Son Dưỡng Môi,2006,Dưỡng Môi,Chăm Sóc Da Mặt,Dưỡng Môi,Son Dưỡng Môi,Sức Khỏe - Làm Đẹp -> Chăm Sóc Da Mặt -> Dưỡng Môi -> Son Dưỡng Môi,False
P_3077,3077,Mặt Nạ Foodaholic Chiết Xuất Vitamin C Dưỡng Sáng Da 23g,11,Mặt Nạ Giấy,2001,Mặt Nạ,Chăm Sóc Da Mặt,Mặt Nạ,Mặt Nạ Giấy,Sức Khỏe - Làm Đẹp -> Chăm Sóc Da Mặt -> Mặt Nạ -> Mặt Nạ Giấy,False
P_3079,3079,Combo La Roche-Posay Xịt Khoáng Da Dầu Mụn 150ml + Kem Chống Nắng Kiềm Dầu 50ml,3,Bộ Chăm Sóc Da Mặt,1001,Chăm Sóc Da Mặt,Chăm Sóc Da Mặt,Bộ Chăm Sóc Da Mặt,Bộ Chăm Sóc Da Mặt,Sức Khỏe - Làm Đẹp -> Chăm Sóc Da Mặt -> Bộ Chăm Sóc Da Mặt,False
P_3083,3083,"Mặt Nạ Torriden Làm Dịu & Phục Hồi Da Mụn, Nhạy Cảm 25ml",11,Mặt Nạ Giấy,2001,Mặt Nạ,Chăm Sóc Da Mặt,Mặt Nạ,Mặt Nạ Giấy,Sức Khỏe - Làm Đẹp -> Chăm Sóc Da Mặt -> Mặt Nạ -> Mặt Nạ Giấy,False
P_3085,3085,Combo Nước Tẩy Trang Garnier Làm Sạch Sâu Cho Da Khô 400ml + Cho Da Dầu Và Mụn 50ml,2,Tẩy Trang Mặt,2002,Làm Sạch Da,Chăm Sóc Da Mặt,Làm Sạch Da,Tẩy Trang Mặt,Sức Khỏe - Làm Đẹp -> Chăm Sóc Da Mặt -> Làm Sạch Da -> Tẩy Trang Mặt,False
P_3086,3086,"Mặt Nạ Keyshu Hỗ Trợ Nâng Cơ, Săn Chắc Da 30ml",11,Mặt Nạ Giấy,2001,Mặt Nạ,Chăm Sóc Da Mặt,Mặt Nạ,Mặt Nạ Giấy,Sức Khỏe - Làm Đẹp -> Chăm Sóc Da Mặt -> Mặt Nạ -> Mặt Nạ Giấy,False
P_3088,3088,Sữa Rửa Mặt Nivea Tinh Chất Ngọc Trai Làm Sáng Da 100g,1,Sữa Rửa Mặt,2002,Làm Sạch Da,Chăm Sóc Da Mặt,Làm Sạch Da,Sữa Rửa Mặt,Sức Khỏe - Làm Đẹp -> Chăm Sóc Da Mặt -> Làm Sạch Da -> Sữa Rửa Mặt,True
P_3090,3090,Dung Dịch Acnes Làm Giảm Mụn Và Dịu Da 100ml,4,Toner / Nước Cân Bằng Da,2002,Làm Sạch Da,Chăm Sóc Da Mặt,Làm Sạch Da,Toner / Nước Cân Bằng Da,Sức Khỏe - Làm Đẹp -> Chăm Sóc Da Mặt -> Làm Sạch Da -> Toner / Nước Cân Bằng Da,False
P_3091,3091,"Sữa Rửa Mặt Melano CC Dưỡng Sáng, Sạch Sâu 130g",1,Sữa Rửa Mặt,2002,Làm Sạch Da,Chăm Sóc Da Mặt,Làm Sạch Da,Sữa Rửa Mặt,Sức Khỏe - Làm Đẹp -> Chăm Sóc Da Mặt -> Làm Sạch Da -> Sữa Rửa Mặt,True
P_3098,3098,Mặt Nạ Banobagi Ngừa Lão Hóa & Tăng Độ Đàn Hồi 30g,11,Mặt Nạ Giấy,2001,Mặt Nạ,Chăm Sóc Da Mặt,Mặt Nạ,Mặt Nạ Giấy,Sức Khỏe - Làm Đẹp -> Chăm Sóc Da Mặt -> Mặt Nạ -> Mặt Nạ Giấy,False
P_3099,3099,Mặt Nạ Dưỡng Da Some By Mi AHA-BHA-PHA Tẩy Tế Bào Chết 20g,11,Mặt Nạ Giấy,2001,Mặt Nạ,Chăm Sóc Da Mặt,Mặt Nạ,Mặt Nạ Giấy,Sức Khỏe - Làm Đẹp -> Chăm Sóc Da Mặt -> Mặt Nạ -> Mặt Nạ Giấy,False
P_3102,3102,Hộp 10 Miếng Mặt Nạ Naruko Ý Dĩ Nhân Đỏ Sáng Da Mới 25ml/M,11,Mặt Nạ Giấy,2001,Mặt Nạ,Chăm Sóc Da Mặt,Mặt Nạ,Mặt Nạ Giấy,Sức Khỏe - Làm Đẹp -> Chăm Sóc Da Mặt -> Mặt Nạ -> Mặt Nạ Giấy,False
P_3103,3103,Serum Skin1004 Rau Má Làm Dịu & Hỗ Trợ Phục Hồi Da 100ml (HSD: 30 Tháng),9,Serum / Tinh Chất,2004,Đặc Trị,Chăm Sóc Da Mặt,Đặc Trị,Serum / Tinh Chất,Sức Khỏe - Làm Đẹp -> Chăm Sóc Da Mặt -> Đặc Trị -> Serum / Tinh Chất,True
P_3110,3110,"Combo 10 Mặt Nạ Foodaholic Niacinamide Dưỡng Sáng, Căng Bóng Da 23ml",11,Mặt Nạ Giấy,2001,Mặt Nạ,Chăm Sóc Da Mặt,Mặt Nạ,Mặt Nạ Giấy,Sức Khỏe - Làm Đẹp -> Chăm Sóc Da Mặt -> Mặt Nạ -> Mặt Nạ Giấy,False
P_3111,3111,Mặt Nạ Sexylook Thạch Jelly Đào Dưỡng Sáng Da 38ml,11,Mặt Nạ Giấy,2001,Mặt Nạ,Chăm Sóc Da Mặt,Mặt Nạ,Mặt Nạ Giấy,Sức Khỏe - Làm Đẹp -> Chăm Sóc Da Mặt -> Mặt Nạ -> Mặt Nạ Giấy,False
P_3117,3117,Nước Dưỡng Eucerin Làm Sáng Và Cấp Ẩm Cho Da 100ml,4,Toner / Nước Cân Bằng Da,2002,Làm Sạch Da,Chăm Sóc Da Mặt,Làm Sạch Da,Toner / Nước Cân Bằng Da,Sức Khỏe - Làm Đẹp -> Chăm Sóc Da Mặt -> Làm Sạch Da -> Toner / Nước Cân Bằng Da,False
P_3120,3120,"Mặt Nạ Mắt Purederm Collagen Cấp Ẩm, Ngừa Lão Hoá 30 Miếng",60,Mặt Nạ Mắt,2005,Dưỡng Mắt,Chăm Sóc Da Mặt,Dưỡng Mắt,Mặt Nạ Mắt,Sức Khỏe - Làm Đẹp -> Chăm Sóc Da Mặt -> Dưỡng Mắt -> Mặt Nạ Mắt,False
P_3123,3123,Combo L'Oreal Serum Sáng Da Mờ Thâm 30ml + Kem Chống Nắng X20 Thoáng Da 50ml,3,Bộ Chăm Sóc Da Mặt,1001,Chăm Sóc Da Mặt,Chăm Sóc Da Mặt,Bộ Chăm Sóc Da Mặt,Bộ Chăm Sóc Da Mặt,Sức Khỏe - Làm Đẹp -> Chăm Sóc Da Mặt -> Bộ Chăm Sóc Da Mặt,False
P_3137,3137,"Mặt Nạ Lebelage Hyaluronic Acid Cấp Nước, Cấp Ẩm Cho Da 25g",11,Mặt Nạ Giấy,2001,Mặt Nạ,Chăm Sóc Da Mặt,Mặt Nạ,Mặt Nạ Giấy,Sức Khỏe - Làm Đẹp -> Chăm Sóc Da Mặt -> Mặt Nạ -> Mặt Nạ Giấy,False
P_3143,3143,Combo 2 Nước Tẩy Trang Cocoon Hoa Hồng Cấp Ẩm Da 310ml,2,Tẩy Trang Mặt,2002,Làm Sạch Da,Chăm Sóc Da Mặt,Làm Sạch Da,Tẩy Trang Mặt,Sức Khỏe - Làm Đẹp -> Chăm Sóc Da Mặt -> Làm Sạch Da -> Tẩy Trang Mặt,False
P_3147,3147,Mặt Nạ B.O.M Dưỡng Ẩm Và Dịu Da 25g,11,Mặt Nạ Giấy,2001,Mặt Nạ,Chăm Sóc Da Mặt,Mặt Nạ,Mặt Nạ Giấy,Sức Khỏe - Làm Đẹp -> Chăm Sóc Da Mặt -> Mặt Nạ -> Mặt Nạ Giấy,False
P_3157,3157,Mặt Nạ Colorkey B5 Dưỡng Ẩm Dịu Da Thảo Dược Đông Y 25ml,11,Mặt Nạ Giấy,2001,Mặt Nạ,Chăm Sóc Da Mặt,Mặt Nạ,Mặt Nạ Giấy,Sức Khỏe - Làm Đẹp -> Chăm Sóc Da Mặt -> Mặt Nạ -> Mặt Nạ Giấy,False
P_3161,3161,Combo 2 Son Dưỡng Có Màu Vaseline Đỏ Tươi Tắn 3g,18,Son Dưỡng Môi,2006,Dưỡng Môi,Chăm Sóc Da Mặt,Dưỡng Môi,Son Dưỡng Môi,Sức Khỏe - Làm Đẹp -> Chăm Sóc Da Mặt -> Dưỡng Môi -> Son Dưỡng Môi,False
P_3164,3164,Kem Rửa Mặt Oxy Làm Sạch Sâu Sảng Khoái 100g,1,Sữa Rửa Mặt,2002,Làm Sạch Da,Chăm Sóc Da Mặt,Làm Sạch Da,Sữa Rửa Mặt,Sức Khỏe - Làm Đẹp -> Chăm Sóc Da Mặt -> Làm Sạch Da -> Sữa Rửa Mặt,True
P_3169,3169,Mặt Nạ Dưỡng Da Some By Mi Matcha Se Lỗ Chân Lông 20g,11,Mặt Nạ Giấy,2001,Mặt Nạ,Chăm Sóc Da Mặt,Mặt Nạ,Mặt Nạ Giấy,Sức Khỏe - Làm Đẹp -> Chăm Sóc Da Mặt -> Mặt Nạ -> Mặt Nạ Giấy,False
P_3176,3176,Mặt Nạ JMsolution Hyaluronic Acid Dưỡng Sáng & Cấp Ẩm 30ml,11,Mặt Nạ Giấy,2001,Mặt Nạ,Chăm Sóc Da Mặt,Mặt Nạ,Mặt Nạ Giấy,Sức Khỏe - Làm Đẹp -> Chăm Sóc Da Mặt -> Mặt Nạ -> Mặt Nạ Giấy,False
P_3177,3177,"Mặt Nạ Lebelage Trà Xanh Chống Oxy Hóa, Dưỡng Sáng Da 25g",11,Mặt Nạ Giấy,2001,Mặt Nạ,Chăm Sóc Da Mặt,Mặt Nạ,Mặt Nạ Giấy,Sức Khỏe - Làm Đẹp -> Chăm Sóc Da Mặt -> Mặt Nạ -> Mặt Nạ Giấy,False
P_3180,3180,Nước Tẩy Trang Cocoon Hoa Hồng Cấp Ẩm Da 140ml,2,Tẩy Trang Mặt,2002,Làm Sạch Da,Chăm Sóc Da Mặt,Làm Sạch Da,Tẩy Trang Mặt,Sức Khỏe - Làm Đẹp -> Chăm Sóc Da Mặt -> Làm Sạch Da -> Tẩy Trang Mặt,False
P_3191,3191,Combo 8 Mặt Nạ Sinh Học Lánybeau Miunglab Cấp Ẩm Sáng Da 25g,11,Mặt Nạ Giấy,2001,Mặt Nạ,Chăm Sóc Da Mặt,Mặt Nạ,Mặt Nạ Giấy,Sức Khỏe - Làm Đẹp -> Chăm Sóc Da Mặt -> Mặt Nạ -> Mặt Nạ Giấy,False
P_3203,3203,"Mặt Nạ Foodaholic Niacinamide Dưỡng Sáng, Căng Bóng Da 23ml",11,Mặt Nạ Giấy,2001,Mặt Nạ,Chăm Sóc Da Mặt,Mặt Nạ,Mặt Nạ Giấy,Sức Khỏe - Làm Đẹp -> Chăm Sóc Da Mặt -> Mặt Nạ -> Mặt Nạ Giấy,False
P_3204,3204,"Mặt Nạ Foodaholic Vitamin D Phục Hồi, Tái Tạo Da 23g",11,Mặt Nạ Giấy,2001,Mặt Nạ,Chăm Sóc Da Mặt,Mặt Nạ,Mặt Nạ Giấy,Sức Khỏe - Làm Đẹp -> Chăm Sóc Da Mặt -> Mặt Nạ -> Mặt Nạ Giấy,False
P_3210,3210,Combo 2 Toner Compliment BHA Kiềm Dầu Sáng Da 200ml,4,Toner / Nước Cân Bằng Da,2002,Làm Sạch Da,Chăm Sóc Da Mặt,Làm Sạch Da,Toner / Nước Cân Bằng Da,Sức Khỏe - Làm Đẹp -> Chăm Sóc Da Mặt -> Làm Sạch Da -> Toner / Nước Cân Bằng Da,False
P_3213,3213,Combo Nước Tẩy Trang Garnier Sạch Sâu Trang Điểm 400ml + 2 Nước Tẩy Trang 50ml (Màu Ngẫu Nhiên),2,Tẩy Trang Mặt,2002,Làm Sạch Da,Chăm Sóc Da Mặt,Làm Sạch Da,Tẩy Trang Mặt,Sức Khỏe - Làm Đẹp -> Chăm Sóc Da Mặt -> Làm Sạch Da -> Tẩy Trang Mặt,False
P_3214,3214,"Combo 10 Mặt Nạ JMsolution B5 Dưỡng Sáng, Tăng Cường Lớp Bảo Vệ Da 30ml",11,Mặt Nạ Giấy,2001,Mặt Nạ,Chăm Sóc Da Mặt,Mặt Nạ,Mặt Nạ Giấy,Sức Khỏe - Làm Đẹp -> Chăm Sóc Da Mặt -> Mặt Nạ -> Mặt Nạ Giấy,False
P_3215,3215,Sữa Chống Nắng Bioré Bảo Vệ Hoàn Hảo - Mát Lạnh 25ml,6,Chống Nắng Da Mặt,1001,Chăm Sóc Da Mặt,Chăm Sóc Da Mặt,Chống Nắng Da Mặt,Chống Nắng Da Mặt,Sức Khỏe - Làm Đẹp -> Chăm Sóc Da Mặt -> Chống Nắng Da Mặt,True
P_3216,3216,Sữa Rửa Mặt Cetaphil Dạng Bọt Siêu Mịn Dịu Da Nhạy Cảm 200ml,1,Sữa Rửa Mặt,2002,Làm Sạch Da,Chăm Sóc Da Mặt,Làm Sạch Da,Sữa Rửa Mặt,Sức Khỏe - Làm Đẹp -> Chăm Sóc Da Mặt -> Làm Sạch Da -> Sữa Rửa Mặt,True
P_3223,3223,Gel Dưỡng Fixderma Giúp Làm Mờ Sẹo 15ml,7,Kem / Gel / Dầu Dưỡng,2003,Dưỡng Ẩm,Chăm Sóc Da Mặt,Dưỡng Ẩm,Kem / Gel / Dầu Dưỡng,Sức Khỏe - Làm Đẹp -> Chăm Sóc Da Mặt -> Dưỡng Ẩm -> Kem / Gel / Dầu Dưỡng,True
P_3225,3225,Mặt Nạ Dưỡng Da Some By Mi Ốc Sên Hỗ Trợ Phục Hồi Da 20g,11,Mặt Nạ Giấy,2001,Mặt Nạ,Chăm Sóc Da Mặt,Mặt Nạ,Mặt Nạ Giấy,Sức Khỏe - Làm Đẹp -> Chăm Sóc Da Mặt -> Mặt Nạ -> Mặt Nạ Giấy,False
P_3227,3227,Mặt Nạ Garnier Vitamin C & Salicylic Acid Giảm Mụn 23g,11,Mặt Nạ Giấy,2001,Mặt Nạ,Chăm Sóc Da Mặt,Mặt Nạ,Mặt Nạ Giấy,Sức Khỏe - Làm Đẹp -> Chăm Sóc Da Mặt -> Mặt Nạ -> Mặt Nạ Giấy,False
P_3230,3230,"Combo 10 Mặt Nạ Foodaholic Vitamin D Phục Hồi, Tái Tạo Da 23g",11,Mặt Nạ Giấy,2001,Mặt Nạ,Chăm Sóc Da Mặt,Mặt Nạ,Mặt Nạ Giấy,Sức Khỏe - Làm Đẹp -> Chăm Sóc Da Mặt -> Mặt Nạ -> Mặt Nạ Giấy,False
P_3232,3232,Combo 10 Mặt Nạ Foodaholic Vitamin K Se Lỗ Chân Lông 23g,11,Mặt Nạ Giấy,2001,Mặt Nạ,Chăm Sóc Da Mặt,Mặt Nạ,Mặt Nạ Giấy,Sức Khỏe - Làm Đẹp -> Chăm Sóc Da Mặt -> Mặt Nạ -> Mặt Nạ Giấy,False
P_3234,3234,Son Dưỡng Có Màu Australis Cấp Ẩm #Fling 1.4g,18,Son Dưỡng Môi,2006,Dưỡng Môi,Chăm Sóc Da Mặt,Dưỡng Môi,Son Dưỡng Môi,Sức Khỏe - Làm Đẹp -> Chăm Sóc Da Mặt -> Dưỡng Môi -> Son Dưỡng Môi,False
P_3237,3237,Serum Chống Nắng Sunplay Skin Aqua Dưỡng Da Chuyên Sâu 30g,6,Chống Nắng Da Mặt,1001,Chăm Sóc Da Mặt,Chăm Sóc Da Mặt,Chống Nắng Da Mặt,Chống Nắng Da Mặt,Sức Khỏe - Làm Đẹp -> Chăm Sóc Da Mặt -> Chống Nắng Da Mặt,True
P_3241,3241,Combo Nước Tẩy Trang Garnier Cho Da Dầu Mụn 50ml + 2 Nước Tẩy Trang 50ml (Màu Ngẫu Nhiên),2,Tẩy Trang Mặt,2002,Làm Sạch Da,Chăm Sóc Da Mặt,Làm Sạch Da,Tẩy Trang Mặt,Sức Khỏe - Làm Đẹp -> Chăm Sóc Da Mặt -> Làm Sạch Da -> Tẩy Trang Mặt,False
P_3244,3244,"Son Dưỡng LipIce Hương Choco Mint, Hồng Ửng Đỏ 2.4g",18,Son Dưỡng Môi,2006,Dưỡng Môi,Chăm Sóc Da Mặt,Dưỡng Môi,Son Dưỡng Môi,Sức Khỏe - Làm Đẹp -> Chăm Sóc Da Mặt -> Dưỡng Môi -> Son Dưỡng Môi,False
P_3245,3245,Toner Pad Celimax Tẩy Tế Bào Chết 60 Miếng,4,Toner / Nước Cân Bằng Da,2002,Làm Sạch Da,Chăm Sóc Da Mặt,Làm Sạch Da,Toner / Nước Cân Bằng Da,Sức Khỏe - Làm Đẹp -> Chăm Sóc Da Mặt -> Làm Sạch Da -> Toner / Nước Cân Bằng Da,False
P_3252,3252,"Mặt Nạ Foodaholic Vitamin B Dưỡng Ẩm, Se Lỗ Chân Lông 23g",11,Mặt Nạ Giấy,2001,Mặt Nạ,Chăm Sóc Da Mặt,Mặt Nạ,Mặt Nạ Giấy,Sức Khỏe - Làm Đẹp -> Chăm Sóc Da Mặt -> Mặt Nạ -> Mặt Nạ Giấy,False
P_3254,3254,Sữa Rửa Mặt Evoluderm Bổ Sung Vitamin E Cấp Ẩm Dịu Nhẹ 250ml,1,Sữa Rửa Mặt,2002,Làm Sạch Da,Chăm Sóc Da Mặt,Làm Sạch Da,Sữa Rửa Mặt,Sức Khỏe - Làm Đẹp -> Chăm Sóc Da Mặt -> Làm Sạch Da -> Sữa Rửa Mặt,True
P_3255,3255,Mặt Nạ Nature Republic Chiết Xuất Cà Chua Sáng Da 23ml,11,Mặt Nạ Giấy,2001,Mặt Nạ,Chăm Sóc Da Mặt,Mặt Nạ,Mặt Nạ Giấy,Sức Khỏe - Làm Đẹp -> Chăm Sóc Da Mặt -> Mặt Nạ -> Mặt Nạ Giấy,False
P_3259,3259,Sữa Rửa Mặt Meishoku Ngăn Ngừa Mụn 80g,1,Sữa Rửa Mặt,2002,Làm Sạch Da,Chăm Sóc Da Mặt,Làm Sạch Da,Sữa Rửa Mặt,Sức Khỏe - Làm Đẹp -> Chăm Sóc Da Mặt -> Làm Sạch Da -> Sữa Rửa Mặt,True
P_3260,3260,"Mặt Nạ Foodaholic T.X.A Mờ Thâm Đỏ, Sạm Nám 23ml",11,Mặt Nạ Giấy,2001,Mặt Nạ,Chăm Sóc Da Mặt,Mặt Nạ,Mặt Nạ Giấy,Sức Khỏe - Làm Đẹp -> Chăm Sóc Da Mặt -> Mặt Nạ -> Mặt Nạ Giấy,False
P_3262,3262,Mặt Nạ innisfree Dịu Da Mụn Từ Diếp Cá 22ml (Mới),11,Mặt Nạ Giấy,2001,Mặt Nạ,Chăm Sóc Da Mặt,Mặt Nạ,Mặt Nạ Giấy,Sức Khỏe - Làm Đẹp -> Chăm Sóc Da Mặt -> Mặt Nạ -> Mặt Nạ Giấy,False
P_3269,3269,Sữa Rửa Mặt Nivea Men Giúp Giảm Mụn & Hư Tổn Da 100g,1,Sữa Rửa Mặt,2002,Làm Sạch Da,Chăm Sóc Da Mặt,Làm Sạch Da,Sữa Rửa Mặt,Sức Khỏe - Làm Đẹp -> Chăm Sóc Da Mặt -> Làm Sạch Da -> Sữa Rửa Mặt,True
P_3271,3271,"Hộp 10 Mặt Nạ Keyshu Hỗ Trợ Nâng Cơ, Săn Chắc Da 30ml",11,Mặt Nạ Giấy,2001,Mặt Nạ,Chăm Sóc Da Mặt,Mặt Nạ,Mặt Nạ Giấy,Sức Khỏe - Làm Đẹp -> Chăm Sóc Da Mặt -> Mặt Nạ -> Mặt Nạ Giấy,False
P_3272,3272,Tinh Chất The Lab Dưỡng Ẩm Chuyên Sâu Cho Da 30ml,9,Serum / Tinh Chất,2004,Đặc Trị,Chăm Sóc Da Mặt,Đặc Trị,Serum / Tinh Chất,Sức Khỏe - Làm Đẹp -> Chăm Sóc Da Mặt -> Đặc Trị -> Serum / Tinh Chất,True
P_3273,3273,Miếng Dán Mũi Lột Mụn Bioré Không Hương (4 Miếng),25,Hỗ Trợ Trị Mụn,2004,Đặc Trị,Chăm Sóc Da Mặt,Đặc Trị,Hỗ Trợ Trị Mụn,Sức Khỏe - Làm Đẹp -> Chăm Sóc Da Mặt -> Đặc Trị -> Hỗ Trợ Trị Mụn,True
P_3278,3278,Mặt Nạ Dưỡng Da Some By Mi Hyaluronic Acid Cấp Nước 20g,11,Mặt Nạ Giấy,2001,Mặt Nạ,Chăm Sóc Da Mặt,Mặt Nạ,Mặt Nạ Giấy,Sức Khỏe - Làm Đẹp -> Chăm Sóc Da Mặt -> Mặt Nạ -> Mặt Nạ Giấy,False
P_3279,3279,Mặt Nạ Dưỡng Da Some By Mi Glutathione Làm Sáng Da 20g,11,Mặt Nạ Giấy,2001,Mặt Nạ,Chăm Sóc Da Mặt,Mặt Nạ,Mặt Nạ Giấy,Sức Khỏe - Làm Đẹp -> Chăm Sóc Da Mặt -> Mặt Nạ -> Mặt Nạ Giấy,False
P_3283,3283,Combo 5 Mặt Nạ B.O.M Brightening Dưỡng Sáng Da 25g,11,Mặt Nạ Giấy,2001,Mặt Nạ,Chăm Sóc Da Mặt,Mặt Nạ,Mặt Nạ Giấy,Sức Khỏe - Làm Đẹp -> Chăm Sóc Da Mặt -> Mặt Nạ -> Mặt Nạ Giấy,False
P_3284,3284,"Nước Tẩy Trang Hada Labo Sạch Sâu Cho Da Mụn, Nhạy Cảm 240ml",2,Tẩy Trang Mặt,2002,Làm Sạch Da,Chăm Sóc Da Mặt,Làm Sạch Da,Tẩy Trang Mặt,Sức Khỏe - Làm Đẹp -> Chăm Sóc Da Mặt -> Làm Sạch Da -> Tẩy Trang Mặt,False
P_3290,3290,Son Dưỡng Nerman Ngừa Thâm Không Màu Cho Nam 4g,18,Son Dưỡng Môi,2006,Dưỡng Môi,Chăm Sóc Da Mặt,Dưỡng Môi,Son Dưỡng Môi,Sức Khỏe - Làm Đẹp -> Chăm Sóc Da Mặt -> Dưỡng Môi -> Son Dưỡng Môi,False
P_3297,3297,Mặt Nạ Sexylook Thạch Jelly Bơ Dịu Mụn Se Lỗ Chân Lông 38ml,11,Mặt Nạ Giấy,2001,Mặt Nạ,Chăm Sóc Da Mặt,Mặt Nạ,Mặt Nạ Giấy,Sức Khỏe - Làm Đẹp -> Chăm Sóc Da Mặt -> Mặt Nạ -> Mặt Nạ Giấy,False
P_3299,3299,Khăn Tẩy Trang Acnes 20 Miếng,2,Tẩy Trang Mặt,2002,Làm Sạch Da,Chăm Sóc Da Mặt,Làm Sạch Da,Tẩy Trang Mặt,Sức Khỏe - Làm Đẹp -> Chăm Sóc Da Mặt -> Làm Sạch Da -> Tẩy Trang Mặt,False
P_3300,3300,Combo Kem Dưỡng Neutrogena Cấp Nước Cho Da Dầu 50g+15g,7,Kem / Gel / Dầu Dưỡng,2003,Dưỡng Ẩm,Chăm Sóc Da Mặt,Dưỡng Ẩm,Kem / Gel / Dầu Dưỡng,Sức Khỏe - Làm Đẹp -> Chăm Sóc Da Mặt -> Dưỡng Ẩm -> Kem / Gel / Dầu Dưỡng,True
P_3305,3305,"Nước Tẩy Trang Evoluderm Cho Da Hỗn Hợp, Dầu Mụn 500ml",2,Tẩy Trang Mặt,2002,Làm Sạch Da,Chăm Sóc Da Mặt,Làm Sạch Da,Tẩy Trang Mặt,Sức Khỏe - Làm Đẹp -> Chăm Sóc Da Mặt -> Làm Sạch Da -> Tẩy Trang Mặt,False
P_3307,3307,Combo Serum Garnier Tăng Cường Sáng Da Mờ Thâm Ngày & Đêm 30mlx2,9,Serum / Tinh Chất,2004,Đặc Trị,Chăm Sóc Da Mặt,Đặc Trị,Serum / Tinh Chất,Sức Khỏe - Làm Đẹp -> Chăm Sóc Da Mặt -> Đặc Trị -> Serum / Tinh Chất,True
P_3312,3312,Mặt Nạ Mắt Lanbena Peptides Ngừa Lão Hóa 60 Miếng,60,Mặt Nạ Mắt,2005,Dưỡng Mắt,Chăm Sóc Da Mặt,Dưỡng Mắt,Mặt Nạ Mắt,Sức Khỏe - Làm Đẹp -> Chăm Sóc Da Mặt -> Dưỡng Mắt -> Mặt Nạ Mắt,False
P_3313,3313,"Mặt Nạ Mắt Lanbena Hyaluronic Acid Dưỡng Ẩm, Làm Dịu 60 Miếng",60,Mặt Nạ Mắt,2005,Dưỡng Mắt,Chăm Sóc Da Mặt,Dưỡng Mắt,Mặt Nạ Mắt,Sức Khỏe - Làm Đẹp -> Chăm Sóc Da Mặt -> Dưỡng Mắt -> Mặt Nạ Mắt,False
P_3314,3314,Toner Axis-Y Dưỡng Sáng & Giảm Thâm 125ml,4,Toner / Nước Cân Bằng Da,2002,Làm Sạch Da,Chăm Sóc Da Mặt,Làm Sạch Da,Toner / Nước Cân Bằng Da,Sức Khỏe - Làm Đẹp -> Chăm Sóc Da Mặt -> Làm Sạch Da -> Toner / Nước Cân Bằng Da,False
P_3315,3315,"Sữa Chống Nắng Elixir Nâng Tông, Kiềm Dầu 35g",6,Chống Nắng Da Mặt,1001,Chăm Sóc Da Mặt,Chăm Sóc Da Mặt,Chống Nắng Da Mặt,Chống Nắng Da Mặt,Sức Khỏe - Làm Đẹp -> Chăm Sóc Da Mặt -> Chống Nắng Da Mặt,True
P_3316,3316,Combo 2 Nước Tẩy Trang Neutrogena Thanh Lọc Và Làm Sạch Sâu 400ml,2,Tẩy Trang Mặt,2002,Làm Sạch Da,Chăm Sóc Da Mặt,Làm Sạch Da,Tẩy Trang Mặt,Sức Khỏe - Làm Đẹp -> Chăm Sóc Da Mặt -> Làm Sạch Da -> Tẩy Trang Mặt,False
P_3317,3317,Son Dưỡng Môi Có Màu Curél Cấp Ẩm Chuyên Sâu - Màu Hồng 4.2g,18,Son Dưỡng Môi,2006,Dưỡng Môi,Chăm Sóc Da Mặt,Dưỡng Môi,Son Dưỡng Môi,Sức Khỏe - Làm Đẹp -> Chăm Sóc Da Mặt -> Dưỡng Môi -> Son Dưỡng Môi,False
P_3318,3318,Combo 2 Kem Chống Nắng Beplain Vật Lý Hỗ Trợ Kiềm Dầu Mịn Lì 50ml,6,Chống Nắng Da Mặt,1001,Chăm Sóc Da Mặt,Chăm Sóc Da Mặt,Chống Nắng Da Mặt,Chống Nắng Da Mặt,Sức Khỏe - Làm Đẹp -> Chăm Sóc Da Mặt -> Chống Nắng Da Mặt,True
P_3320,3320,Combo 2 Hộp Mặt Nạ Emmié Microfiber Cầu Sung Dừa Đủ Xoài (10 Miếng/Hộp),11,Mặt Nạ Giấy,2001,Mặt Nạ,Chăm Sóc Da Mặt,Mặt Nạ,Mặt Nạ Giấy,Sức Khỏe - Làm Đẹp -> Chăm Sóc Da Mặt -> Mặt Nạ -> Mặt Nạ Giấy,False
P_3324,3324,Sữa Chống Nắng Bioré Bảo Vệ Hoàn Hảo - Sáng Mịn 25ml,6,Chống Nắng Da Mặt,1001,Chăm Sóc Da Mặt,Chăm Sóc Da Mặt,Chống Nắng Da Mặt,Chống Nắng Da Mặt,Sức Khỏe - Làm Đẹp -> Chăm Sóc Da Mặt -> Chống Nắng Da Mặt,True
P_3331,3331,Combo CeraVe Sữa Rửa Mặt Cho Da Dầu 473ml + Sữa Dưỡng Ẩm Cho Da Khô 30ml,1,Sữa Rửa Mặt,2002,Làm Sạch Da,Chăm Sóc Da Mặt,Làm Sạch Da,Sữa Rửa Mặt,Sức Khỏe - Làm Đẹp -> Chăm Sóc Da Mặt -> Làm Sạch Da -> Sữa Rửa Mặt,True
P_3337,3337,"Mặt Nạ Rainbow L’affair Cấp Ẩm Cho Da Khô, Xỉn Màu 25g",11,Mặt Nạ Giấy,2001,Mặt Nạ,Chăm Sóc Da Mặt,Mặt Nạ,Mặt Nạ Giấy,Sức Khỏe - Làm Đẹp -> Chăm Sóc Da Mặt -> Mặt Nạ -> Mặt Nạ Giấy,False
P_3341,3341,Kem Chống Nắng Axis-Y Vật Lý Dịu Nhẹ 50ml,6,Chống Nắng Da Mặt,1001,Chăm Sóc Da Mặt,Chăm Sóc Da Mặt,Chống Nắng Da Mặt,Chống Nắng Da Mặt,Sức Khỏe - Làm Đẹp -> Chăm Sóc Da Mặt -> Chống Nắng Da Mặt,True
P_3344,3344,"Sữa Rửa Mặt CeraVe Dạng Kem Tạo Bọt Cho Da Thường, Khô 236ml",1,Sữa Rửa Mặt,2002,Làm Sạch Da,Chăm Sóc Da Mặt,Làm Sạch Da,Sữa Rửa Mặt,Sức Khỏe - Làm Đẹp -> Chăm Sóc Da Mặt -> Làm Sạch Da -> Sữa Rửa Mặt,True
P_3345,3345,"Mặt Nạ Foodaholic Ceramide Làm Dịu, Phục Hồi Da Mụn 23ml",11,Mặt Nạ Giấy,2001,Mặt Nạ,Chăm Sóc Da Mặt,Mặt Nạ,Mặt Nạ Giấy,Sức Khỏe - Làm Đẹp -> Chăm Sóc Da Mặt -> Mặt Nạ -> Mặt Nạ Giấy,False
P_3349,3349,"Bộ Sản Phẩm Garnier Chăm Sóc Da Dầu, Mụn 3 Món",3,Bộ Chăm Sóc Da Mặt,1001,Chăm Sóc Da Mặt,Chăm Sóc Da Mặt,Bộ Chăm Sóc Da Mặt,Bộ Chăm Sóc Da Mặt,Sức Khỏe - Làm Đẹp -> Chăm Sóc Da Mặt -> Bộ Chăm Sóc Da Mặt,False
P_3351,3351,Serum Bio-essence Dưỡng Sáng Da Chuyên Sâu 30ml,9,Serum / Tinh Chất,2004,Đặc Trị,Chăm Sóc Da Mặt,Đặc Trị,Serum / Tinh Chất,Sức Khỏe - Làm Đẹp -> Chăm Sóc Da Mặt -> Đặc Trị -> Serum / Tinh Chất,True
P_3352,3352,Nước Tẩy Trang Azderma Cho Da Dầu Mụn Nhạy Cảm 500ml,2,Tẩy Trang Mặt,2002,Làm Sạch Da,Chăm Sóc Da Mặt,Làm Sạch Da,Tẩy Trang Mặt,Sức Khỏe - Làm Đẹp -> Chăm Sóc Da Mặt -> Làm Sạch Da -> Tẩy Trang Mặt,False
P_3354,3354,Son Dưỡng Môi Có Màu Curél Cấp Ẩm Chuyên Sâu - Màu Đỏ 4.2g,18,Son Dưỡng Môi,2006,Dưỡng Môi,Chăm Sóc Da Mặt,Dưỡng Môi,Son Dưỡng Môi,Sức Khỏe - Làm Đẹp -> Chăm Sóc Da Mặt -> Dưỡng Môi -> Son Dưỡng Môi,False
P_3357,3357,Combo 2 Mặt Nạ innisfree Chăm Sóc Lỗ Chân Lông 100ml,19,Mặt Nạ Rửa,2001,Mặt Nạ,Chăm Sóc Da Mặt,Mặt Nạ,Mặt Nạ Rửa,Sức Khỏe - Làm Đẹp -> Chăm Sóc Da Mặt -> Mặt Nạ -> Mặt Nạ Rửa,False
P_3358,3358,Gel Rửa Mặt Eucerin Cho Da Mụn 75ml,1,Sữa Rửa Mặt,2002,Làm Sạch Da,Chăm Sóc Da Mặt,Làm Sạch Da,Sữa Rửa Mặt,Sức Khỏe - Làm Đẹp -> Chăm Sóc Da Mặt -> Làm Sạch Da -> Sữa Rửa Mặt,True
P_3366,3366,Combo 2 Serum La Bonita Hyaluronic Acid Cấp Ẩm Dịu Da 50ml,9,Serum / Tinh Chất,2004,Đặc Trị,Chăm Sóc Da Mặt,Đặc Trị,Serum / Tinh Chất,Sức Khỏe - Làm Đẹp -> Chăm Sóc Da Mặt -> Đặc Trị -> Serum / Tinh Chất,True
P_3369,3369,Mặt Nạ Emmié Microfiber Xoài Dưỡng Sáng Da 28g,11,Mặt Nạ Giấy,2001,Mặt Nạ,Chăm Sóc Da Mặt,Mặt Nạ,Mặt Nạ Giấy,Sức Khỏe - Làm Đẹp -> Chăm Sóc Da Mặt -> Mặt Nạ -> Mặt Nạ Giấy,False
P_3376,3376,"Sữa Dưỡng The Lab Cấp Ẩm, Hỗ Trợ Phục Hồi & Dịu Da 150ml",37,Lotion / Sữa Dưỡng,2003,Dưỡng Ẩm,Chăm Sóc Da Mặt,Dưỡng Ẩm,Lotion / Sữa Dưỡng,Sức Khỏe - Làm Đẹp -> Chăm Sóc Da Mặt -> Dưỡng Ẩm -> Lotion / Sữa Dưỡng,False
P_3378,3378,Kem Chống Nắng Dermablock Phổ Rộng Mỏng Nhẹ Vô Hình 35ml,6,Chống Nắng Da Mặt,1001,Chăm Sóc Da Mặt,Chăm Sóc Da Mặt,Chống Nắng Da Mặt,Chống Nắng Da Mặt,Sức Khỏe - Làm Đẹp -> Chăm Sóc Da Mặt -> Chống Nắng Da Mặt,True
P_3381,3381,Bột Yến Mạch Milaganics Ngăn Ngừa Lão Hóa & Mụn 100g (Túi),19,Mặt Nạ Rửa,2001,Mặt Nạ,Chăm Sóc Da Mặt,Mặt Nạ,Mặt Nạ Rửa,Sức Khỏe - Làm Đẹp -> Chăm Sóc Da Mặt -> Mặt Nạ -> Mặt Nạ Rửa,False
P_3384,3384,Nước Tẩy Trang Bio-essence Không Cồn Sạch Sâu Da 100ml,2,Tẩy Trang Mặt,2002,Làm Sạch Da,Chăm Sóc Da Mặt,Làm Sạch Da,Tẩy Trang Mặt,Sức Khỏe - Làm Đẹp -> Chăm Sóc Da Mặt -> Làm Sạch Da -> Tẩy Trang Mặt,False
P_3391,3391,[Mua 1 Tặng 1] Naris Cosmetics Kem Chống Nắng Nâng Tone Da 80g Tặng Son Thỏi Màu Ngẫu Nhiên 3g,6,Chống Nắng Da Mặt,1001,Chăm Sóc Da Mặt,Chăm Sóc Da Mặt,Chống Nắng Da Mặt,Chống Nắng Da Mặt,Sức Khỏe - Làm Đẹp -> Chăm Sóc Da Mặt -> Chống Nắng Da Mặt,True
P_3396,3396,Mặt Nạ Banobagi Retinol Cải Thiện Nếp Nhăn (Hồng Đất) 30g,11,Mặt Nạ Giấy,2001,Mặt Nạ,Chăm Sóc Da Mặt,Mặt Nạ,Mặt Nạ Giấy,Sức Khỏe - Làm Đẹp -> Chăm Sóc Da Mặt -> Mặt Nạ -> Mặt Nạ Giấy,False
P_3398,3398,Sữa Rửa Mặt Cetaphil Dịu Lành Cho Da Nhạy Cảm 473ml,1,Sữa Rửa Mặt,2002,Làm Sạch Da,Chăm Sóc Da Mặt,Làm Sạch Da,Sữa Rửa Mặt,Sức Khỏe - Làm Đẹp -> Chăm Sóc Da Mặt -> Làm Sạch Da -> Sữa Rửa Mặt,True
P_3400,3400,Combo Cocoon Nước Tẩy Trang Bí Đao 500ml + Sữa Chống Nắng Bí Đao 50ml,3,Bộ Chăm Sóc Da Mặt,1001,Chăm Sóc Da Mặt,Chăm Sóc Da Mặt,Bộ Chăm Sóc Da Mặt,Bộ Chăm Sóc Da Mặt,Sức Khỏe - Làm Đẹp -> Chăm Sóc Da Mặt -> Bộ Chăm Sóc Da Mặt,False
P_3402,3402,Son Dưỡng Milaganics Nha Đam Không Màu Giảm Thâm Môi 4g,18,Son Dưỡng Môi,2006,Dưỡng Môi,Chăm Sóc Da Mặt,Dưỡng Môi,Son Dưỡng Môi,Sức Khỏe - Làm Đẹp -> Chăm Sóc Da Mặt -> Dưỡng Môi -> Son Dưỡng Môi,False
P_3404,3404,Mặt Nạ Rainbow L’affair Vitamin Làm Sáng Da 25g,11,Mặt Nạ Giấy,2001,Mặt Nạ,Chăm Sóc Da Mặt,Mặt Nạ,Mặt Nạ Giấy,Sức Khỏe - Làm Đẹp -> Chăm Sóc Da Mặt -> Mặt Nạ -> Mặt Nạ Giấy,False
P_3411,3411,Mặt Nạ Nature Republic Chiết Xuất Hoa Cúc Làm Dịu Da 23ml,11,Mặt Nạ Giấy,2001,Mặt Nạ,Chăm Sóc Da Mặt,Mặt Nạ,Mặt Nạ Giấy,Sức Khỏe - Làm Đẹp -> Chăm Sóc Da Mặt -> Mặt Nạ -> Mặt Nạ Giấy,False
P_3413,3413,Sữa Rửa Mặt Shimbi Method Dạng Bọt Làm Sạch Sâu 120g,1,Sữa Rửa Mặt,2002,Làm Sạch Da,Chăm Sóc Da Mặt,Làm Sạch Da,Sữa Rửa Mặt,Sức Khỏe - Làm Đẹp -> Chăm Sóc Da Mặt -> Làm Sạch Da -> Sữa Rửa Mặt,True
P_3420,3420,Gel Rửa Mặt Eucerin Hỗ Trợ Sáng Da Mịn Màng 200ml,1,Sữa Rửa Mặt,2002,Làm Sạch Da,Chăm Sóc Da Mặt,Làm Sạch Da,Sữa Rửa Mặt,Sức Khỏe - Làm Đẹp -> Chăm Sóc Da Mặt -> Làm Sạch Da -> Sữa Rửa Mặt,True
P_3421,3421,Mặt Nạ Emmié Microfiber Sung Giúp Mờ Nếp Nhăn 28g,11,Mặt Nạ Giấy,2001,Mặt Nạ,Chăm Sóc Da Mặt,Mặt Nạ,Mặt Nạ Giấy,Sức Khỏe - Làm Đẹp -> Chăm Sóc Da Mặt -> Mặt Nạ -> Mặt Nạ Giấy,False
P_3425,3425,"Combo L'Oreal Kem Chống Nắng X20 Thoáng Da Mỏng Nhẹ 50ml + Nước Tẩy Trang Dưỡng Ẩm Cho Da Thường, Khô 400ml",3,Bộ Chăm Sóc Da Mặt,1001,Chăm Sóc Da Mặt,Chăm Sóc Da Mặt,Bộ Chăm Sóc Da Mặt,Bộ Chăm Sóc Da Mặt,Sức Khỏe - Làm Đẹp -> Chăm Sóc Da Mặt -> Bộ Chăm Sóc Da Mặt,False
P_3428,3428,Gel Rửa Mặt Acnes Giúp Kiểm Soát Nhờn 50g,1,Sữa Rửa Mặt,2002,Làm Sạch Da,Chăm Sóc Da Mặt,Làm Sạch Da,Sữa Rửa Mặt,Sức Khỏe - Làm Đẹp -> Chăm Sóc Da Mặt -> Làm Sạch Da -> Sữa Rửa Mặt,True
P_3435,3435,"Mặt Nạ Banobagi Nâng Cơ Săn Chắc, Nuôi Dưỡng Da 30g",11,Mặt Nạ Giấy,2001,Mặt Nạ,Chăm Sóc Da Mặt,Mặt Nạ,Mặt Nạ Giấy,Sức Khỏe - Làm Đẹp -> Chăm Sóc Da Mặt -> Mặt Nạ -> Mặt Nạ Giấy,False
P_3438,3438,Lotion Curél Dưỡng Ẩm Chuyên Sâu Cho Da Lão Hóa 140ml,37,Lotion / Sữa Dưỡng,2003,Dưỡng Ẩm,Chăm Sóc Da Mặt,Dưỡng Ẩm,Lotion / Sữa Dưỡng,Sức Khỏe - Làm Đẹp -> Chăm Sóc Da Mặt -> Dưỡng Ẩm -> Lotion / Sữa Dưỡng,False
P_3441,3441,"Son Dưỡng LipIce Hương Ô Long Nhài, Màu Hồng Trà 2.4g",18,Son Dưỡng Môi,2006,Dưỡng Môi,Chăm Sóc Da Mặt,Dưỡng Môi,Son Dưỡng Môi,Sức Khỏe - Làm Đẹp -> Chăm Sóc Da Mặt -> Dưỡng Môi -> Son Dưỡng Môi,False
P_3445,3445,Nước Cân Bằng Bio-essence Dưỡng Da Tươi Trẻ 100ml,4,Toner / Nước Cân Bằng Da,2002,Làm Sạch Da,Chăm Sóc Da Mặt,Làm Sạch Da,Toner / Nước Cân Bằng Da,Sức Khỏe - Làm Đẹp -> Chăm Sóc Da Mặt -> Làm Sạch Da -> Toner / Nước Cân Bằng Da,False
P_3446,3446,Combo 2 Mặt Nạ Sur.Medic+ Phục Hồi & Làm Dịu Da Cấp Tốc 28g,11,Mặt Nạ Giấy,2001,Mặt Nạ,Chăm Sóc Da Mặt,Mặt Nạ,Mặt Nạ Giấy,Sức Khỏe - Làm Đẹp -> Chăm Sóc Da Mặt -> Mặt Nạ -> Mặt Nạ Giấy,False
P_3448,3448,"Mặt Nạ Cell Fusion C Rau Má Hạ Nhiệt, Giảm Mụn & Dịu Da 27g",11,Mặt Nạ Giấy,2001,Mặt Nạ,Chăm Sóc Da Mặt,Mặt Nạ,Mặt Nạ Giấy,Sức Khỏe - Làm Đẹp -> Chăm Sóc Da Mặt -> Mặt Nạ -> Mặt Nạ Giấy,False
P_3454,3454,Son Dưỡng LipIce Không Màu Chuyển Kem Mịn Hương Chanh 4.3g,18,Son Dưỡng Môi,2006,Dưỡng Môi,Chăm Sóc Da Mặt,Dưỡng Môi,Son Dưỡng Môi,Sức Khỏe - Làm Đẹp -> Chăm Sóc Da Mặt -> Dưỡng Môi -> Son Dưỡng Môi,False
P_3458,3458,Combo 4 Gel Rửa Mặt SVR Không Chứa Xà Phòng Cho Da Dầu 55ml,1,Sữa Rửa Mặt,2002,Làm Sạch Da,Chăm Sóc Da Mặt,Làm Sạch Da,Sữa Rửa Mặt,Sức Khỏe - Làm Đẹp -> Chăm Sóc Da Mặt -> Làm Sạch Da -> Sữa Rửa Mặt,True
P_3459,3459,Kem Dưỡng Pond's Sáng Hồng Rạng Rỡ Cho Ban Đêm 45g,7,Kem / Gel / Dầu Dưỡng,2003,Dưỡng Ẩm,Chăm Sóc Da Mặt,Dưỡng Ẩm,Kem / Gel / Dầu Dưỡng,Sức Khỏe - Làm Đẹp -> Chăm Sóc Da Mặt -> Dưỡng Ẩm -> Kem / Gel / Dầu Dưỡng,True
P_3464,3464,[Mini] Mặt Nạ Beplain Đất Sét Từ Đậu Xanh Hỗ Trợ Sạch Sâu 12ml,19,Mặt Nạ Rửa,2001,Mặt Nạ,Chăm Sóc Da Mặt,Mặt Nạ,Mặt Nạ Rửa,Sức Khỏe - Làm Đẹp -> Chăm Sóc Da Mặt -> Mặt Nạ -> Mặt Nạ Rửa,False
P_3465,3465,[Mini] Sữa Rửa Mặt Senka Tạo Bọt Chiết Xuất Tơ Tằm Trắng 50g,1,Sữa Rửa Mặt,2002,Làm Sạch Da,Chăm Sóc Da Mặt,Làm Sạch Da,Sữa Rửa Mặt,Sức Khỏe - Làm Đẹp -> Chăm Sóc Da Mặt -> Làm Sạch Da -> Sữa Rửa Mặt,True
P_3466,3466,"[Mini] Serum Elixir Hỗ Trợ Săn Chắc Da, Ngừa Lão Hóa 18ml",9,Serum / Tinh Chất,2004,Đặc Trị,Chăm Sóc Da Mặt,Đặc Trị,Serum / Tinh Chất,Sức Khỏe - Làm Đẹp -> Chăm Sóc Da Mặt -> Đặc Trị -> Serum / Tinh Chất,True
P_3470,3470,Mặt Nạ JMsolution Tràm Trà Dưỡng Sáng & Làm Dịu Da 30ml,11,Mặt Nạ Giấy,2001,Mặt Nạ,Chăm Sóc Da Mặt,Mặt Nạ,Mặt Nạ Giấy,Sức Khỏe - Làm Đẹp -> Chăm Sóc Da Mặt -> Mặt Nạ -> Mặt Nạ Giấy,False
P_3475,3475,"Combo 2 Mặt Nạ Skin1004 Làm Dịu, Ngừa Mụn Từ Rau Má 25ml",11,Mặt Nạ Giấy,2001,Mặt Nạ,Chăm Sóc Da Mặt,Mặt Nạ,Mặt Nạ Giấy,Sức Khỏe - Làm Đẹp -> Chăm Sóc Da Mặt -> Mặt Nạ -> Mặt Nạ Giấy,False
P_3479,3479,Combo 2 Mặt Nạ Tẩy Tế Bào Chết Huxley Cho Da Mịn Màng Sạch Sâu 30g,19,Mặt Nạ Rửa,2001,Mặt Nạ,Chăm Sóc Da Mặt,Mặt Nạ,Mặt Nạ Rửa,Sức Khỏe - Làm Đẹp -> Chăm Sóc Da Mặt -> Mặt Nạ -> Mặt Nạ Rửa,False
P_3484,3484,"Combo Garnier Nước Tẩy Trang 400ml + Serum 30ml Cho Da Dầu, Mụn",3,Bộ Chăm Sóc Da Mặt,1001,Chăm Sóc Da Mặt,Chăm Sóc Da Mặt,Bộ Chăm Sóc Da Mặt,Bộ Chăm Sóc Da Mặt,Sức Khỏe - Làm Đẹp -> Chăm Sóc Da Mặt -> Bộ Chăm Sóc Da Mặt,False
P_3487,3487,Nước Tẩy Trang Nivea Dưỡng Sáng Da 200ml,2,Tẩy Trang Mặt,2002,Làm Sạch Da,Chăm Sóc Da Mặt,Làm Sạch Da,Tẩy Trang Mặt,Sức Khỏe - Làm Đẹp -> Chăm Sóc Da Mặt -> Làm Sạch Da -> Tẩy Trang Mặt,False
P_3489,3489,Mặt Nạ Foodaholic Bột Kim Cương Dưỡng Sáng Da 23g,11,Mặt Nạ Giấy,2001,Mặt Nạ,Chăm Sóc Da Mặt,Mặt Nạ,Mặt Nạ Giấy,Sức Khỏe - Làm Đẹp -> Chăm Sóc Da Mặt -> Mặt Nạ -> Mặt Nạ Giấy,False
P_3490,3490,Son Dưỡng Môi Có Màu Curél Cấp Ẩm Chuyên Sâu - Đỏ Rượu 4.2g,18,Son Dưỡng Môi,2006,Dưỡng Môi,Chăm Sóc Da Mặt,Dưỡng Môi,Son Dưỡng Môi,Sức Khỏe - Làm Đẹp -> Chăm Sóc Da Mặt -> Dưỡng Môi -> Son Dưỡng Môi,False
P_3493,3493,"Mặt Nạ Rainbow L’affair Dưỡng Ẩm, Làm Săn Chắc Da 25g",11,Mặt Nạ Giấy,2001,Mặt Nạ,Chăm Sóc Da Mặt,Mặt Nạ,Mặt Nạ Giấy,Sức Khỏe - Làm Đẹp -> Chăm Sóc Da Mặt -> Mặt Nạ -> Mặt Nạ Giấy,False
P_3503,3503,Combo 3 Gói Khăn Ướt Tẩy Trang EcoWipes Tinh Chất Dưa Leo 25 Tờ,2,Tẩy Trang Mặt,2002,Làm Sạch Da,Chăm Sóc Da Mặt,Làm Sạch Da,Tẩy Trang Mặt,Sức Khỏe - Làm Đẹp -> Chăm Sóc Da Mặt -> Làm Sạch Da -> Tẩy Trang Mặt,False
P_3504,3504,"Sữa Rửa Mặt CeraVe Dạng Kem Tạo Bọt Cho Da Thường, Khô 100ml",1,Sữa Rửa Mặt,2002,Làm Sạch Da,Chăm Sóc Da Mặt,Làm Sạch Da,Sữa Rửa Mặt,Sức Khỏe - Làm Đẹp -> Chăm Sóc Da Mặt -> Làm Sạch Da -> Sữa Rửa Mặt,True
P_3506,3506,"Combo 5 Mặt Nạ Emmié Cấp Ẩm Sâu, Dịu Da Từ Tảo Biển 23g",11,Mặt Nạ Giấy,2001,Mặt Nạ,Chăm Sóc Da Mặt,Mặt Nạ,Mặt Nạ Giấy,Sức Khỏe - Làm Đẹp -> Chăm Sóc Da Mặt -> Mặt Nạ -> Mặt Nạ Giấy,False
P_3507,3507,Combo 10 Mặt Nạ Colorkey B3 Dưỡng Sáng Và Nuôi Dưỡng Da Rạng Rỡ 30ml,11,Mặt Nạ Giấy,2001,Mặt Nạ,Chăm Sóc Da Mặt,Mặt Nạ,Mặt Nạ Giấy,Sức Khỏe - Làm Đẹp -> Chăm Sóc Da Mặt -> Mặt Nạ -> Mặt Nạ Giấy,False
P_3508,3508,Mặt Nạ Purederm Dưỡng Da Chiết Xuất Bơ 18g,11,Mặt Nạ Giấy,2001,Mặt Nạ,Chăm Sóc Da Mặt,Mặt Nạ,Mặt Nạ Giấy,Sức Khỏe - Làm Đẹp -> Chăm Sóc Da Mặt -> Mặt Nạ -> Mặt Nạ Giấy,False
P_3510,3510,Combo 10 Sữa Rửa Mặt Cetaphil Dịu Lành Cho Da Nhạy Cảm 59ml,1,Sữa Rửa Mặt,2002,Làm Sạch Da,Chăm Sóc Da Mặt,Làm Sạch Da,Sữa Rửa Mặt,Sức Khỏe - Làm Đẹp -> Chăm Sóc Da Mặt -> Làm Sạch Da -> Sữa Rửa Mặt,True
P_3511,3511,Combo 2 Mặt Nạ Foodaholic Vitamin C Dưỡng Sáng Da 23g,11,Mặt Nạ Giấy,2001,Mặt Nạ,Chăm Sóc Da Mặt,Mặt Nạ,Mặt Nạ Giấy,Sức Khỏe - Làm Đẹp -> Chăm Sóc Da Mặt -> Mặt Nạ -> Mặt Nạ Giấy,False
P_3523,3523,Khăn Ướt Tẩy Trang Bioderma Làm Sạch Da Nhạy Cảm 25 Miếng,2,Tẩy Trang Mặt,2002,Làm Sạch Da,Chăm Sóc Da Mặt,Làm Sạch Da,Tẩy Trang Mặt,Sức Khỏe - Làm Đẹp -> Chăm Sóc Da Mặt -> Làm Sạch Da -> Tẩy Trang Mặt,False
P_3527,3527,Mặt Nạ Derladie Hỗ Trợ Phục Hồi Da Lão Hóa 30ml,11,Mặt Nạ Giấy,2001,Mặt Nạ,Chăm Sóc Da Mặt,Mặt Nạ,Mặt Nạ Giấy,Sức Khỏe - Làm Đẹp -> Chăm Sóc Da Mặt -> Mặt Nạ -> Mặt Nạ Giấy,False
P_3530,3530,Tinh Chất Chống Nắng Nivea Vitamin C&E Dưỡng Sáng Khỏe 30ml,6,Chống Nắng Da Mặt,1001,Chăm Sóc Da Mặt,Chăm Sóc Da Mặt,Chống Nắng Da Mặt,Chống Nắng Da Mặt,Sức Khỏe - Làm Đẹp -> Chăm Sóc Da Mặt -> Chống Nắng Da Mặt,True
P_3531,3531,Combo CeraVe Sữa Rửa Mặt Cho Da Dầu 88ml + Sữa Dưỡng Ẩm Cho Da Khô 30ml,1,Sữa Rửa Mặt,2002,Làm Sạch Da,Chăm Sóc Da Mặt,Làm Sạch Da,Sữa Rửa Mặt,Sức Khỏe - Làm Đẹp -> Chăm Sóc Da Mặt -> Làm Sạch Da -> Sữa Rửa Mặt,True
P_3532,3532,"Gel Rửa Mặt Elixir Hỗ Trợ Làm Sạch Sâu, Ngừa Lão Hóa 105g",1,Sữa Rửa Mặt,2002,Làm Sạch Da,Chăm Sóc Da Mặt,Làm Sạch Da,Sữa Rửa Mặt,Sức Khỏe - Làm Đẹp -> Chăm Sóc Da Mặt -> Làm Sạch Da -> Sữa Rửa Mặt,True
P_3536,3536,"Gel Rửa Mặt Elixir Hỗ Trợ Làm Sạch, Dưỡng Ẩm 180g",1,Sữa Rửa Mặt,2002,Làm Sạch Da,Chăm Sóc Da Mặt,Làm Sạch Da,Sữa Rửa Mặt,Sức Khỏe - Làm Đẹp -> Chăm Sóc Da Mặt -> Làm Sạch Da -> Sữa Rửa Mặt,True
P_3537,3537,Combo 5 Mặt Nạ B.O.M Dưỡng Ẩm Và Dịu Da 25g,11,Mặt Nạ Giấy,2001,Mặt Nạ,Chăm Sóc Da Mặt,Mặt Nạ,Mặt Nạ Giấy,Sức Khỏe - Làm Đẹp -> Chăm Sóc Da Mặt -> Mặt Nạ -> Mặt Nạ Giấy,False
P_3538,3538,Combo 5 Mặt Nạ B.O.M Dưỡng Sáng Da 25g,11,Mặt Nạ Giấy,2001,Mặt Nạ,Chăm Sóc Da Mặt,Mặt Nạ,Mặt Nạ Giấy,Sức Khỏe - Làm Đẹp -> Chăm Sóc Da Mặt -> Mặt Nạ -> Mặt Nạ Giấy,False
P_3539,3539,Combo 5 Mặt Nạ B.O.M Hydrating Cung Cấp Độ Ẩm Cho Da 25g,11,Mặt Nạ Giấy,2001,Mặt Nạ,Chăm Sóc Da Mặt,Mặt Nạ,Mặt Nạ Giấy,Sức Khỏe - Làm Đẹp -> Chăm Sóc Da Mặt -> Mặt Nạ -> Mặt Nạ Giấy,False
P_3540,3540,Combo Son Dưỡng Môi Nivea Chuyên Sâu + Ban Đêm Lavender 4.8gx2,18,Son Dưỡng Môi,2006,Dưỡng Môi,Chăm Sóc Da Mặt,Dưỡng Môi,Son Dưỡng Môi,Sức Khỏe - Làm Đẹp -> Chăm Sóc Da Mặt -> Dưỡng Môi -> Son Dưỡng Môi,False
P_3544,3544,Combo 2 Serum L'Oreal Hyaluronic Acid Cấp Ẩm Sáng Da 15ml,9,Serum / Tinh Chất,2004,Đặc Trị,Chăm Sóc Da Mặt,Đặc Trị,Serum / Tinh Chất,Sức Khỏe - Làm Đẹp -> Chăm Sóc Da Mặt -> Đặc Trị -> Serum / Tinh Chất,True
P_3545,3545,Sữa Rửa Mặt Nivea Men Bùn Khoáng Sạch Nhờn Mát Lạnh 100g,1,Sữa Rửa Mặt,2002,Làm Sạch Da,Chăm Sóc Da Mặt,Làm Sạch Da,Sữa Rửa Mặt,Sức Khỏe - Làm Đẹp -> Chăm Sóc Da Mặt -> Làm Sạch Da -> Sữa Rửa Mặt,True
P_3548,3548,Combo Nước Xịt Khoáng Bio-essence Dưỡng Da Ẩm Mượt Mịn Màng 100ml+30ml,30,Xịt Khoáng,2003,Dưỡng Ẩm,Chăm Sóc Da Mặt,Dưỡng Ẩm,Xịt Khoáng,Sức Khỏe - Làm Đẹp -> Chăm Sóc Da Mặt -> Dưỡng Ẩm -> Xịt Khoáng,False
P_3550,3550,Mặt Nạ Foodaholic Chiết Xuất Collagen Làm Săn Chắc Da 23g,11,Mặt Nạ Giấy,2001,Mặt Nạ,Chăm Sóc Da Mặt,Mặt Nạ,Mặt Nạ Giấy,Sức Khỏe - Làm Đẹp -> Chăm Sóc Da Mặt -> Mặt Nạ -> Mặt Nạ Giấy,False
P_3551,3551,"Mặt Nạ Lebelage Dưa Leo Cấp Ẩm, Làm Mịn Da 25g",11,Mặt Nạ Giấy,2001,Mặt Nạ,Chăm Sóc Da Mặt,Mặt Nạ,Mặt Nạ Giấy,Sức Khỏe - Làm Đẹp -> Chăm Sóc Da Mặt -> Mặt Nạ -> Mặt Nạ Giấy,False
P_3557,3557,Combo 10 Mặt Nạ Banobagi Tràm Trà Giảm Mụn Đầu Đen 30g,11,Mặt Nạ Giấy,2001,Mặt Nạ,Chăm Sóc Da Mặt,Mặt Nạ,Mặt Nạ Giấy,Sức Khỏe - Làm Đẹp -> Chăm Sóc Da Mặt -> Mặt Nạ -> Mặt Nạ Giấy,False
P_3564,3564,Combo Cocoon Gel Rửa Mặt Bí Đao 310ml & Nước Tẩy Trang Bí Đao 140ml,3,Bộ Chăm Sóc Da Mặt,1001,Chăm Sóc Da Mặt,Chăm Sóc Da Mặt,Bộ Chăm Sóc Da Mặt,Bộ Chăm Sóc Da Mặt,Sức Khỏe - Làm Đẹp -> Chăm Sóc Da Mặt -> Bộ Chăm Sóc Da Mặt,False
P_3568,3568,Tinh Chất Chống Nắng Nivea Dưỡng Sáng & Kiểm Soát Dầu 30ml,6,Chống Nắng Da Mặt,1001,Chăm Sóc Da Mặt,Chăm Sóc Da Mặt,Chống Nắng Da Mặt,Chống Nắng Da Mặt,Sức Khỏe - Làm Đẹp -> Chăm Sóc Da Mặt -> Chống Nắng Da Mặt,True
P_3570,3570,Son Dưỡng Có Màu Australis Cấp Ẩm Màu #Rich 1.4g,18,Son Dưỡng Môi,2006,Dưỡng Môi,Chăm Sóc Da Mặt,Dưỡng Môi,Son Dưỡng Môi,Sức Khỏe - Làm Đẹp -> Chăm Sóc Da Mặt -> Dưỡng Môi -> Son Dưỡng Môi,False
P_3571,3571,Combo 3 Mặt Nạ Nature Republic Chiết Xuất Tràm Trà Giảm Mụn 23ml,11,Mặt Nạ Giấy,2001,Mặt Nạ,Chăm Sóc Da Mặt,Mặt Nạ,Mặt Nạ Giấy,Sức Khỏe - Làm Đẹp -> Chăm Sóc Da Mặt -> Mặt Nạ -> Mặt Nạ Giấy,False
P_3574,3574,Combo 2 Son Dưỡng Môi Vaseline Mềm Mịn 4.8g,18,Son Dưỡng Môi,2006,Dưỡng Môi,Chăm Sóc Da Mặt,Dưỡng Môi,Son Dưỡng Môi,Sức Khỏe - Làm Đẹp -> Chăm Sóc Da Mặt -> Dưỡng Môi -> Son Dưỡng Môi,False
P_3576,3576,Miếng Dán Mũi Lột Mụn Bioré Than Hoạt Tính Cho Nam (4 Miếng),25,Hỗ Trợ Trị Mụn,2004,Đặc Trị,Chăm Sóc Da Mặt,Đặc Trị,Hỗ Trợ Trị Mụn,Sức Khỏe - Làm Đẹp -> Chăm Sóc Da Mặt -> Đặc Trị -> Hỗ Trợ Trị Mụn,True
P_3591,3591,Combo L'Oreal Kem Chống Nắng X20 Mỏng Nhẹ 50ml + Kem Dưỡng Sáng Da Mờ Thâm Ban Ngày 15ml + Nước Tẩy Trang Căng Mịn Da 95ml,3,Bộ Chăm Sóc Da Mặt,1001,Chăm Sóc Da Mặt,Chăm Sóc Da Mặt,Bộ Chăm Sóc Da Mặt,Bộ Chăm Sóc Da Mặt,Sức Khỏe - Làm Đẹp -> Chăm Sóc Da Mặt -> Bộ Chăm Sóc Da Mặt,False
P_3592,3592,"Combo Garnier Sữa Rửa Mặt 100ml + Serum 30ml Cho Da Dầu, Mụn",3,Bộ Chăm Sóc Da Mặt,1001,Chăm Sóc Da Mặt,Chăm Sóc Da Mặt,Bộ Chăm Sóc Da Mặt,Bộ Chăm Sóc Da Mặt,Sức Khỏe - Làm Đẹp -> Chăm Sóc Da Mặt -> Bộ Chăm Sóc Da Mặt,False
P_3602,3602,Son Dưỡng Lipice Lip Pure Không Màu Hương Chanh Mơ 3.9g,18,Son Dưỡng Môi,2006,Dưỡng Môi,Chăm Sóc Da Mặt,Dưỡng Môi,Son Dưỡng Môi,Sức Khỏe - Làm Đẹp -> Chăm Sóc Da Mặt -> Dưỡng Môi -> Son Dưỡng Môi,False
P_3603,3603,Son Dưỡng Lipice Lip Pure Không Màu Không Mùi 3.9g,18,Son Dưỡng Môi,2006,Dưỡng Môi,Chăm Sóc Da Mặt,Dưỡng Môi,Son Dưỡng Môi,Sức Khỏe - Làm Đẹp -> Chăm Sóc Da Mặt -> Dưỡng Môi -> Son Dưỡng Môi,False
P_3604,3604,Mặt Nạ Bio-essence Tinh Chất Rau Má Phục Hồi Da 20ml,11,Mặt Nạ Giấy,2001,Mặt Nạ,Chăm Sóc Da Mặt,Mặt Nạ,Mặt Nạ Giấy,Sức Khỏe - Làm Đẹp -> Chăm Sóc Da Mặt -> Mặt Nạ -> Mặt Nạ Giấy,False
P_3605,3605,"Lotion Chấm Mụn Bye Bye Blemish Cho Mụn Trắng, Sưng Đỏ 30ml",25,Hỗ Trợ Trị Mụn,2004,Đặc Trị,Chăm Sóc Da Mặt,Đặc Trị,Hỗ Trợ Trị Mụn,Sức Khỏe - Làm Đẹp -> Chăm Sóc Da Mặt -> Đặc Trị -> Hỗ Trợ Trị Mụn,True
P_3606,3606,Lotion Chống Nắng Australis Le Tan SPF50+ Cho Da Nhạy Cảm 50ml,6,Chống Nắng Da Mặt,1001,Chăm Sóc Da Mặt,Chăm Sóc Da Mặt,Chống Nắng Da Mặt,Chống Nắng Da Mặt,Sức Khỏe - Làm Đẹp -> Chăm Sóc Da Mặt -> Chống Nắng Da Mặt,True
P_3610,3610,"Combo 10 Mặt Nạ Banobagi Bổ Sung Collagen, Mờ Nám 30g",11,Mặt Nạ Giấy,2001,Mặt Nạ,Chăm Sóc Da Mặt,Mặt Nạ,Mặt Nạ Giấy,Sức Khỏe - Làm Đẹp -> Chăm Sóc Da Mặt -> Mặt Nạ -> Mặt Nạ Giấy,False
P_3614,3614,"Mặt Nạ Foodaholic Bakuchiol Tái Tạo, Ngăn Lão Hoá Da 23ml",11,Mặt Nạ Giấy,2001,Mặt Nạ,Chăm Sóc Da Mặt,Mặt Nạ,Mặt Nạ Giấy,Sức Khỏe - Làm Đẹp -> Chăm Sóc Da Mặt -> Mặt Nạ -> Mặt Nạ Giấy,False
P_3617,3617,Gel Rửa Mặt Ngăn Ngừa Mụn Acnes 100g,1,Sữa Rửa Mặt,2002,Làm Sạch Da,Chăm Sóc Da Mặt,Làm Sạch Da,Sữa Rửa Mặt,Sức Khỏe - Làm Đẹp -> Chăm Sóc Da Mặt -> Làm Sạch Da -> Sữa Rửa Mặt,True
P_3625,3625,Gel Chống Nắng Sunplay Skin Aqua Cho Da Nhạy Cảm 25g,6,Chống Nắng Da Mặt,1001,Chăm Sóc Da Mặt,Chăm Sóc Da Mặt,Chống Nắng Da Mặt,Chống Nắng Da Mặt,Sức Khỏe - Làm Đẹp -> Chăm Sóc Da Mặt -> Chống Nắng Da Mặt,True
P_3628,3628,Son Dưỡng Judydoll Có Màu Cấp Ẩm - 05 Trà Chanh 3g,18,Son Dưỡng Môi,2006,Dưỡng Môi,Chăm Sóc Da Mặt,Dưỡng Môi,Son Dưỡng Môi,Sức Khỏe - Làm Đẹp -> Chăm Sóc Da Mặt -> Dưỡng Môi -> Son Dưỡng Môi,False
P_3631,3631,Mặt Nạ Rainbow L’affair Mật Ong Dưỡng Ẩm Da 25g,11,Mặt Nạ Giấy,2001,Mặt Nạ,Chăm Sóc Da Mặt,Mặt Nạ,Mặt Nạ Giấy,Sức Khỏe - Làm Đẹp -> Chăm Sóc Da Mặt -> Mặt Nạ -> Mặt Nạ Giấy,False
P_3632,3632,Combo Senka Nước Tẩy Trang Kiểm Soát Nhờn 230ml + Sữa Rửa Mặt Tơ Tằm Trắng 120g,3,Bộ Chăm Sóc Da Mặt,1001,Chăm Sóc Da Mặt,Chăm Sóc Da Mặt,Bộ Chăm Sóc Da Mặt,Bộ Chăm Sóc Da Mặt,Sức Khỏe - Làm Đẹp -> Chăm Sóc Da Mặt -> Bộ Chăm Sóc Da Mặt,False
P_3636,3636,Hộp 5 Mặt Nạ Cell Fusion C Rau Má Giảm Mụn Dịu Da 27g,11,Mặt Nạ Giấy,2001,Mặt Nạ,Chăm Sóc Da Mặt,Mặt Nạ,Mặt Nạ Giấy,Sức Khỏe - Làm Đẹp -> Chăm Sóc Da Mặt -> Mặt Nạ -> Mặt Nạ Giấy,False
P_3651,3651,Combo 5 Mặt Nạ Đen Sexylook Hoa Cúc Giảm Mụn Sáng Da 28ml,11,Mặt Nạ Giấy,2001,Mặt Nạ,Chăm Sóc Da Mặt,Mặt Nạ,Mặt Nạ Giấy,Sức Khỏe - Làm Đẹp -> Chăm Sóc Da Mặt -> Mặt Nạ -> Mặt Nạ Giấy,False
P_3652,3652,Combo 10 Mặt Nạ Banobagi Ngừa Lão Hóa & Tăng Độ Đàn Hồi 30g,11,Mặt Nạ Giấy,2001,Mặt Nạ,Chăm Sóc Da Mặt,Mặt Nạ,Mặt Nạ Giấy,Sức Khỏe - Làm Đẹp -> Chăm Sóc Da Mặt -> Mặt Nạ -> Mặt Nạ Giấy,False
P_3658,3658,Sữa Rửa Mặt Bio-essence AHA-BHA Tẩy Da Chết Dịu Nhẹ 100g,1,Sữa Rửa Mặt,2002,Làm Sạch Da,Chăm Sóc Da Mặt,Làm Sạch Da,Sữa Rửa Mặt,Sức Khỏe - Làm Đẹp -> Chăm Sóc Da Mặt -> Làm Sạch Da -> Sữa Rửa Mặt,True
P_3659,3659,Mặt Nạ Foodaholic Chiết Xuất Ngọc Trai Dưỡng Ẩm Da 23g,11,Mặt Nạ Giấy,2001,Mặt Nạ,Chăm Sóc Da Mặt,Mặt Nạ,Mặt Nạ Giấy,Sức Khỏe - Làm Đẹp -> Chăm Sóc Da Mặt -> Mặt Nạ -> Mặt Nạ Giấy,False
P_3661,3661,Mặt Nạ Avander Đất Sét Bùn Non Se Khít Lỗ Chân Lông 15ml,19,Mặt Nạ Rửa,2001,Mặt Nạ,Chăm Sóc Da Mặt,Mặt Nạ,Mặt Nạ Rửa,Sức Khỏe - Làm Đẹp -> Chăm Sóc Da Mặt -> Mặt Nạ -> Mặt Nạ Rửa,False
P_3671,3671,"Mặt Nạ Lebelage Collagen Săn Chắc Da, Ngừa Nếp Nhăn 25g",11,Mặt Nạ Giấy,2001,Mặt Nạ,Chăm Sóc Da Mặt,Mặt Nạ,Mặt Nạ Giấy,Sức Khỏe - Làm Đẹp -> Chăm Sóc Da Mặt -> Mặt Nạ -> Mặt Nạ Giấy,False
P_3673,3673,Kem Rửa Mặt Acnes Giúp Ngừa Mụn 50g,1,Sữa Rửa Mặt,2002,Làm Sạch Da,Chăm Sóc Da Mặt,Làm Sạch Da,Sữa Rửa Mặt,Sức Khỏe - Làm Đẹp -> Chăm Sóc Da Mặt -> Làm Sạch Da -> Sữa Rửa Mặt,True
P_3675,3675,"Mặt Nạ Gookin Tràm Trà Phục Hồi, Dịu Da Nhạy Cảm 30ml",11,Mặt Nạ Giấy,2001,Mặt Nạ,Chăm Sóc Da Mặt,Mặt Nạ,Mặt Nạ Giấy,Sức Khỏe - Làm Đẹp -> Chăm Sóc Da Mặt -> Mặt Nạ -> Mặt Nạ Giấy,False
P_3679,3679,"Combo 10 Mặt Nạ Foodaholic T.X.A Mờ Thâm Đỏ, Sạm Nám 23ml",11,Mặt Nạ Giấy,2001,Mặt Nạ,Chăm Sóc Da Mặt,Mặt Nạ,Mặt Nạ Giấy,Sức Khỏe - Làm Đẹp -> Chăm Sóc Da Mặt -> Mặt Nạ -> Mặt Nạ Giấy,False
P_3680,3680,"Combo 10 Mặt Nạ Foodaholic Ceramide Làm Dịu, Phục Hồi Da Mụn 23ml",11,Mặt Nạ Giấy,2001,Mặt Nạ,Chăm Sóc Da Mặt,Mặt Nạ,Mặt Nạ Giấy,Sức Khỏe - Làm Đẹp -> Chăm Sóc Da Mặt -> Mặt Nạ -> Mặt Nạ Giấy,False
P_3683,3683,Mặt Nạ Senka Dưỡng Sáng Dịu Mát 21g (Mới),11,Mặt Nạ Giấy,2001,Mặt Nạ,Chăm Sóc Da Mặt,Mặt Nạ,Mặt Nạ Giấy,Sức Khỏe - Làm Đẹp -> Chăm Sóc Da Mặt -> Mặt Nạ -> Mặt Nạ Giấy,False
P_3688,3688,Serum Chống Nắng Sunplay Ngừa Sạm Nám Dạng Tinh Chất 50g,6,Chống Nắng Da Mặt,1001,Chăm Sóc Da Mặt,Chăm Sóc Da Mặt,Chống Nắng Da Mặt,Chống Nắng Da Mặt,Sức Khỏe - Làm Đẹp -> Chăm Sóc Da Mặt -> Chống Nắng Da Mặt,True
P_3694,3694,"Mặt Nạ Lebelage Lô Hội Dưỡng Da Mịn Màng, Rạng Rỡ 25g",11,Mặt Nạ Giấy,2001,Mặt Nạ,Chăm Sóc Da Mặt,Mặt Nạ,Mặt Nạ Giấy,Sức Khỏe - Làm Đẹp -> Chăm Sóc Da Mặt -> Mặt Nạ -> Mặt Nạ Giấy,False
P_3697,3697,"Nước Tẩy Trang Evoluderm Cho Da Hỗn Hợp, Dầu Mụn 250ml",2,Tẩy Trang Mặt,2002,Làm Sạch Da,Chăm Sóc Da Mặt,Làm Sạch Da,Tẩy Trang Mặt,Sức Khỏe - Làm Đẹp -> Chăm Sóc Da Mặt -> Làm Sạch Da -> Tẩy Trang Mặt,False
P_3698,3698,Tẩy Tế Bào Chết Evoluderm Mềm Mịn Da Chiết Xuất Đào 150g,17,Tẩy Tế Bào Chết Da Mặt,2002,Làm Sạch Da,Chăm Sóc Da Mặt,Làm Sạch Da,Tẩy Tế Bào Chết Da Mặt,Sức Khỏe - Làm Đẹp -> Chăm Sóc Da Mặt -> Làm Sạch Da -> Tẩy Tế Bào Chết Da Mặt,False
P_3699,3699,Combo Nước Tẩy Trang Garnier Cho Da Nhạy Cảm 400ml + Cho Da Dầu Và Mụn 50ml,2,Tẩy Trang Mặt,2002,Làm Sạch Da,Chăm Sóc Da Mặt,Làm Sạch Da,Tẩy Trang Mặt,Sức Khỏe - Làm Đẹp -> Chăm Sóc Da Mặt -> Làm Sạch Da -> Tẩy Trang Mặt,False
P_3700,3700,Mặt Nạ Nature Republic Chiết Xuất Tràm Trà Giảm Mụn 23ml,11,Mặt Nạ Giấy,2001,Mặt Nạ,Chăm Sóc Da Mặt,Mặt Nạ,Mặt Nạ Giấy,Sức Khỏe - Làm Đẹp -> Chăm Sóc Da Mặt -> Mặt Nạ -> Mặt Nạ Giấy,False
P_3708,3708,Combo Cetaphil Sữa Rửa Mặt 125ml + Kem Dưỡng Ẩm 50g Dịu Lành Cho Da Nhạy Cảm,1,Sữa Rửa Mặt,2002,Làm Sạch Da,Chăm Sóc Da Mặt,Làm Sạch Da,Sữa Rửa Mặt,Sức Khỏe - Làm Đẹp -> Chăm Sóc Da Mặt -> Làm Sạch Da -> Sữa Rửa Mặt,True
P_3709,3709,Bộ Sản Phẩm Hada Labo Dưỡng Sáng Da 3 Món,3,Bộ Chăm Sóc Da Mặt,1001,Chăm Sóc Da Mặt,Chăm Sóc Da Mặt,Bộ Chăm Sóc Da Mặt,Bộ Chăm Sóc Da Mặt,Sức Khỏe - Làm Đẹp -> Chăm Sóc Da Mặt -> Bộ Chăm Sóc Da Mặt,False
P_3711,3711,Combo Garnier Serum Chống Nắng 12H Kiềm Dầu 30ml + Nước Tẩy Trang Cho Da Dầu Mụn 50ml,3,Bộ Chăm Sóc Da Mặt,1001,Chăm Sóc Da Mặt,Chăm Sóc Da Mặt,Bộ Chăm Sóc Da Mặt,Bộ Chăm Sóc Da Mặt,Sức Khỏe - Làm Đẹp -> Chăm Sóc Da Mặt -> Bộ Chăm Sóc Da Mặt,False
P_3712,3712,"Serum Shimbi Method Dưỡng Sáng, Se Khít Lỗ Chân Lông 30ml",9,Serum / Tinh Chất,2004,Đặc Trị,Chăm Sóc Da Mặt,Đặc Trị,Serum / Tinh Chất,Sức Khỏe - Làm Đẹp -> Chăm Sóc Da Mặt -> Đặc Trị -> Serum / Tinh Chất,True
P_3713,3713,Son Dưỡng LipIce Không Màu Chuyển Kem Mịn Không Hương 4.3g,18,Son Dưỡng Môi,2006,Dưỡng Môi,Chăm Sóc Da Mặt,Dưỡng Môi,Son Dưỡng Môi,Sức Khỏe - Làm Đẹp -> Chăm Sóc Da Mặt -> Dưỡng Môi -> Son Dưỡng Môi,False
P_3717,3717,Son Dưỡng LipIce Không Màu Chuyển Kem Mịn Hương Táo 4.3g,18,Son Dưỡng Môi,2006,Dưỡng Môi,Chăm Sóc Da Mặt,Dưỡng Môi,Son Dưỡng Môi,Sức Khỏe - Làm Đẹp -> Chăm Sóc Da Mặt -> Dưỡng Môi -> Son Dưỡng Môi,False
P_3718,3718,Combo CeraVe Sữa Rửa Mặt Cho Da Khô 88ml + Sữa Dưỡng Ẩm Cho Da Khô 30ml,1,Sữa Rửa Mặt,2002,Làm Sạch Da,Chăm Sóc Da Mặt,Làm Sạch Da,Sữa Rửa Mặt,Sức Khỏe - Làm Đẹp -> Chăm Sóc Da Mặt -> Làm Sạch Da -> Sữa Rửa Mặt,True
P_3719,3719,Gel Dưỡng Ẩm Bioderma Làm Dịu Cho Da Rất Khô 75ml,7,Kem / Gel / Dầu Dưỡng,2003,Dưỡng Ẩm,Chăm Sóc Da Mặt,Dưỡng Ẩm,Kem / Gel / Dầu Dưỡng,Sức Khỏe - Làm Đẹp -> Chăm Sóc Da Mặt -> Dưỡng Ẩm -> Kem / Gel / Dầu Dưỡng,True
P_3723,3723,Mặt Nạ Avander Chiết Xuất Ngọc Trai Dưỡng Sáng Da 25g,11,Mặt Nạ Giấy,2001,Mặt Nạ,Chăm Sóc Da Mặt,Mặt Nạ,Mặt Nạ Giấy,Sức Khỏe - Làm Đẹp -> Chăm Sóc Da Mặt -> Mặt Nạ -> Mặt Nạ Giấy,False
P_3724,3724,"Mặt Nạ JMsolution Lanolin Dưỡng Da Đều Màu, Rạng Rỡ 30ml",11,Mặt Nạ Giấy,2001,Mặt Nạ,Chăm Sóc Da Mặt,Mặt Nạ,Mặt Nạ Giấy,Sức Khỏe - Làm Đẹp -> Chăm Sóc Da Mặt -> Mặt Nạ -> Mặt Nạ Giấy,False
P_3727,3727,Combo 3 Mặt Nạ L'Oreal Dưỡng Chất Căng Mướt Da 25g,11,Mặt Nạ Giấy,2001,Mặt Nạ,Chăm Sóc Da Mặt,Mặt Nạ,Mặt Nạ Giấy,Sức Khỏe - Làm Đẹp -> Chăm Sóc Da Mặt -> Mặt Nạ -> Mặt Nạ Giấy,False
P_3729,3729,Combo 2 Serum Chống Nắng Garnier 12H Kiềm Dầu & Hỗ Trợ Giảm Mụn 30ml,6,Chống Nắng Da Mặt,1001,Chăm Sóc Da Mặt,Chăm Sóc Da Mặt,Chống Nắng Da Mặt,Chống Nắng Da Mặt,Sức Khỏe - Làm Đẹp -> Chăm Sóc Da Mặt -> Chống Nắng Da Mặt,True
P_3735,3735,Mặt Nạ Nature Republic Chiết Xuất Trà Xanh Săn Chắc Da 23ml,11,Mặt Nạ Giấy,2001,Mặt Nạ,Chăm Sóc Da Mặt,Mặt Nạ,Mặt Nạ Giấy,Sức Khỏe - Làm Đẹp -> Chăm Sóc Da Mặt -> Mặt Nạ -> Mặt Nạ Giấy,False
P_3739,3739,Mặt Nạ Môi Baby Bright Chiết Xuất Cà Chua & Glutathione 10g,29,Mặt Nạ Môi,2006,Dưỡng Môi,Chăm Sóc Da Mặt,Dưỡng Môi,Mặt Nạ Môi,Sức Khỏe - Làm Đẹp -> Chăm Sóc Da Mặt -> Dưỡng Môi -> Mặt Nạ Môi,False
P_3743,3743,Combo Kem Chống Nắng Dermablock Phổ Rộng Mỏng Nhẹ Vô Hình 35ml + Sữa Rửa Mặt Tia'm Ốc Sên 200ml,3,Bộ Chăm Sóc Da Mặt,1001,Chăm Sóc Da Mặt,Chăm Sóc Da Mặt,Bộ Chăm Sóc Da Mặt,Bộ Chăm Sóc Da Mặt,Sức Khỏe - Làm Đẹp -> Chăm Sóc Da Mặt -> Bộ Chăm Sóc Da Mặt,False
P_3745,3745,"Mặt Nạ innisfree Cấp Nước, Dịu Da Từ Trà Xanh 22ml (Mới)",11,Mặt Nạ Giấy,2001,Mặt Nạ,Chăm Sóc Da Mặt,Mặt Nạ,Mặt Nạ Giấy,Sức Khỏe - Làm Đẹp -> Chăm Sóc Da Mặt -> Mặt Nạ -> Mặt Nạ Giấy,False
P_3746,3746,"Combo 2 Son Dưỡng LipIce Hương Trà Sữa, Màu Hồng Cam Đất + Hương Trà Dâu - Màu Đỏ Cam 2.4g",18,Son Dưỡng Môi,2006,Dưỡng Môi,Chăm Sóc Da Mặt,Dưỡng Môi,Son Dưỡng Môi,Sức Khỏe - Làm Đẹp -> Chăm Sóc Da Mặt -> Dưỡng Môi -> Son Dưỡng Môi,False
P_3747,3747,Combo 2 Son Dưỡng LipIce Matcha Hương Trà Xanh - Hồng Tự Nhiên + Hương Trà Dâu - Màu Đỏ Cam 2.4g,18,Son Dưỡng Môi,2006,Dưỡng Môi,Chăm Sóc Da Mặt,Dưỡng Môi,Son Dưỡng Môi,Sức Khỏe - Làm Đẹp -> Chăm Sóc Da Mặt -> Dưỡng Môi -> Son Dưỡng Môi,False
P_3754,3754,Mặt Nạ Bio-essence Tảo Biển Jeju Dưỡng Da Ẩm Mượt 20ml,11,Mặt Nạ Giấy,2001,Mặt Nạ,Chăm Sóc Da Mặt,Mặt Nạ,Mặt Nạ Giấy,Sức Khỏe - Làm Đẹp -> Chăm Sóc Da Mặt -> Mặt Nạ -> Mặt Nạ Giấy,False
P_3760,3760,Combo Cocoon Nước Cân Bằng 140ml + Mặt Nạ Từ Nghệ Hưng Yên 30ml,3,Bộ Chăm Sóc Da Mặt,1001,Chăm Sóc Da Mặt,Chăm Sóc Da Mặt,Bộ Chăm Sóc Da Mặt,Bộ Chăm Sóc Da Mặt,Sức Khỏe - Làm Đẹp -> Chăm Sóc Da Mặt -> Bộ Chăm Sóc Da Mặt,False
P_3761,3761,"Combo 5 Mặt Nạ Foodaholic Vitamin E Cấp Ẩm, Phục Hồi Da 23g",11,Mặt Nạ Giấy,2001,Mặt Nạ,Chăm Sóc Da Mặt,Mặt Nạ,Mặt Nạ Giấy,Sức Khỏe - Làm Đẹp -> Chăm Sóc Da Mặt -> Mặt Nạ -> Mặt Nạ Giấy,False
P_3762,3762,"Mặt Nạ Lebelage Ngọc Trai Cấp Ẩm, Dưỡng Sáng Da 25g",11,Mặt Nạ Giấy,2001,Mặt Nạ,Chăm Sóc Da Mặt,Mặt Nạ,Mặt Nạ Giấy,Sức Khỏe - Làm Đẹp -> Chăm Sóc Da Mặt -> Mặt Nạ -> Mặt Nạ Giấy,False
P_3766,3766,"Gel Rửa Mặt OXY Ngừa Mụn, Da Sáng Khoẻ 100g",1,Sữa Rửa Mặt,2002,Làm Sạch Da,Chăm Sóc Da Mặt,Làm Sạch Da,Sữa Rửa Mặt,Sức Khỏe - Làm Đẹp -> Chăm Sóc Da Mặt -> Làm Sạch Da -> Sữa Rửa Mặt,True
P_3767,3767,Gel Rửa Mặt OXY 3X Cấp Ẩm Chuyên Sâu 100g,1,Sữa Rửa Mặt,2002,Làm Sạch Da,Chăm Sóc Da Mặt,Làm Sạch Da,Sữa Rửa Mặt,Sức Khỏe - Làm Đẹp -> Chăm Sóc Da Mặt -> Làm Sạch Da -> Sữa Rửa Mặt,True
P_3772,3772,Combo 2 Sữa Chống Nắng Sunplay Hiệu Chỉnh Sắc Da 50g (Tím),6,Chống Nắng Da Mặt,1001,Chăm Sóc Da Mặt,Chăm Sóc Da Mặt,Chống Nắng Da Mặt,Chống Nắng Da Mặt,Sức Khỏe - Làm Đẹp -> Chăm Sóc Da Mặt -> Chống Nắng Da Mặt,True
P_3774,3774,Nước Cân Bằng The Lab Làm Dịu Da Thuần Chay 200ml,4,Toner / Nước Cân Bằng Da,2002,Làm Sạch Da,Chăm Sóc Da Mặt,Làm Sạch Da,Toner / Nước Cân Bằng Da,Sức Khỏe - Làm Đẹp -> Chăm Sóc Da Mặt -> Làm Sạch Da -> Toner / Nước Cân Bằng Da,False
P_3775,3775,Mặt Nạ Derladie Hỗ Trợ Phục Hồi Da Xỉn Màu 30ml,11,Mặt Nạ Giấy,2001,Mặt Nạ,Chăm Sóc Da Mặt,Mặt Nạ,Mặt Nạ Giấy,Sức Khỏe - Làm Đẹp -> Chăm Sóc Da Mặt -> Mặt Nạ -> Mặt Nạ Giấy,False
P_3776,3776,Mặt Nạ B.O.M Hydrating Cung Cấp Độ Ẩm Cho Da 25g,11,Mặt Nạ Giấy,2001,Mặt Nạ,Chăm Sóc Da Mặt,Mặt Nạ,Mặt Nạ Giấy,Sức Khỏe - Làm Đẹp -> Chăm Sóc Da Mặt -> Mặt Nạ -> Mặt Nạ Giấy,False
P_3779,3779,Kem Chống Nắng Clinicos Nâng Tông Tự Nhiên 50ml,6,Chống Nắng Da Mặt,1001,Chăm Sóc Da Mặt,Chăm Sóc Da Mặt,Chống Nắng Da Mặt,Chống Nắng Da Mặt,Sức Khỏe - Làm Đẹp -> Chăm Sóc Da Mặt -> Chống Nắng Da Mặt,True
P_3780,3780,Kem Rửa Mặt & Mặt Nạ Acnes Ngăn Ngừa Mụn Đầu Đen 100g,1,Sữa Rửa Mặt,2002,Làm Sạch Da,Chăm Sóc Da Mặt,Làm Sạch Da,Sữa Rửa Mặt,Sức Khỏe - Làm Đẹp -> Chăm Sóc Da Mặt -> Làm Sạch Da -> Sữa Rửa Mặt,True
P_3783,3783,Combo 10 Mặt Nạ Foodaholic Chiết Xuất Ngọc Trai Dưỡng Ẩm Da 23g,11,Mặt Nạ Giấy,2001,Mặt Nạ,Chăm Sóc Da Mặt,Mặt Nạ,Mặt Nạ Giấy,Sức Khỏe - Làm Đẹp -> Chăm Sóc Da Mặt -> Mặt Nạ -> Mặt Nạ Giấy,False
P_3786,3786,Dung Dịch Tẩy Trang Acnes Cho Da Mụn 200ml,2,Tẩy Trang Mặt,2002,Làm Sạch Da,Chăm Sóc Da Mặt,Làm Sạch Da,Tẩy Trang Mặt,Sức Khỏe - Làm Đẹp -> Chăm Sóc Da Mặt -> Làm Sạch Da -> Tẩy Trang Mặt,False
P_3790,3790,Combo 2 Son Dưỡng LipIce Hiệu Chỉnh Sắc Môi - Cam Đào + Đỏ Mọng 2.4g,18,Son Dưỡng Môi,2006,Dưỡng Môi,Chăm Sóc Da Mặt,Dưỡng Môi,Son Dưỡng Môi,Sức Khỏe - Làm Đẹp -> Chăm Sóc Da Mặt -> Dưỡng Môi -> Son Dưỡng Môi,False
P_3793,3793,"Combo Garnier Serum Giảm Mụn Mờ Thâm Cho Da Dầu, Mụn 30ml + Nước Tẩy Trang Cho Da Dầu, Mụn 50ml",3,Bộ Chăm Sóc Da Mặt,1001,Chăm Sóc Da Mặt,Chăm Sóc Da Mặt,Bộ Chăm Sóc Da Mặt,Bộ Chăm Sóc Da Mặt,Sức Khỏe - Làm Đẹp -> Chăm Sóc Da Mặt -> Bộ Chăm Sóc Da Mặt,False
P_3795,3795,Kem Chống Nắng Nivea Dạng Sữa Trong Suốt Mỏng Nhẹ SPF50+ 40ml,6,Chống Nắng Da Mặt,1001,Chăm Sóc Da Mặt,Chăm Sóc Da Mặt,Chống Nắng Da Mặt,Chống Nắng Da Mặt,Sức Khỏe - Làm Đẹp -> Chăm Sóc Da Mặt -> Chống Nắng Da Mặt,True
P_3797,3797,Combo 10 Mặt Nạ Colorkey B3 Dưỡng Sáng Và Tăng Độ Đàn Hồi 30ml,11,Mặt Nạ Giấy,2001,Mặt Nạ,Chăm Sóc Da Mặt,Mặt Nạ,Mặt Nạ Giấy,Sức Khỏe - Làm Đẹp -> Chăm Sóc Da Mặt -> Mặt Nạ -> Mặt Nạ Giấy,False
P_3798,3798,"Mặt Nạ Dưỡng Da Some By Mi Lô Hội Dưỡng Ẩm, Làm Dịu Da 20g",11,Mặt Nạ Giấy,2001,Mặt Nạ,Chăm Sóc Da Mặt,Mặt Nạ,Mặt Nạ Giấy,Sức Khỏe - Làm Đẹp -> Chăm Sóc Da Mặt -> Mặt Nạ -> Mặt Nạ Giấy,False
P_3806,3806,Son Dưỡng Ma:nyo Giàu Độ Ẩm Từ Dưa Hấu Và Trái Cây 4ml,18,Son Dưỡng Môi,2006,Dưỡng Môi,Chăm Sóc Da Mặt,Dưỡng Môi,Son Dưỡng Môi,Sức Khỏe - Làm Đẹp -> Chăm Sóc Da Mặt -> Dưỡng Môi -> Son Dưỡng Môi,False
P_3808,3808,"Mặt Nạ Lebelage Ốc Sên Dưỡng Ẩm Da, Tăng Độ Đàn Hồi 25g",11,Mặt Nạ Giấy,2001,Mặt Nạ,Chăm Sóc Da Mặt,Mặt Nạ,Mặt Nạ Giấy,Sức Khỏe - Làm Đẹp -> Chăm Sóc Da Mặt -> Mặt Nạ -> Mặt Nạ Giấy,False
P_3810,3810,Son Dưỡng Lipice Lip Pure Không Màu Hương Cam Tây 3.9g,18,Son Dưỡng Môi,2006,Dưỡng Môi,Chăm Sóc Da Mặt,Dưỡng Môi,Son Dưỡng Môi,Sức Khỏe - Làm Đẹp -> Chăm Sóc Da Mặt -> Dưỡng Môi -> Son Dưỡng Môi,False
P_3814,3814,Mặt Nạ Emmié Microfiber Dừa Cấp Ẩm Da 28g,11,Mặt Nạ Giấy,2001,Mặt Nạ,Chăm Sóc Da Mặt,Mặt Nạ,Mặt Nạ Giấy,Sức Khỏe - Làm Đẹp -> Chăm Sóc Da Mặt -> Mặt Nạ -> Mặt Nạ Giấy,False
P_3815,3815,Combo 5 Mặt Nạ Emmié Microfiber Cầu Sung Dừa Đủ Xoài 28g,11,Mặt Nạ Giấy,2001,Mặt Nạ,Chăm Sóc Da Mặt,Mặt Nạ,Mặt Nạ Giấy,Sức Khỏe - Làm Đẹp -> Chăm Sóc Da Mặt -> Mặt Nạ -> Mặt Nạ Giấy,False
P_3816,3816,Mặt Nạ Mediheal Hỗ Trợ Dưỡng Da Sáng Mịn & Đều Màu 20ml,11,Mặt Nạ Giấy,2001,Mặt Nạ,Chăm Sóc Da Mặt,Mặt Nạ,Mặt Nạ Giấy,Sức Khỏe - Làm Đẹp -> Chăm Sóc Da Mặt -> Mặt Nạ -> Mặt Nạ Giấy,False
P_3819,3819,Mặt Nạ Nature Republic Chiết Xuất Hoa Hồng Cấp Ẩm Da 23ml,11,Mặt Nạ Giấy,2001,Mặt Nạ,Chăm Sóc Da Mặt,Mặt Nạ,Mặt Nạ Giấy,Sức Khỏe - Làm Đẹp -> Chăm Sóc Da Mặt -> Mặt Nạ -> Mặt Nạ Giấy,False
P_3821,3821,"Dầu Tẩy Trang Celimax Sạch Sâu, Giảm Mụn Đầu Đen 150ml",2,Tẩy Trang Mặt,2002,Làm Sạch Da,Chăm Sóc Da Mặt,Làm Sạch Da,Tẩy Trang Mặt,Sức Khỏe - Làm Đẹp -> Chăm Sóc Da Mặt -> Làm Sạch Da -> Tẩy Trang Mặt,False
P_3823,3823,Combo 5 Mặt Nạ B.O.M Làm Dịu Và Dưỡng Da Mềm Mại 25g,11,Mặt Nạ Giấy,2001,Mặt Nạ,Chăm Sóc Da Mặt,Mặt Nạ,Mặt Nạ Giấy,Sức Khỏe - Làm Đẹp -> Chăm Sóc Da Mặt -> Mặt Nạ -> Mặt Nạ Giấy,False
P_3830,3830,"Mặt Nạ Foodaholic Chiết Xuất Tổ Yến Cấp Nước, Nâng Cơ 23g",11,Mặt Nạ Giấy,2001,Mặt Nạ,Chăm Sóc Da Mặt,Mặt Nạ,Mặt Nạ Giấy,Sức Khỏe - Làm Đẹp -> Chăm Sóc Da Mặt -> Mặt Nạ -> Mặt Nạ Giấy,False
P_3833,3833,Mặt Nạ Derladie Hỗ Trợ Phục Hồi Hàng Rào Bảo Vệ Da 30ml,11,Mặt Nạ Giấy,2001,Mặt Nạ,Chăm Sóc Da Mặt,Mặt Nạ,Mặt Nạ Giấy,Sức Khỏe - Làm Đẹp -> Chăm Sóc Da Mặt -> Mặt Nạ -> Mặt Nạ Giấy,False
P_3837,3837,"Mặt Nạ Foodaholic Acid Tẩy Tế Bào Chết, Giảm Mụn 23ml",11,Mặt Nạ Giấy,2001,Mặt Nạ,Chăm Sóc Da Mặt,Mặt Nạ,Mặt Nạ Giấy,Sức Khỏe - Làm Đẹp -> Chăm Sóc Da Mặt -> Mặt Nạ -> Mặt Nạ Giấy,False
P_3838,3838,Combo 3 Miếng Dán Mũi Lột Mụn Bioré Than Hoạt Tính (4 Miếng),25,Hỗ Trợ Trị Mụn,2004,Đặc Trị,Chăm Sóc Da Mặt,Đặc Trị,Hỗ Trợ Trị Mụn,Sức Khỏe - Làm Đẹp -> Chăm Sóc Da Mặt -> Đặc Trị -> Hỗ Trợ Trị Mụn,True
P_3839,3839,Combo 2 Son Dưỡng Môi Vaseline Hồng Xinh 4.8g,18,Son Dưỡng Môi,2006,Dưỡng Môi,Chăm Sóc Da Mặt,Dưỡng Môi,Son Dưỡng Môi,Sức Khỏe - Làm Đẹp -> Chăm Sóc Da Mặt -> Dưỡng Môi -> Son Dưỡng Môi,False
P_3843,3843,"Mặt Nạ Celefit Collagen Hỗ Trợ Đàn Hồi, Săn Chắc Da 25g",11,Mặt Nạ Giấy,2001,Mặt Nạ,Chăm Sóc Da Mặt,Mặt Nạ,Mặt Nạ Giấy,Sức Khỏe - Làm Đẹp -> Chăm Sóc Da Mặt -> Mặt Nạ -> Mặt Nạ Giấy,False
P_3844,3844,"Mặt Nạ innisfree Cấp Nước, Dịu Da Từ Trà Xanh 22ml (Deal)",11,Mặt Nạ Giấy,2001,Mặt Nạ,Chăm Sóc Da Mặt,Mặt Nạ,Mặt Nạ Giấy,Sức Khỏe - Làm Đẹp -> Chăm Sóc Da Mặt -> Mặt Nạ -> Mặt Nạ Giấy,False
P_3850,3850,Gel Rửa Mặt Hada Labo Dưỡng Ẩm Cho Da Nhạy Cảm 80g,1,Sữa Rửa Mặt,2002,Làm Sạch Da,Chăm Sóc Da Mặt,Làm Sạch Da,Sữa Rửa Mặt,Sức Khỏe - Làm Đẹp -> Chăm Sóc Da Mặt -> Làm Sạch Da -> Sữa Rửa Mặt,True
P_3852,3852,Mặt Nạ Nature Republic Chiết Xuất Lô Hội Làm Dịu Da 23ml,11,Mặt Nạ Giấy,2001,Mặt Nạ,Chăm Sóc Da Mặt,Mặt Nạ,Mặt Nạ Giấy,Sức Khỏe - Làm Đẹp -> Chăm Sóc Da Mặt -> Mặt Nạ -> Mặt Nạ Giấy,False
P_3857,3857,Combo 10 Mặt Nạ Colorkey B3 Dưỡng Sáng Và Phục Hồi Da 30ml,11,Mặt Nạ Giấy,2001,Mặt Nạ,Chăm Sóc Da Mặt,Mặt Nạ,Mặt Nạ Giấy,Sức Khỏe - Làm Đẹp -> Chăm Sóc Da Mặt -> Mặt Nạ -> Mặt Nạ Giấy,False
P_3858,3858,Combo Azderma Sữa Rửa Mặt Dạng Gel Cho Da Dầu Mụn 60ml + Gel Dưỡng Giảm Mụn 15g,3,Bộ Chăm Sóc Da Mặt,1001,Chăm Sóc Da Mặt,Chăm Sóc Da Mặt,Bộ Chăm Sóc Da Mặt,Bộ Chăm Sóc Da Mặt,Sức Khỏe - Làm Đẹp -> Chăm Sóc Da Mặt -> Bộ Chăm Sóc Da Mặt,False
P_3859,3859,Mặt Nạ Avander Đất Sét Trắng Se Khít Lỗ Chân Lông 15ml,19,Mặt Nạ Rửa,2001,Mặt Nạ,Chăm Sóc Da Mặt,Mặt Nạ,Mặt Nạ Rửa,Sức Khỏe - Làm Đẹp -> Chăm Sóc Da Mặt -> Mặt Nạ -> Mặt Nạ Rửa,False
P_3860,3860,"Mặt Nạ Lebelage Than Tre Sạch Sâu, Se Khít Lỗ Chân Lông 25g",11,Mặt Nạ Giấy,2001,Mặt Nạ,Chăm Sóc Da Mặt,Mặt Nạ,Mặt Nạ Giấy,Sức Khỏe - Làm Đẹp -> Chăm Sóc Da Mặt -> Mặt Nạ -> Mặt Nạ Giấy,False
P_3863,3863,"Mặt Nạ Lebelage Hồng Sâm Dưỡng Mịn Màng, Se Lỗ Chân Lông 25g",11,Mặt Nạ Giấy,2001,Mặt Nạ,Chăm Sóc Da Mặt,Mặt Nạ,Mặt Nạ Giấy,Sức Khỏe - Làm Đẹp -> Chăm Sóc Da Mặt -> Mặt Nạ -> Mặt Nạ Giấy,False
P_3872,3872,Son Dưỡng LipIce Không Màu Chuyển Kem Mịn Hương Dâu 4.3g,18,Son Dưỡng Môi,2006,Dưỡng Môi,Chăm Sóc Da Mặt,Dưỡng Môi,Son Dưỡng Môi,Sức Khỏe - Làm Đẹp -> Chăm Sóc Da Mặt -> Dưỡng Môi -> Son Dưỡng Môi,False
P_3875,3875,"Combo 2 Mặt Nạ BNBG Placenta Truyền Năng Lượng, Phục Hồi Da 30ml",11,Mặt Nạ Giấy,2001,Mặt Nạ,Chăm Sóc Da Mặt,Mặt Nạ,Mặt Nạ Giấy,Sức Khỏe - Làm Đẹp -> Chăm Sóc Da Mặt -> Mặt Nạ -> Mặt Nạ Giấy,False
P_3878,3878,Hộp 10 Miếng Mặt Nạ Naruko Bạch Ngọc Lan Săn Chắc Da 30ml/M,11,Mặt Nạ Giấy,2001,Mặt Nạ,Chăm Sóc Da Mặt,Mặt Nạ,Mặt Nạ Giấy,Sức Khỏe - Làm Đẹp -> Chăm Sóc Da Mặt -> Mặt Nạ -> Mặt Nạ Giấy,False
P_3879,3879,Combo Garnier Serum Chống Nắng 12H Kiềm Dầu 30ml + Nước Tẩy Trang Cho Da Dầu Mụn 125ml,3,Bộ Chăm Sóc Da Mặt,1001,Chăm Sóc Da Mặt,Chăm Sóc Da Mặt,Bộ Chăm Sóc Da Mặt,Bộ Chăm Sóc Da Mặt,Sức Khỏe - Làm Đẹp -> Chăm Sóc Da Mặt -> Bộ Chăm Sóc Da Mặt,False
P_3880,3880,Combo 10 Mặt Nạ Kem BNBG Cấp Ẩm Đa Tầng 30ml,11,Mặt Nạ Giấy,2001,Mặt Nạ,Chăm Sóc Da Mặt,Mặt Nạ,Mặt Nạ Giấy,Sức Khỏe - Làm Đẹp -> Chăm Sóc Da Mặt -> Mặt Nạ -> Mặt Nạ Giấy,False
P_3884,3884,Combo Son Dưỡng LipIce Hiệu Chỉnh Sắc Môi Hồng Đất + Xịt Khử Mùi Refre Hương Vui Tươi 2.4g+30ml,18,Son Dưỡng Môi,2006,Dưỡng Môi,Chăm Sóc Da Mặt,Dưỡng Môi,Son Dưỡng Môi,Sức Khỏe - Làm Đẹp -> Chăm Sóc Da Mặt -> Dưỡng Môi -> Son Dưỡng Môi,False
P_3888,3888,Mặt Nạ Purederm Dưỡng Ẩm Vùng Mắt 12g,60,Mặt Nạ Mắt,2005,Dưỡng Mắt,Chăm Sóc Da Mặt,Dưỡng Mắt,Mặt Nạ Mắt,Sức Khỏe - Làm Đẹp -> Chăm Sóc Da Mặt -> Dưỡng Mắt -> Mặt Nạ Mắt,False
P_3897,3897,Kem Chống Nắng Nivea Dạng Sữa Ngừa Mụn Kiềm Dầu SPF50+ 40ml,6,Chống Nắng Da Mặt,1001,Chăm Sóc Da Mặt,Chăm Sóc Da Mặt,Chống Nắng Da Mặt,Chống Nắng Da Mặt,Sức Khỏe - Làm Đẹp -> Chăm Sóc Da Mặt -> Chống Nắng Da Mặt,True
P_3900,3900,Mặt Nạ Foodaholic Probiotics Tái Tạo Chuyên Sâu 23ml,11,Mặt Nạ Giấy,2001,Mặt Nạ,Chăm Sóc Da Mặt,Mặt Nạ,Mặt Nạ Giấy,Sức Khỏe - Làm Đẹp -> Chăm Sóc Da Mặt -> Mặt Nạ -> Mặt Nạ Giấy,False
P_3901,3901,Mặt Nạ Derladie Hỗ Trợ Phục Hồi Da Khô Ráp 30ml,11,Mặt Nạ Giấy,2001,Mặt Nạ,Chăm Sóc Da Mặt,Mặt Nạ,Mặt Nạ Giấy,Sức Khỏe - Làm Đẹp -> Chăm Sóc Da Mặt -> Mặt Nạ -> Mặt Nạ Giấy,False
P_3902,3902,Mặt Nạ Torriden Vitamin C Sáng Da 26ml,11,Mặt Nạ Giấy,2001,Mặt Nạ,Chăm Sóc Da Mặt,Mặt Nạ,Mặt Nạ Giấy,Sức Khỏe - Làm Đẹp -> Chăm Sóc Da Mặt -> Mặt Nạ -> Mặt Nạ Giấy,False
P_3908,3908,Combo 10 Mặt Nạ Derladie Hỗ Trợ Phục Hồi Hàng Rào Bảo Vệ Da 30ml,11,Mặt Nạ Giấy,2001,Mặt Nạ,Chăm Sóc Da Mặt,Mặt Nạ,Mặt Nạ Giấy,Sức Khỏe - Làm Đẹp -> Chăm Sóc Da Mặt -> Mặt Nạ -> Mặt Nạ Giấy,False
P_3911,3911,Combo 10 Mặt Nạ Derladie Hỗ Trợ Phục Hồi Làm Dịu Da Mụn 30ml,11,Mặt Nạ Giấy,2001,Mặt Nạ,Chăm Sóc Da Mặt,Mặt Nạ,Mặt Nạ Giấy,Sức Khỏe - Làm Đẹp -> Chăm Sóc Da Mặt -> Mặt Nạ -> Mặt Nạ Giấy,False
P_3912,3912,"Sáp Dưỡng Môi Mentholatum Chuyên Biệt Cho Môi Khô, Nứt Nẻ 7g",18,Son Dưỡng Môi,2006,Dưỡng Môi,Chăm Sóc Da Mặt,Dưỡng Môi,Son Dưỡng Môi,Sức Khỏe - Làm Đẹp -> Chăm Sóc Da Mặt -> Dưỡng Môi -> Son Dưỡng Môi,False
P_3921,3921,Combo 10 Mặt Nạ Derladie Hỗ Trợ Phục Hồi Da Xỉn Màu 30ml,11,Mặt Nạ Giấy,2001,Mặt Nạ,Chăm Sóc Da Mặt,Mặt Nạ,Mặt Nạ Giấy,Sức Khỏe - Làm Đẹp -> Chăm Sóc Da Mặt -> Mặt Nạ -> Mặt Nạ Giấy,False
P_3923,3923,Mặt Nạ Nature Republic Chiết Xuất Cam Dưỡng Sáng Da 23ml,11,Mặt Nạ Giấy,2001,Mặt Nạ,Chăm Sóc Da Mặt,Mặt Nạ,Mặt Nạ Giấy,Sức Khỏe - Làm Đẹp -> Chăm Sóc Da Mặt -> Mặt Nạ -> Mặt Nạ Giấy,False
P_3930,3930,Mặt Nạ Hada Labo Tinh Chất Dưỡng Dịu Da Ngừa Mụn Cao Cấp 23g,11,Mặt Nạ Giấy,2001,Mặt Nạ,Chăm Sóc Da Mặt,Mặt Nạ,Mặt Nạ Giấy,Sức Khỏe - Làm Đẹp -> Chăm Sóc Da Mặt -> Mặt Nạ -> Mặt Nạ Giấy,False
P_3931,3931,Combo 3 Mặt Nạ Nature Republic Chiết Xuất Cà Chua Sáng Da 23ml,11,Mặt Nạ Giấy,2001,Mặt Nạ,Chăm Sóc Da Mặt,Mặt Nạ,Mặt Nạ Giấy,Sức Khỏe - Làm Đẹp -> Chăm Sóc Da Mặt -> Mặt Nạ -> Mặt Nạ Giấy,False
P_3935,3935,Mặt Nạ Avander Chiết Xuất Collagen Dưỡng Sáng Da 25g,11,Mặt Nạ Giấy,2001,Mặt Nạ,Chăm Sóc Da Mặt,Mặt Nạ,Mặt Nạ Giấy,Sức Khỏe - Làm Đẹp -> Chăm Sóc Da Mặt -> Mặt Nạ -> Mặt Nạ Giấy,False
P_3938,3938,"Combo 3 Mặt Nạ BNBG Placenta Truyền Năng Lượng, Phục Hồi Da 30ml",11,Mặt Nạ Giấy,2001,Mặt Nạ,Chăm Sóc Da Mặt,Mặt Nạ,Mặt Nạ Giấy,Sức Khỏe - Làm Đẹp -> Chăm Sóc Da Mặt -> Mặt Nạ -> Mặt Nạ Giấy,False
P_3939,3939,"Son Dưỡng LipIce Hương Trà Trái Cây, Màu Đỏ Hồng 2.4g",18,Son Dưỡng Môi,2006,Dưỡng Môi,Chăm Sóc Da Mặt,Dưỡng Môi,Son Dưỡng Môi,Sức Khỏe - Làm Đẹp -> Chăm Sóc Da Mặt -> Dưỡng Môi -> Son Dưỡng Môi,False
P_3943,3943,Nước Tẩy Trang Bioré Hoàn Hảo Sạch Nhờn 400ml,2,Tẩy Trang Mặt,2002,Làm Sạch Da,Chăm Sóc Da Mặt,Làm Sạch Da,Tẩy Trang Mặt,Sức Khỏe - Làm Đẹp -> Chăm Sóc Da Mặt -> Làm Sạch Da -> Tẩy Trang Mặt,False
P_3945,3945,"Son Dưỡng LipIce Thỏ Bảy Màu Hương Trà Đào, Hồng Cam 2.4g",18,Son Dưỡng Môi,2006,Dưỡng Môi,Chăm Sóc Da Mặt,Dưỡng Môi,Son Dưỡng Môi,Sức Khỏe - Làm Đẹp -> Chăm Sóc Da Mặt -> Dưỡng Môi -> Son Dưỡng Môi,False
P_3949,3949,Sữa Rửa Mặt Nivea Dạng Gel Tạo Bọt Sạch Sâu Ngừa Mụn 90ml,1,Sữa Rửa Mặt,2002,Làm Sạch Da,Chăm Sóc Da Mặt,Làm Sạch Da,Sữa Rửa Mặt,Sức Khỏe - Làm Đẹp -> Chăm Sóc Da Mặt -> Làm Sạch Da -> Sữa Rửa Mặt,True
P_3950,3950,Sữa Chống Nắng Bioré Bảo Vệ Hoàn Hảo - Dưỡng Ẩm 25ml,6,Chống Nắng Da Mặt,1001,Chăm Sóc Da Mặt,Chăm Sóc Da Mặt,Chống Nắng Da Mặt,Chống Nắng Da Mặt,Sức Khỏe - Làm Đẹp -> Chăm Sóc Da Mặt -> Chống Nắng Da Mặt,True
P_3953,3953,Combo 5 Mặt Nạ Gookin Glutathione Sáng Da Đều Màu 30ml,11,Mặt Nạ Giấy,2001,Mặt Nạ,Chăm Sóc Da Mặt,Mặt Nạ,Mặt Nạ Giấy,Sức Khỏe - Làm Đẹp -> Chăm Sóc Da Mặt -> Mặt Nạ -> Mặt Nạ Giấy,False
P_3960,3960,"Mặt Nạ Foodaholic Vitamin A Sáng Da, Ngừa Lão Hóa 23g",11,Mặt Nạ Giấy,2001,Mặt Nạ,Chăm Sóc Da Mặt,Mặt Nạ,Mặt Nạ Giấy,Sức Khỏe - Làm Đẹp -> Chăm Sóc Da Mặt -> Mặt Nạ -> Mặt Nạ Giấy,False
P_3961,3961,Combo Simple Nước Hoa Hồng Làm Dịu Da & Cấp Ẩm 200ml + Sữa Rửa Mặt Giúp Da Sạch Thoáng 150ml,3,Bộ Chăm Sóc Da Mặt,1001,Chăm Sóc Da Mặt,Chăm Sóc Da Mặt,Bộ Chăm Sóc Da Mặt,Bộ Chăm Sóc Da Mặt,Sức Khỏe - Làm Đẹp -> Chăm Sóc Da Mặt -> Bộ Chăm Sóc Da Mặt,False
P_3962,3962,Combo Simple Nước Hoa Hồng Làm Dịu Da & Cấp Ẩm 200ml + Sữa Rửa Mặt Dưỡng Ẩm Cho Da Khỏe Mịn Màng 150ml,3,Bộ Chăm Sóc Da Mặt,1001,Chăm Sóc Da Mặt,Chăm Sóc Da Mặt,Bộ Chăm Sóc Da Mặt,Bộ Chăm Sóc Da Mặt,Sức Khỏe - Làm Đẹp -> Chăm Sóc Da Mặt -> Bộ Chăm Sóc Da Mặt,False
P_3963,3963,Combo Simple Nước Hoa Hồng Làm Dịu Da & Cấp Ẩm 200ml + Sữa Rửa Mặt Dưỡng Ẩm Cho Da Dạng Gel 150ml,3,Bộ Chăm Sóc Da Mặt,1001,Chăm Sóc Da Mặt,Chăm Sóc Da Mặt,Bộ Chăm Sóc Da Mặt,Bộ Chăm Sóc Da Mặt,Sức Khỏe - Làm Đẹp -> Chăm Sóc Da Mặt -> Bộ Chăm Sóc Da Mặt,False
P_3965,3965,Son Dưỡng BYS Hỗ Trợ Làm Đầy Cherry Kiss - Đỏ Cherry 13ml,18,Son Dưỡng Môi,2006,Dưỡng Môi,Chăm Sóc Da Mặt,Dưỡng Môi,Son Dưỡng Môi,Sức Khỏe - Làm Đẹp -> Chăm Sóc Da Mặt -> Dưỡng Môi -> Son Dưỡng Môi,False
P_3970,3970,"Gel Dưỡng Urgo Hỗ Trợ Mờ Sẹo, Đều Màu Da 7g",7,Kem / Gel / Dầu Dưỡng,2003,Dưỡng Ẩm,Chăm Sóc Da Mặt,Dưỡng Ẩm,Kem / Gel / Dầu Dưỡng,Sức Khỏe - Làm Đẹp -> Chăm Sóc Da Mặt -> Dưỡng Ẩm -> Kem / Gel / Dầu Dưỡng,True
P_3973,3973,"Dầu Olive Milaganics Nguyên Chất Dưỡng Da, Dưỡng Tóc 250ml",7,Kem / Gel / Dầu Dưỡng,2003,Dưỡng Ẩm,Chăm Sóc Da Mặt,Dưỡng Ẩm,Kem / Gel / Dầu Dưỡng,Sức Khỏe - Làm Đẹp -> Chăm Sóc Da Mặt -> Dưỡng Ẩm -> Kem / Gel / Dầu Dưỡng,True
P_3981,3981,Mặt Nạ Avander Đất Sét Collagen Làm Căng Mịn Da 110g,19,Mặt Nạ Rửa,2001,Mặt Nạ,Chăm Sóc Da Mặt,Mặt Nạ,Mặt Nạ Rửa,Sức Khỏe - Làm Đẹp -> Chăm Sóc Da Mặt -> Mặt Nạ -> Mặt Nạ Rửa,False
P_3985,3985,"Mặt Nạ Gookin HA Cấp Nước, Khóa Ẩm Cho Da Khô 30ml",11,Mặt Nạ Giấy,2001,Mặt Nạ,Chăm Sóc Da Mặt,Mặt Nạ,Mặt Nạ Giấy,Sức Khỏe - Làm Đẹp -> Chăm Sóc Da Mặt -> Mặt Nạ -> Mặt Nạ Giấy,False
P_3990,3990,"Combo 10 Mặt Nạ Gookin Tràm Trà Phục Hồi, Dịu Da Nhạy Cảm 30ml",11,Mặt Nạ Giấy,2001,Mặt Nạ,Chăm Sóc Da Mặt,Mặt Nạ,Mặt Nạ Giấy,Sức Khỏe - Làm Đẹp -> Chăm Sóc Da Mặt -> Mặt Nạ -> Mặt Nạ Giấy,False
P_3991,3991,Combo 10 Mặt Nạ Gookin Glutathione Sáng Da Đều Màu 30ml,11,Mặt Nạ Giấy,2001,Mặt Nạ,Chăm Sóc Da Mặt,Mặt Nạ,Mặt Nạ Giấy,Sức Khỏe - Làm Đẹp -> Chăm Sóc Da Mặt -> Mặt Nạ -> Mặt Nạ Giấy,False
P_3997,3997,"Mặt Nạ Foodaholic Glutathione Dưỡng Sáng, Đều Màu Da 23ml",11,Mặt Nạ Giấy,2001,Mặt Nạ,Chăm Sóc Da Mặt,Mặt Nạ,Mặt Nạ Giấy,Sức Khỏe - Làm Đẹp -> Chăm Sóc Da Mặt -> Mặt Nạ -> Mặt Nạ Giấy,False
P_4004,4004,Combo 3 Mặt Nạ Emmié Sáng Da Mịn Màng Từ Cam Thảo 23g,11,Mặt Nạ Giấy,2001,Mặt Nạ,Chăm Sóc Da Mặt,Mặt Nạ,Mặt Nạ Giấy,Sức Khỏe - Làm Đẹp -> Chăm Sóc Da Mặt -> Mặt Nạ -> Mặt Nạ Giấy,False
P_4005,4005,Combo 3 Mặt Nạ Thạch Luvum Quả Yuja Sáng Da Mờ Thâm 33g,11,Mặt Nạ Giấy,2001,Mặt Nạ,Chăm Sóc Da Mặt,Mặt Nạ,Mặt Nạ Giấy,Sức Khỏe - Làm Đẹp -> Chăm Sóc Da Mặt -> Mặt Nạ -> Mặt Nạ Giấy,False
P_4011,4011,"Combo 10 Mặt Nạ Gookin Peptide Tăng Đàn Hồi, Săn Chắc Da Lão Hoá 30ml",11,Mặt Nạ Giấy,2001,Mặt Nạ,Chăm Sóc Da Mặt,Mặt Nạ,Mặt Nạ Giấy,Sức Khỏe - Làm Đẹp -> Chăm Sóc Da Mặt -> Mặt Nạ -> Mặt Nạ Giấy,False
P_4012,4012,Combo 10 Mặt Nạ JMsolution Tràm Trà Dưỡng Sáng & Làm Dịu Da 30ml,11,Mặt Nạ Giấy,2001,Mặt Nạ,Chăm Sóc Da Mặt,Mặt Nạ,Mặt Nạ Giấy,Sức Khỏe - Làm Đẹp -> Chăm Sóc Da Mặt -> Mặt Nạ -> Mặt Nạ Giấy,False
P_4013,4013,Toner Round Lab Bổ Sung Độ Ẩm Làm Dịu Da 100ml,4,Toner / Nước Cân Bằng Da,2002,Làm Sạch Da,Chăm Sóc Da Mặt,Làm Sạch Da,Toner / Nước Cân Bằng Da,Sức Khỏe - Làm Đẹp -> Chăm Sóc Da Mặt -> Làm Sạch Da -> Toner / Nước Cân Bằng Da,False
P_4018,4018,Combo 10 Mặt Nạ Foodaholic Bột Kim Cương Dưỡng Sáng Da 23g,11,Mặt Nạ Giấy,2001,Mặt Nạ,Chăm Sóc Da Mặt,Mặt Nạ,Mặt Nạ Giấy,Sức Khỏe - Làm Đẹp -> Chăm Sóc Da Mặt -> Mặt Nạ -> Mặt Nạ Giấy,False
P_4019,4019,Mặt Nạ Dưỡng Da Some By Mi Mật Ong Làm Căng Bóng Da 20g,11,Mặt Nạ Giấy,2001,Mặt Nạ,Chăm Sóc Da Mặt,Mặt Nạ,Mặt Nạ Giấy,Sức Khỏe - Làm Đẹp -> Chăm Sóc Da Mặt -> Mặt Nạ -> Mặt Nạ Giấy,False
P_4020,4020,"Mặt Nạ 16plain Firming Săn Chắc Da, Ngừa Mụn 25ml",11,Mặt Nạ Giấy,2001,Mặt Nạ,Chăm Sóc Da Mặt,Mặt Nạ,Mặt Nạ Giấy,Sức Khỏe - Làm Đẹp -> Chăm Sóc Da Mặt -> Mặt Nạ -> Mặt Nạ Giấy,False
P_4024,4024,Son Dưỡng Có Màu Australis Cấp Ẩm #Lush 1.4g,18,Son Dưỡng Môi,2006,Dưỡng Môi,Chăm Sóc Da Mặt,Dưỡng Môi,Son Dưỡng Môi,Sức Khỏe - Làm Đẹp -> Chăm Sóc Da Mặt -> Dưỡng Môi -> Son Dưỡng Môi,False
P_4025,4025,Mặt Nạ Emmié Microfiber Mãng Cầu Hỗ Trợ Dịu Da 28g,11,Mặt Nạ Giấy,2001,Mặt Nạ,Chăm Sóc Da Mặt,Mặt Nạ,Mặt Nạ Giấy,Sức Khỏe - Làm Đẹp -> Chăm Sóc Da Mặt -> Mặt Nạ -> Mặt Nạ Giấy,False
P_4028,4028,Gel Dưỡng Oxy Cấp Ẩm Chuyên Sâu Và Làm Dịu Da Cho Nam 50g,7,Kem / Gel / Dầu Dưỡng,2003,Dưỡng Ẩm,Chăm Sóc Da Mặt,Dưỡng Ẩm,Kem / Gel / Dầu Dưỡng,Sức Khỏe - Làm Đẹp -> Chăm Sóc Da Mặt -> Dưỡng Ẩm -> Kem / Gel / Dầu Dưỡng,True
P_4029,4029,Kem Dưỡng Forencos Dầu Marula Dưỡng Sáng Da Ban Đêm 15g,7,Kem / Gel / Dầu Dưỡng,2003,Dưỡng Ẩm,Chăm Sóc Da Mặt,Dưỡng Ẩm,Kem / Gel / Dầu Dưỡng,Sức Khỏe - Làm Đẹp -> Chăm Sóc Da Mặt -> Dưỡng Ẩm -> Kem / Gel / Dầu Dưỡng,True
P_4032,4032,Nước Tẩy Trang Hada Labo Sạch Sâu Dưỡng Ẩm 40ml,2,Tẩy Trang Mặt,2002,Làm Sạch Da,Chăm Sóc Da Mặt,Làm Sạch Da,Tẩy Trang Mặt,Sức Khỏe - Làm Đẹp -> Chăm Sóc Da Mặt -> Làm Sạch Da -> Tẩy Trang Mặt,False
P_4037,4037,Mặt Nạ Lebelage Trái Lựu Chống Oxy Hóa 25g,11,Mặt Nạ Giấy,2001,Mặt Nạ,Chăm Sóc Da Mặt,Mặt Nạ,Mặt Nạ Giấy,Sức Khỏe - Làm Đẹp -> Chăm Sóc Da Mặt -> Mặt Nạ -> Mặt Nạ Giấy,False
P_4040,4040,Combo 10 Mặt Nạ Banobagi Retinol Cải Thiện Nếp Nhăn 30g,11,Mặt Nạ Giấy,2001,Mặt Nạ,Chăm Sóc Da Mặt,Mặt Nạ,Mặt Nạ Giấy,Sức Khỏe - Làm Đẹp -> Chăm Sóc Da Mặt -> Mặt Nạ -> Mặt Nạ Giấy,False
P_4041,4041,Combo Garnier Nước Tẩy Trang Vitamin C 400ml + 2 Nước Tẩy Trang Cho Da Dầu Mụn 50ml,2,Tẩy Trang Mặt,2002,Làm Sạch Da,Chăm Sóc Da Mặt,Làm Sạch Da,Tẩy Trang Mặt,Sức Khỏe - Làm Đẹp -> Chăm Sóc Da Mặt -> Làm Sạch Da -> Tẩy Trang Mặt,False
P_4042,4042,Mặt Nạ Avander Chiết Xuất Trà Xanh Dưỡng Sáng Da 25g,11,Mặt Nạ Giấy,2001,Mặt Nạ,Chăm Sóc Da Mặt,Mặt Nạ,Mặt Nạ Giấy,Sức Khỏe - Làm Đẹp -> Chăm Sóc Da Mặt -> Mặt Nạ -> Mặt Nạ Giấy,False
P_4048,4048,Son Dưỡng Có Màu Silkygirl 02 Luscious​ - Đỏ Cháy 3.2g,18,Son Dưỡng Môi,2006,Dưỡng Môi,Chăm Sóc Da Mặt,Dưỡng Môi,Son Dưỡng Môi,Sức Khỏe - Làm Đẹp -> Chăm Sóc Da Mặt -> Dưỡng Môi -> Son Dưỡng Môi,False
P_4050,4050,Mặt Nạ Garnier Tinh Chất Yuzu Làm Sáng Da & Mờ Thâm 28g,11,Mặt Nạ Giấy,2001,Mặt Nạ,Chăm Sóc Da Mặt,Mặt Nạ,Mặt Nạ Giấy,Sức Khỏe - Làm Đẹp -> Chăm Sóc Da Mặt -> Mặt Nạ -> Mặt Nạ Giấy,False
P_4055,4055,Combo 3 Son Dưỡng LipIce Không Màu Chuyển Kem Mịn (Hương Chanh + Hương Dâu + Không Hương) 4.3g,18,Son Dưỡng Môi,2006,Dưỡng Môi,Chăm Sóc Da Mặt,Dưỡng Môi,Son Dưỡng Môi,Sức Khỏe - Làm Đẹp -> Chăm Sóc Da Mặt -> Dưỡng Môi -> Son Dưỡng Môi,False
P_4056,4056,"Combo 10 Mặt Nạ Banobagi Nâng Cơ Săn Chắc, Nuôi Dưỡng Da 30g",11,Mặt Nạ Giấy,2001,Mặt Nạ,Chăm Sóc Da Mặt,Mặt Nạ,Mặt Nạ Giấy,Sức Khỏe - Làm Đẹp -> Chăm Sóc Da Mặt -> Mặt Nạ -> Mặt Nạ Giấy,False
P_4057,4057,Mặt Nạ Hada Labo Tinh Chất Dưỡng Ẩm Da Cao Cấp 23g,11,Mặt Nạ Giấy,2001,Mặt Nạ,Chăm Sóc Da Mặt,Mặt Nạ,Mặt Nạ Giấy,Sức Khỏe - Làm Đẹp -> Chăm Sóc Da Mặt -> Mặt Nạ -> Mặt Nạ Giấy,False
P_4058,4058,"Mặt Nạ Lebelage Trái Chanh Dưỡng Mịn Màng, Cấp Ẩm Tối Ưu 25g",11,Mặt Nạ Giấy,2001,Mặt Nạ,Chăm Sóc Da Mặt,Mặt Nạ,Mặt Nạ Giấy,Sức Khỏe - Làm Đẹp -> Chăm Sóc Da Mặt -> Mặt Nạ -> Mặt Nạ Giấy,False
P_4059,4059,Mặt Nạ JMsolution Mật Ong Dưỡng Sáng Và Dưỡng Ẩm 30ml,11,Mặt Nạ Giấy,2001,Mặt Nạ,Chăm Sóc Da Mặt,Mặt Nạ,Mặt Nạ Giấy,Sức Khỏe - Làm Đẹp -> Chăm Sóc Da Mặt -> Mặt Nạ -> Mặt Nạ Giấy,False
P_4069,4069,Combo Nước Tẩy Trang Cocoon Bí Đao 140ml + Bông Tẩy Trang Hotosu 150 Miếng,3,Bộ Chăm Sóc Da Mặt,1001,Chăm Sóc Da Mặt,Chăm Sóc Da Mặt,Bộ Chăm Sóc Da Mặt,Bộ Chăm Sóc Da Mặt,Sức Khỏe - Làm Đẹp -> Chăm Sóc Da Mặt -> Bộ Chăm Sóc Da Mặt,False
P_4084,4084,Mặt Nạ Đen Sexylook Hoa Cúc Giảm Mụn Sáng Da 28ml,11,Mặt Nạ Giấy,2001,Mặt Nạ,Chăm Sóc Da Mặt,Mặt Nạ,Mặt Nạ Giấy,Sức Khỏe - Làm Đẹp -> Chăm Sóc Da Mặt -> Mặt Nạ -> Mặt Nạ Giấy,False
P_4088,4088,Mặt Nạ Colorkey B3 Dưỡng Sáng Và Cấp Ẩm 30ml,11,Mặt Nạ Giấy,2001,Mặt Nạ,Chăm Sóc Da Mặt,Mặt Nạ,Mặt Nạ Giấy,Sức Khỏe - Làm Đẹp -> Chăm Sóc Da Mặt -> Mặt Nạ -> Mặt Nạ Giấy,False
P_4090,4090,Mặt Nạ innisfree Làm Mịn & Sáng Da Hương Lựu 22ml (Mới),11,Mặt Nạ Giấy,2001,Mặt Nạ,Chăm Sóc Da Mặt,Mặt Nạ,Mặt Nạ Giấy,Sức Khỏe - Làm Đẹp -> Chăm Sóc Da Mặt -> Mặt Nạ -> Mặt Nạ Giấy,False
P_4096,4096,Combo Bông Tẩy Trang Hotosu 150 Miếng + Mút Trang Điểm Mastige Cam Nhạt,3,Bộ Chăm Sóc Da Mặt,1001,Chăm Sóc Da Mặt,Chăm Sóc Da Mặt,Bộ Chăm Sóc Da Mặt,Bộ Chăm Sóc Da Mặt,Sức Khỏe - Làm Đẹp -> Chăm Sóc Da Mặt -> Bộ Chăm Sóc Da Mặt,False
P_4106,4106,Combo Nước Tẩy Trang Garnier Dành Cho Da Dầu Và Mụn 400ml + 50ml,2,Tẩy Trang Mặt,2002,Làm Sạch Da,Chăm Sóc Da Mặt,Làm Sạch Da,Tẩy Trang Mặt,Sức Khỏe - Làm Đẹp -> Chăm Sóc Da Mặt -> Làm Sạch Da -> Tẩy Trang Mặt,False
P_4111,4111,Sữa Rửa Mặt Nivea Men Than Đen Hoạt Tính Sáng Da 100g,1,Sữa Rửa Mặt,2002,Làm Sạch Da,Chăm Sóc Da Mặt,Làm Sạch Da,Sữa Rửa Mặt,Sức Khỏe - Làm Đẹp -> Chăm Sóc Da Mặt -> Làm Sạch Da -> Sữa Rửa Mặt,True
P_4115,4115,Mặt Nạ Mắt Purederm Chiết Xuất Bạch Quả Giảm Sưng Bọng Mắt,60,Mặt Nạ Mắt,2005,Dưỡng Mắt,Chăm Sóc Da Mặt,Dưỡng Mắt,Mặt Nạ Mắt,Sức Khỏe - Làm Đẹp -> Chăm Sóc Da Mặt -> Dưỡng Mắt -> Mặt Nạ Mắt,False
P_4117,4117,"Combo 3 Mặt Nạ Foodaholic Chiết Xuất Tổ Yến Cấp Nước, Nâng Cơ 23g",11,Mặt Nạ Giấy,2001,Mặt Nạ,Chăm Sóc Da Mặt,Mặt Nạ,Mặt Nạ Giấy,Sức Khỏe - Làm Đẹp -> Chăm Sóc Da Mặt -> Mặt Nạ -> Mặt Nạ Giấy,False
P_4118,4118,Miếng Dán Mũi Lột Mụn Mayan Than Hoạt Tính (4 Miếng),25,Hỗ Trợ Trị Mụn,2004,Đặc Trị,Chăm Sóc Da Mặt,Đặc Trị,Hỗ Trợ Trị Mụn,Sức Khỏe - Làm Đẹp -> Chăm Sóc Da Mặt -> Đặc Trị -> Hỗ Trợ Trị Mụn,True
P_4120,4120,Sữa Rửa Mặt The Cafuné Chiết Xuất Gừng Làm Sạch Sâu 120ml,1,Sữa Rửa Mặt,2002,Làm Sạch Da,Chăm Sóc Da Mặt,Làm Sạch Da,Sữa Rửa Mặt,Sức Khỏe - Làm Đẹp -> Chăm Sóc Da Mặt -> Làm Sạch Da -> Sữa Rửa Mặt,True
P_4124,4124,Mặt Nạ Hada Labo Tinh Chất Dưỡng Sáng Da Cao Cấp 23g,11,Mặt Nạ Giấy,2001,Mặt Nạ,Chăm Sóc Da Mặt,Mặt Nạ,Mặt Nạ Giấy,Sức Khỏe - Làm Đẹp -> Chăm Sóc Da Mặt -> Mặt Nạ -> Mặt Nạ Giấy,False
P_4125,4125,Nước Tẩy Trang Bioré Hoàn Hảo Ngừa Mụn 400ml,2,Tẩy Trang Mặt,2002,Làm Sạch Da,Chăm Sóc Da Mặt,Làm Sạch Da,Tẩy Trang Mặt,Sức Khỏe - Làm Đẹp -> Chăm Sóc Da Mặt -> Làm Sạch Da -> Tẩy Trang Mặt,False
P_4126,4126,Gel Rửa Mặt Evoluderm Từ Bưởi Hồng Và Hoa Cúc 250ml,1,Sữa Rửa Mặt,2002,Làm Sạch Da,Chăm Sóc Da Mặt,Làm Sạch Da,Sữa Rửa Mặt,Sức Khỏe - Làm Đẹp -> Chăm Sóc Da Mặt -> Làm Sạch Da -> Sữa Rửa Mặt,True
P_4136,4136,Nước Tẩy Trang Nivea Sạch Sâu Ngừa Mụn 400ml,2,Tẩy Trang Mặt,2002,Làm Sạch Da,Chăm Sóc Da Mặt,Làm Sạch Da,Tẩy Trang Mặt,Sức Khỏe - Làm Đẹp -> Chăm Sóc Da Mặt -> Làm Sạch Da -> Tẩy Trang Mặt,False
P_4140,4140,Mặt Nạ Lebelage Mật Ong Chăm Sóc Lỗ Chân Lông 25g,11,Mặt Nạ Giấy,2001,Mặt Nạ,Chăm Sóc Da Mặt,Mặt Nạ,Mặt Nạ Giấy,Sức Khỏe - Làm Đẹp -> Chăm Sóc Da Mặt -> Mặt Nạ -> Mặt Nạ Giấy,False
P_4144,4144,Mặt Nạ B.O.M Làm Dịu Và Dưỡng Da Mềm Mại 25g,11,Mặt Nạ Giấy,2001,Mặt Nạ,Chăm Sóc Da Mặt,Mặt Nạ,Mặt Nạ Giấy,Sức Khỏe - Làm Đẹp -> Chăm Sóc Da Mặt -> Mặt Nạ -> Mặt Nạ Giấy,False
P_4152,4152,Combo 2 Son Dưỡng LipIce Hiệu Chỉnh Sắc Môi Hương Dâu 2.4g,18,Son Dưỡng Môi,2006,Dưỡng Môi,Chăm Sóc Da Mặt,Dưỡng Môi,Son Dưỡng Môi,Sức Khỏe - Làm Đẹp -> Chăm Sóc Da Mặt -> Dưỡng Môi -> Son Dưỡng Môi,False
P_4155,4155,Combo 10 Mặt Nạ Colorkey B3 Dưỡng Sáng Và Cấp Ẩm 30ml,11,Mặt Nạ Giấy,2001,Mặt Nạ,Chăm Sóc Da Mặt,Mặt Nạ,Mặt Nạ Giấy,Sức Khỏe - Làm Đẹp -> Chăm Sóc Da Mặt -> Mặt Nạ -> Mặt Nạ Giấy,False
P_4157,4157,Mặt Nạ Avander Đất Sét Ốc Sên Giúp Phục Hồi Da 110g,19,Mặt Nạ Rửa,2001,Mặt Nạ,Chăm Sóc Da Mặt,Mặt Nạ,Mặt Nạ Rửa,Sức Khỏe - Làm Đẹp -> Chăm Sóc Da Mặt -> Mặt Nạ -> Mặt Nạ Rửa,False
P_4161,4161,"Mặt Nạ Avander Đất Sét Cà Phê Sạch Da, Ngừa Mụn 110g",19,Mặt Nạ Rửa,2001,Mặt Nạ,Chăm Sóc Da Mặt,Mặt Nạ,Mặt Nạ Rửa,Sức Khỏe - Làm Đẹp -> Chăm Sóc Da Mặt -> Mặt Nạ -> Mặt Nạ Rửa,False
P_4163,4163,"Son Dưỡng Môi Mediheal Ẩm Mượt, Mịn Màng Ban Ngày 10ml",18,Son Dưỡng Môi,2006,Dưỡng Môi,Chăm Sóc Da Mặt,Dưỡng Môi,Son Dưỡng Môi,Sức Khỏe - Làm Đẹp -> Chăm Sóc Da Mặt -> Dưỡng Môi -> Son Dưỡng Môi,False
P_4165,4165,Mặt Nạ Colorkey B3 Dưỡng Sáng Và Phục Hồi Da 30ml,11,Mặt Nạ Giấy,2001,Mặt Nạ,Chăm Sóc Da Mặt,Mặt Nạ,Mặt Nạ Giấy,Sức Khỏe - Làm Đẹp -> Chăm Sóc Da Mặt -> Mặt Nạ -> Mặt Nạ Giấy,False
P_4166,4166,Mặt Nạ Nature Republic Chiết Xuất Tre Cấp Nước 23ml,11,Mặt Nạ Giấy,2001,Mặt Nạ,Chăm Sóc Da Mặt,Mặt Nạ,Mặt Nạ Giấy,Sức Khỏe - Làm Đẹp -> Chăm Sóc Da Mặt -> Mặt Nạ -> Mặt Nạ Giấy,False
P_4169,4169,"Nước Tẩy Trang Ya Samaya Hoa Hồng Cho Da Khô, Nhạy Cảm 600ml",2,Tẩy Trang Mặt,2002,Làm Sạch Da,Chăm Sóc Da Mặt,Làm Sạch Da,Tẩy Trang Mặt,Sức Khỏe - Làm Đẹp -> Chăm Sóc Da Mặt -> Làm Sạch Da -> Tẩy Trang Mặt,False
P_4178,4178,Combo 5 Mặt Nạ B.O.M Dưỡng Ẩm Da 25g,11,Mặt Nạ Giấy,2001,Mặt Nạ,Chăm Sóc Da Mặt,Mặt Nạ,Mặt Nạ Giấy,Sức Khỏe - Làm Đẹp -> Chăm Sóc Da Mặt -> Mặt Nạ -> Mặt Nạ Giấy,False
P_4180,4180,"Mặt Nạ 16plain Whitening Dưỡng Sáng Da, Ngừa Mụn 25ml",11,Mặt Nạ Giấy,2001,Mặt Nạ,Chăm Sóc Da Mặt,Mặt Nạ,Mặt Nạ Giấy,Sức Khỏe - Làm Đẹp -> Chăm Sóc Da Mặt -> Mặt Nạ -> Mặt Nạ Giấy,False
P_4181,4181,"Combo 2 Mặt Nạ Emmié Cấp Ẩm Sâu, Dịu Da Từ Tảo Biển 23g",11,Mặt Nạ Giấy,2001,Mặt Nạ,Chăm Sóc Da Mặt,Mặt Nạ,Mặt Nạ Giấy,Sức Khỏe - Làm Đẹp -> Chăm Sóc Da Mặt -> Mặt Nạ -> Mặt Nạ Giấy,False
P_4182,4182,"Son Dưỡng Môi Milaganics Trà Xanh Dưỡng Ẩm, Giảm Thâm 4g",18,Son Dưỡng Môi,2006,Dưỡng Môi,Chăm Sóc Da Mặt,Dưỡng Môi,Son Dưỡng Môi,Sức Khỏe - Làm Đẹp -> Chăm Sóc Da Mặt -> Dưỡng Môi -> Son Dưỡng Môi,False
P_4183,4183,Combo 2 Son Dưỡng Môi Vaseline Chiết Xuất Lô Hội 4.8g,18,Son Dưỡng Môi,2006,Dưỡng Môi,Chăm Sóc Da Mặt,Dưỡng Môi,Son Dưỡng Môi,Sức Khỏe - Làm Đẹp -> Chăm Sóc Da Mặt -> Dưỡng Môi -> Son Dưỡng Môi,False
P_4184,4184,"Mặt Nạ Lebelage Collagen Tăng Độ Đàn Hồi, Ngừa Lão Hóa 25ml",11,Mặt Nạ Giấy,2001,Mặt Nạ,Chăm Sóc Da Mặt,Mặt Nạ,Mặt Nạ Giấy,Sức Khỏe - Làm Đẹp -> Chăm Sóc Da Mặt -> Mặt Nạ -> Mặt Nạ Giấy,False
P_4186,4186,Combo 2 Mặt Nạ Thạch Luvum Quả Yuja Sáng Da Mờ Thâm 33g,11,Mặt Nạ Giấy,2001,Mặt Nạ,Chăm Sóc Da Mặt,Mặt Nạ,Mặt Nạ Giấy,Sức Khỏe - Làm Đẹp -> Chăm Sóc Da Mặt -> Mặt Nạ -> Mặt Nạ Giấy,False
P_4188,4188,Son Dưỡng Môi Có Màu BareSoul 10g,18,Son Dưỡng Môi,2006,Dưỡng Môi,Chăm Sóc Da Mặt,Dưỡng Môi,Son Dưỡng Môi,Sức Khỏe - Làm Đẹp -> Chăm Sóc Da Mặt -> Dưỡng Môi -> Son Dưỡng Môi,False
P_4190,4190,Combo Miếng Dán Mụn Acnes Giúp Giảm Mụn Sưng Viêm 2x24 Miếng,25,Hỗ Trợ Trị Mụn,2004,Đặc Trị,Chăm Sóc Da Mặt,Đặc Trị,Hỗ Trợ Trị Mụn,Sức Khỏe - Làm Đẹp -> Chăm Sóc Da Mặt -> Đặc Trị -> Hỗ Trợ Trị Mụn,True
P_4191,4191,Miếng Dán Mũi Lột Mụn Bioré Mát Lạnh Cho Nam (4 Miếng),25,Hỗ Trợ Trị Mụn,2004,Đặc Trị,Chăm Sóc Da Mặt,Đặc Trị,Hỗ Trợ Trị Mụn,Sức Khỏe - Làm Đẹp -> Chăm Sóc Da Mặt -> Đặc Trị -> Hỗ Trợ Trị Mụn,True
P_4192,4192,Mặt Nạ Mediheal Tinh Chất Trà Xanh Làm Dịu Da Giảm Mụn 24ml,11,Mặt Nạ Giấy,2001,Mặt Nạ,Chăm Sóc Da Mặt,Mặt Nạ,Mặt Nạ Giấy,Sức Khỏe - Làm Đẹp -> Chăm Sóc Da Mặt -> Mặt Nạ -> Mặt Nạ Giấy,False
P_4193,4193,"Mặt Nạ Mediheal Dưỡng Sáng, Mờ Thâm Cho Da Mụn 24ml",11,Mặt Nạ Giấy,2001,Mặt Nạ,Chăm Sóc Da Mặt,Mặt Nạ,Mặt Nạ Giấy,Sức Khỏe - Làm Đẹp -> Chăm Sóc Da Mặt -> Mặt Nạ -> Mặt Nạ Giấy,False
P_4194,4194,Mặt Nạ Ngủ Skinoxy Giúp Da Mềm Mịn Và Ngăn Ngừa Mụn 25g,53,Mặt Nạ Ngủ,2001,Mặt Nạ,Chăm Sóc Da Mặt,Mặt Nạ,Mặt Nạ Ngủ,Sức Khỏe - Làm Đẹp -> Chăm Sóc Da Mặt -> Mặt Nạ -> Mặt Nạ Ngủ,False
P_4195,4195,Combo Son Dưỡng LipIce Hiệu Chỉnh Sắc Môi Đỏ Mọng + Xịt Khử Mùi Refre Hương Sang Trọng 2.4g+30ml,18,Son Dưỡng Môi,2006,Dưỡng Môi,Chăm Sóc Da Mặt,Dưỡng Môi,Son Dưỡng Môi,Sức Khỏe - Làm Đẹp -> Chăm Sóc Da Mặt -> Dưỡng Môi -> Son Dưỡng Môi,False
P_4197,4197,Mặt Nạ Colorkey B3 Dưỡng Sáng Và Thu Nhỏ Lỗ Chân Lông 30ml,11,Mặt Nạ Giấy,2001,Mặt Nạ,Chăm Sóc Da Mặt,Mặt Nạ,Mặt Nạ Giấy,Sức Khỏe - Làm Đẹp -> Chăm Sóc Da Mặt -> Mặt Nạ -> Mặt Nạ Giấy,False
P_4198,4198,"Mặt Nạ JMsolution Collagen Dưỡng Da Săn Chắc, Đàn Hồi 30ml",11,Mặt Nạ Giấy,2001,Mặt Nạ,Chăm Sóc Da Mặt,Mặt Nạ,Mặt Nạ Giấy,Sức Khỏe - Làm Đẹp -> Chăm Sóc Da Mặt -> Mặt Nạ -> Mặt Nạ Giấy,False
P_4205,4205,Nước Hoa Hồng Avander Làm Sạch & Dịu Da 150ml,4,Toner / Nước Cân Bằng Da,2002,Làm Sạch Da,Chăm Sóc Da Mặt,Làm Sạch Da,Toner / Nước Cân Bằng Da,Sức Khỏe - Làm Đẹp -> Chăm Sóc Da Mặt -> Làm Sạch Da -> Toner / Nước Cân Bằng Da,False
P_4206,4206,Mặt Nạ Avander Chiết Xuất Nha Đam Dưỡng Sáng Da 25g,11,Mặt Nạ Giấy,2001,Mặt Nạ,Chăm Sóc Da Mặt,Mặt Nạ,Mặt Nạ Giấy,Sức Khỏe - Làm Đẹp -> Chăm Sóc Da Mặt -> Mặt Nạ -> Mặt Nạ Giấy,False
P_4209,4209,"Mặt Nạ Đất Sét Avander Nha Đam Dưỡng Sáng, Dịu Da 15ml",19,Mặt Nạ Rửa,2001,Mặt Nạ,Chăm Sóc Da Mặt,Mặt Nạ,Mặt Nạ Rửa,Sức Khỏe - Làm Đẹp -> Chăm Sóc Da Mặt -> Mặt Nạ -> Mặt Nạ Rửa,False
P_4210,4210,"Mặt Nạ 16plain Plant Stem Cell Phục Hồi, Trẻ Hoá Da 25ml",11,Mặt Nạ Giấy,2001,Mặt Nạ,Chăm Sóc Da Mặt,Mặt Nạ,Mặt Nạ Giấy,Sức Khỏe - Làm Đẹp -> Chăm Sóc Da Mặt -> Mặt Nạ -> Mặt Nạ Giấy,False
P_4213,4213,Mặt Nạ B.O.M Dưỡng Sáng Da 25g,11,Mặt Nạ Giấy,2001,Mặt Nạ,Chăm Sóc Da Mặt,Mặt Nạ,Mặt Nạ Giấy,Sức Khỏe - Làm Đẹp -> Chăm Sóc Da Mặt -> Mặt Nạ -> Mặt Nạ Giấy,False
P_4219,4219,Combo 10 Mặt Nạ Foodaholic Probiotics Tái Tạo Chuyên Sâu 23ml,11,Mặt Nạ Giấy,2001,Mặt Nạ,Chăm Sóc Da Mặt,Mặt Nạ,Mặt Nạ Giấy,Sức Khỏe - Làm Đẹp -> Chăm Sóc Da Mặt -> Mặt Nạ -> Mặt Nạ Giấy,False
P_4220,4220,"Combo 10 Mặt Nạ Foodaholic Bakuchiol Tái Tạo, Ngăn Lão Hoá Da 23ml",11,Mặt Nạ Giấy,2001,Mặt Nạ,Chăm Sóc Da Mặt,Mặt Nạ,Mặt Nạ Giấy,Sức Khỏe - Làm Đẹp -> Chăm Sóc Da Mặt -> Mặt Nạ -> Mặt Nạ Giấy,False
P_4221,4221,"Combo 10 Mặt Nạ Foodaholic Glutathione Dưỡng Sáng, Đều Màu Da 23ml",11,Mặt Nạ Giấy,2001,Mặt Nạ,Chăm Sóc Da Mặt,Mặt Nạ,Mặt Nạ Giấy,Sức Khỏe - Làm Đẹp -> Chăm Sóc Da Mặt -> Mặt Nạ -> Mặt Nạ Giấy,False
P_4225,4225,[Mini] Kem Dưỡng Keyshu Sáng Da Dưỡng Ẩm 10ml,7,Kem / Gel / Dầu Dưỡng,2003,Dưỡng Ẩm,Chăm Sóc Da Mặt,Dưỡng Ẩm,Kem / Gel / Dầu Dưỡng,Sức Khỏe - Làm Đẹp -> Chăm Sóc Da Mặt -> Dưỡng Ẩm -> Kem / Gel / Dầu Dưỡng,True
P_4227,4227,Nước Tẩy Trang Evoluderm Cho Da Khô Và Nhạy Cảm 250ml,2,Tẩy Trang Mặt,2002,Làm Sạch Da,Chăm Sóc Da Mặt,Làm Sạch Da,Tẩy Trang Mặt,Sức Khỏe - Làm Đẹp -> Chăm Sóc Da Mặt -> Làm Sạch Da -> Tẩy Trang Mặt,False
P_4231,4231,Combo 2 Mặt Nạ BNBG Vitamin E Dưỡng Ẩm Da 30ml (Mới),11,Mặt Nạ Giấy,2001,Mặt Nạ,Chăm Sóc Da Mặt,Mặt Nạ,Mặt Nạ Giấy,Sức Khỏe - Làm Đẹp -> Chăm Sóc Da Mặt -> Mặt Nạ -> Mặt Nạ Giấy,False
P_4233,4233,Mặt Nạ innisfree Sáng Da Rạng Rỡ Từ Quýt Yuzu 22ml (Mới),11,Mặt Nạ Giấy,2001,Mặt Nạ,Chăm Sóc Da Mặt,Mặt Nạ,Mặt Nạ Giấy,Sức Khỏe - Làm Đẹp -> Chăm Sóc Da Mặt -> Mặt Nạ -> Mặt Nạ Giấy,False
P_4235,4235,Son Dưỡng Lip Pure Có Màu Cherry Red - Đỏ Anh Đào 3.8g,18,Son Dưỡng Môi,2006,Dưỡng Môi,Chăm Sóc Da Mặt,Dưỡng Môi,Son Dưỡng Môi,Sức Khỏe - Làm Đẹp -> Chăm Sóc Da Mặt -> Dưỡng Môi -> Son Dưỡng Môi,False
P_4236,4236,Son Dưỡng Lip Pure Có Màu Raspberry Pink - Hồng Đỏ 3.8g,18,Son Dưỡng Môi,2006,Dưỡng Môi,Chăm Sóc Da Mặt,Dưỡng Môi,Son Dưỡng Môi,Sức Khỏe - Làm Đẹp -> Chăm Sóc Da Mặt -> Dưỡng Môi -> Son Dưỡng Môi,False
P_4239,4239,Combo 2 Mặt Nạ Torriden Dưỡng Ẩm Sâu Cho Da 27ml,11,Mặt Nạ Giấy,2001,Mặt Nạ,Chăm Sóc Da Mặt,Mặt Nạ,Mặt Nạ Giấy,Sức Khỏe - Làm Đẹp -> Chăm Sóc Da Mặt -> Mặt Nạ -> Mặt Nạ Giấy,False
P_4240,4240,Mặt Nạ Bio-essence Tinh Chất Vitamin C Sáng Da 25ml (Mới),11,Mặt Nạ Giấy,2001,Mặt Nạ,Chăm Sóc Da Mặt,Mặt Nạ,Mặt Nạ Giấy,Sức Khỏe - Làm Đẹp -> Chăm Sóc Da Mặt -> Mặt Nạ -> Mặt Nạ Giấy,False
P_4242,4242,Xịt Khoáng Skinpres.T Phục Hồi & Cân Bằng Độ Ẩm 100ml,30,Xịt Khoáng,2003,Dưỡng Ẩm,Chăm Sóc Da Mặt,Dưỡng Ẩm,Xịt Khoáng,Sức Khỏe - Làm Đẹp -> Chăm Sóc Da Mặt -> Dưỡng Ẩm -> Xịt Khoáng,False
P_4243,4243,Combo 10 Mặt Nạ Foodaholic Collagen Làm Săn Chắc Da 23g,11,Mặt Nạ Giấy,2001,Mặt Nạ,Chăm Sóc Da Mặt,Mặt Nạ,Mặt Nạ Giấy,Sức Khỏe - Làm Đẹp -> Chăm Sóc Da Mặt -> Mặt Nạ -> Mặt Nạ Giấy,False
P_4244,4244,"Combo 10 Mặt Nạ Foodaholic Chiết Xuất Tổ Yến Cấp Nước, Nâng Cơ 23g",11,Mặt Nạ Giấy,2001,Mặt Nạ,Chăm Sóc Da Mặt,Mặt Nạ,Mặt Nạ Giấy,Sức Khỏe - Làm Đẹp -> Chăm Sóc Da Mặt -> Mặt Nạ -> Mặt Nạ Giấy,False
P_4250,4250,Son Dưỡng Có Màu Silkygirl 01 Naked​ - Hồng Nude Nâu 3.2g,18,Son Dưỡng Môi,2006,Dưỡng Môi,Chăm Sóc Da Mặt,Dưỡng Môi,Son Dưỡng Môi,Sức Khỏe - Làm Đẹp -> Chăm Sóc Da Mặt -> Dưỡng Môi -> Son Dưỡng Môi,False
P_4254,4254,Mặt Nạ Mediheal Hỗ Trợ Nâng Cơ & Giảm Nếp Nhăn 20ml,11,Mặt Nạ Giấy,2001,Mặt Nạ,Chăm Sóc Da Mặt,Mặt Nạ,Mặt Nạ Giấy,Sức Khỏe - Làm Đẹp -> Chăm Sóc Da Mặt -> Mặt Nạ -> Mặt Nạ Giấy,False
P_4256,4256,"Mặt Nạ 16plain Moisture Cấp Ẩm, Ngừa Lão Hoá 25ml",11,Mặt Nạ Giấy,2001,Mặt Nạ,Chăm Sóc Da Mặt,Mặt Nạ,Mặt Nạ Giấy,Sức Khỏe - Làm Đẹp -> Chăm Sóc Da Mặt -> Mặt Nạ -> Mặt Nạ Giấy,False
P_4259,4259,Mặt Nạ Ngủ Skinoxy Dưỡng Ẩm Và Sáng Da 25g,53,Mặt Nạ Ngủ,2001,Mặt Nạ,Chăm Sóc Da Mặt,Mặt Nạ,Mặt Nạ Ngủ,Sức Khỏe - Làm Đẹp -> Chăm Sóc Da Mặt -> Mặt Nạ -> Mặt Nạ Ngủ,False
P_4261,4261,"Gel Rửa Mặt Oxy Sạch Dịu Nhẹ, Giảm Khô Căng Cho Nam 100g",1,Sữa Rửa Mặt,2002,Làm Sạch Da,Chăm Sóc Da Mặt,Làm Sạch Da,Sữa Rửa Mặt,Sức Khỏe - Làm Đẹp -> Chăm Sóc Da Mặt -> Làm Sạch Da -> Sữa Rửa Mặt,True
P_4265,4265,"Combo 2 Mặt Nạ Banobagi Bổ Sung Collagen, Mờ Nám 30g",11,Mặt Nạ Giấy,2001,Mặt Nạ,Chăm Sóc Da Mặt,Mặt Nạ,Mặt Nạ Giấy,Sức Khỏe - Làm Đẹp -> Chăm Sóc Da Mặt -> Mặt Nạ -> Mặt Nạ Giấy,False
P_4268,4268,"Mặt Nạ innisfree Phục Hồi, Săn Chắc Da Từ Quả Mọng 22ml (Mới)",11,Mặt Nạ Giấy,2001,Mặt Nạ,Chăm Sóc Da Mặt,Mặt Nạ,Mặt Nạ Giấy,Sức Khỏe - Làm Đẹp -> Chăm Sóc Da Mặt -> Mặt Nạ -> Mặt Nạ Giấy,False
P_4269,4269,Mặt Nạ Labiotte Cấp Ẩm Dịu Da 25ml,11,Mặt Nạ Giấy,2001,Mặt Nạ,Chăm Sóc Da Mặt,Mặt Nạ,Mặt Nạ Giấy,Sức Khỏe - Làm Đẹp -> Chăm Sóc Da Mặt -> Mặt Nạ -> Mặt Nạ Giấy,False
P_4271,4271,Sữa Rửa Mặt Nivea Men Bọt Mịn Sạch Nhờn Mát Lạnh 100g,1,Sữa Rửa Mặt,2002,Làm Sạch Da,Chăm Sóc Da Mặt,Làm Sạch Da,Sữa Rửa Mặt,Sức Khỏe - Làm Đẹp -> Chăm Sóc Da Mặt -> Làm Sạch Da -> Sữa Rửa Mặt,True
P_4272,4272,Mặt Nạ Garnier Tinh Chất Sữa Tươi & Vitamin C Sáng Da 28g,11,Mặt Nạ Giấy,2001,Mặt Nạ,Chăm Sóc Da Mặt,Mặt Nạ,Mặt Nạ Giấy,Sức Khỏe - Làm Đẹp -> Chăm Sóc Da Mặt -> Mặt Nạ -> Mặt Nạ Giấy,False
P_4274,4274,Miếng Dán Mũi Lột Mụn Purederm Nha Đam (3 Miếng),25,Hỗ Trợ Trị Mụn,2004,Đặc Trị,Chăm Sóc Da Mặt,Đặc Trị,Hỗ Trợ Trị Mụn,Sức Khỏe - Làm Đẹp -> Chăm Sóc Da Mặt -> Đặc Trị -> Hỗ Trợ Trị Mụn,True
P_4276,4276,"[Mini] Nước Tẩy Trang Senka Cấp Ẩm, Dưỡng Sáng Da 70ml",2,Tẩy Trang Mặt,2002,Làm Sạch Da,Chăm Sóc Da Mặt,Làm Sạch Da,Tẩy Trang Mặt,Sức Khỏe - Làm Đẹp -> Chăm Sóc Da Mặt -> Làm Sạch Da -> Tẩy Trang Mặt,False
P_4277,4277,Son Dưỡng LipIce Hiệu Chỉnh Sắc Môi Hương Táo 2.4g,18,Son Dưỡng Môi,2006,Dưỡng Môi,Chăm Sóc Da Mặt,Dưỡng Môi,Son Dưỡng Môi,Sức Khỏe - Làm Đẹp -> Chăm Sóc Da Mặt -> Dưỡng Môi -> Son Dưỡng Môi,False
P_4279,4279,Combo 2 Mặt Nạ BNBG Vitamin B Phục Hồi Da 30ml (Mới),11,Mặt Nạ Giấy,2001,Mặt Nạ,Chăm Sóc Da Mặt,Mặt Nạ,Mặt Nạ Giấy,Sức Khỏe - Làm Đẹp -> Chăm Sóc Da Mặt -> Mặt Nạ -> Mặt Nạ Giấy,False
P_4280,4280,Mặt Nạ B.O.M Dưỡng Ẩm Da 25g,11,Mặt Nạ Giấy,2001,Mặt Nạ,Chăm Sóc Da Mặt,Mặt Nạ,Mặt Nạ Giấy,Sức Khỏe - Làm Đẹp -> Chăm Sóc Da Mặt -> Mặt Nạ -> Mặt Nạ Giấy,False
P_4284,4284,[Mini] Sữa Rửa Mặt Colorkey Bùn Khoáng Sạch Sâu Cấp Ẩm 20g,1,Sữa Rửa Mặt,2002,Làm Sạch Da,Chăm Sóc Da Mặt,Làm Sạch Da,Sữa Rửa Mặt,Sức Khỏe - Làm Đẹp -> Chăm Sóc Da Mặt -> Làm Sạch Da -> Sữa Rửa Mặt,True
P_4286,4286,Mặt Nạ B.O.M Brightening Dưỡng Sáng Da 25g,11,Mặt Nạ Giấy,2001,Mặt Nạ,Chăm Sóc Da Mặt,Mặt Nạ,Mặt Nạ Giấy,Sức Khỏe - Làm Đẹp -> Chăm Sóc Da Mặt -> Mặt Nạ -> Mặt Nạ Giấy,False
P_4287,4287,Mặt Nạ Avander Đất Sét Collagen Làm Căng Mịn Da 15ml,19,Mặt Nạ Rửa,2001,Mặt Nạ,Chăm Sóc Da Mặt,Mặt Nạ,Mặt Nạ Rửa,Sức Khỏe - Làm Đẹp -> Chăm Sóc Da Mặt -> Mặt Nạ -> Mặt Nạ Rửa,False
P_4289,4289,Mặt Nạ Bio-essence Hoa Mẫu Đơn Hoàng Cung Dưỡng Da 20ml,11,Mặt Nạ Giấy,2001,Mặt Nạ,Chăm Sóc Da Mặt,Mặt Nạ,Mặt Nạ Giấy,Sức Khỏe - Làm Đẹp -> Chăm Sóc Da Mặt -> Mặt Nạ -> Mặt Nạ Giấy,False
P_4290,4290,Mặt Nạ Dermal Chiết Xuất Ốc Sên 23g,11,Mặt Nạ Giấy,2001,Mặt Nạ,Chăm Sóc Da Mặt,Mặt Nạ,Mặt Nạ Giấy,Sức Khỏe - Làm Đẹp -> Chăm Sóc Da Mặt -> Mặt Nạ -> Mặt Nạ Giấy,False
P_4291,4291,Combo 2 Mặt Nạ Colorkey Dưỡng Ẩm Ngừa Mụn Chiết Xuất Cây Phỉ 25ml,11,Mặt Nạ Giấy,2001,Mặt Nạ,Chăm Sóc Da Mặt,Mặt Nạ,Mặt Nạ Giấy,Sức Khỏe - Làm Đẹp -> Chăm Sóc Da Mặt -> Mặt Nạ -> Mặt Nạ Giấy,False
P_4292,4292,Mặt Nạ Gookin Glutathione Sáng Da Đều Màu 30ml,11,Mặt Nạ Giấy,2001,Mặt Nạ,Chăm Sóc Da Mặt,Mặt Nạ,Mặt Nạ Giấy,Sức Khỏe - Làm Đẹp -> Chăm Sóc Da Mặt -> Mặt Nạ -> Mặt Nạ Giấy,False
P_4295,4295,"Mặt Nạ Arumtown Arbutin Dưỡng Sáng, Đều Màu Da 23ml",11,Mặt Nạ Giấy,2001,Mặt Nạ,Chăm Sóc Da Mặt,Mặt Nạ,Mặt Nạ Giấy,Sức Khỏe - Làm Đẹp -> Chăm Sóc Da Mặt -> Mặt Nạ -> Mặt Nạ Giấy,False
P_4296,4296,"Mặt Nạ Celefit Hyaluronic Acid Cấp Ẩm, Căng Bóng Da 25g",11,Mặt Nạ Giấy,2001,Mặt Nạ,Chăm Sóc Da Mặt,Mặt Nạ,Mặt Nạ Giấy,Sức Khỏe - Làm Đẹp -> Chăm Sóc Da Mặt -> Mặt Nạ -> Mặt Nạ Giấy,False
P_4297,4297,Mặt Nạ Mayan 3D Tinh Chất Collagen & Q10 25ml,11,Mặt Nạ Giấy,2001,Mặt Nạ,Chăm Sóc Da Mặt,Mặt Nạ,Mặt Nạ Giấy,Sức Khỏe - Làm Đẹp -> Chăm Sóc Da Mặt -> Mặt Nạ -> Mặt Nạ Giấy,False
P_4302,4302,"Mặt Nạ 16plain Vitamin Ngừa Lão Hoá, Sáng Da 25ml",11,Mặt Nạ Giấy,2001,Mặt Nạ,Chăm Sóc Da Mặt,Mặt Nạ,Mặt Nạ Giấy,Sức Khỏe - Làm Đẹp -> Chăm Sóc Da Mặt -> Mặt Nạ -> Mặt Nạ Giấy,False
P_4303,4303,Mặt Nạ Avander Đất Sét Ốc Sên Giúp Phục Hồi Da 15ml,19,Mặt Nạ Rửa,2001,Mặt Nạ,Chăm Sóc Da Mặt,Mặt Nạ,Mặt Nạ Rửa,Sức Khỏe - Làm Đẹp -> Chăm Sóc Da Mặt -> Mặt Nạ -> Mặt Nạ Rửa,False
P_4305,4305,Mặt Nạ innisfree Sáng Da Từ Trà Kombucha 22ml (Mới),11,Mặt Nạ Giấy,2001,Mặt Nạ,Chăm Sóc Da Mặt,Mặt Nạ,Mặt Nạ Giấy,Sức Khỏe - Làm Đẹp -> Chăm Sóc Da Mặt -> Mặt Nạ -> Mặt Nạ Giấy,False
P_4309,4309,[Mini] Kem Dưỡng Ẩm Hada Labo Cho Mọi Loại Da (Ngẫu Nhiên) 12g,7,Kem / Gel / Dầu Dưỡng,2003,Dưỡng Ẩm,Chăm Sóc Da Mặt,Dưỡng Ẩm,Kem / Gel / Dầu Dưỡng,Sức Khỏe - Làm Đẹp -> Chăm Sóc Da Mặt -> Dưỡng Ẩm -> Kem / Gel / Dầu Dưỡng,True
P_4310,4310,Nước Hoa Hồng Some By Mi AHA-BHA-PHA Cho Da Mụn 30ml,4,Toner / Nước Cân Bằng Da,2002,Làm Sạch Da,Chăm Sóc Da Mặt,Làm Sạch Da,Toner / Nước Cân Bằng Da,Sức Khỏe - Làm Đẹp -> Chăm Sóc Da Mặt -> Làm Sạch Da -> Toner / Nước Cân Bằng Da,False
P_4312,4312,"Mặt Nạ Lebelage Rau Má Hỗ Trợ Phục Hồi, Dịu Da 25ml",11,Mặt Nạ Giấy,2001,Mặt Nạ,Chăm Sóc Da Mặt,Mặt Nạ,Mặt Nạ Giấy,Sức Khỏe - Làm Đẹp -> Chăm Sóc Da Mặt -> Mặt Nạ -> Mặt Nạ Giấy,False
P_4317,4317,"Combo 2 Mặt Nạ BNBG Exosome Nâng Cơ, Trẻ Hoá Da 30ml",11,Mặt Nạ Giấy,2001,Mặt Nạ,Chăm Sóc Da Mặt,Mặt Nạ,Mặt Nạ Giấy,Sức Khỏe - Làm Đẹp -> Chăm Sóc Da Mặt -> Mặt Nạ -> Mặt Nạ Giấy,False
P_4318,4318,Mặt Nạ Some By Mi Làm Sáng Da Chiết Xuất Thanh Yên 25g,11,Mặt Nạ Giấy,2001,Mặt Nạ,Chăm Sóc Da Mặt,Mặt Nạ,Mặt Nạ Giấy,Sức Khỏe - Làm Đẹp -> Chăm Sóc Da Mặt -> Mặt Nạ -> Mặt Nạ Giấy,False
P_4322,4322,"Combo 5 Mặt Nạ Foodaholic Chiết Xuất Tổ Yến Cấp Nước, Nâng Cơ 23g",11,Mặt Nạ Giấy,2001,Mặt Nạ,Chăm Sóc Da Mặt,Mặt Nạ,Mặt Nạ Giấy,Sức Khỏe - Làm Đẹp -> Chăm Sóc Da Mặt -> Mặt Nạ -> Mặt Nạ Giấy,False
P_4323,4323,Mặt Nạ Dermal Chiết Xuất Trà Xanh Làm Săn Chắc Da 23g,11,Mặt Nạ Giấy,2001,Mặt Nạ,Chăm Sóc Da Mặt,Mặt Nạ,Mặt Nạ Giấy,Sức Khỏe - Làm Đẹp -> Chăm Sóc Da Mặt -> Mặt Nạ -> Mặt Nạ Giấy,False
P_4325,4325,Mặt Nạ Bio-essence Quả Thanh Yên Yuzu Dưỡng Sáng Da 20ml,11,Mặt Nạ Giấy,2001,Mặt Nạ,Chăm Sóc Da Mặt,Mặt Nạ,Mặt Nạ Giấy,Sức Khỏe - Làm Đẹp -> Chăm Sóc Da Mặt -> Mặt Nạ -> Mặt Nạ Giấy,False
P_4328,4328,Combo 2 Mặt Nạ Emmié Sáng Da Mịn Màng Từ Cam Thảo 23g,11,Mặt Nạ Giấy,2001,Mặt Nạ,Chăm Sóc Da Mặt,Mặt Nạ,Mặt Nạ Giấy,Sức Khỏe - Làm Đẹp -> Chăm Sóc Da Mặt -> Mặt Nạ -> Mặt Nạ Giấy,False
P_4329,4329,Mặt Nạ Đất Sét Avander Ngọc Trai Tươi Trẻ Làn Da 15ml,19,Mặt Nạ Rửa,2001,Mặt Nạ,Chăm Sóc Da Mặt,Mặt Nạ,Mặt Nạ Rửa,Sức Khỏe - Làm Đẹp -> Chăm Sóc Da Mặt -> Mặt Nạ -> Mặt Nạ Rửa,False
P_4330,4330,"Mặt Nạ Avander Đất Sét Cà Phê Sạch Da, Ngừa Mụn 15ml",19,Mặt Nạ Rửa,2001,Mặt Nạ,Chăm Sóc Da Mặt,Mặt Nạ,Mặt Nạ Rửa,Sức Khỏe - Làm Đẹp -> Chăm Sóc Da Mặt -> Mặt Nạ -> Mặt Nạ Rửa,False
P_4331,4331,Mặt Nạ Đen Sexylook Ngọc Trai Dưỡng Sáng Da Chuyên Sâu 28ml,11,Mặt Nạ Giấy,2001,Mặt Nạ,Chăm Sóc Da Mặt,Mặt Nạ,Mặt Nạ Giấy,Sức Khỏe - Làm Đẹp -> Chăm Sóc Da Mặt -> Mặt Nạ -> Mặt Nạ Giấy,False
P_4332,4332,Mặt Nạ Ngủ Skinoxy Giảm Nếp Nhăn Và Cải Thiện Độ Đàn Hồi 25g,53,Mặt Nạ Ngủ,2001,Mặt Nạ,Chăm Sóc Da Mặt,Mặt Nạ,Mặt Nạ Ngủ,Sức Khỏe - Làm Đẹp -> Chăm Sóc Da Mặt -> Mặt Nạ -> Mặt Nạ Ngủ,False
P_4333,4333,"Mặt Nạ Gookin Peptide Tăng Đàn Hồi, Săn Chắc Da Lão Hoá 30ml",11,Mặt Nạ Giấy,2001,Mặt Nạ,Chăm Sóc Da Mặt,Mặt Nạ,Mặt Nạ Giấy,Sức Khỏe - Làm Đẹp -> Chăm Sóc Da Mặt -> Mặt Nạ -> Mặt Nạ Giấy,False
P_4336,4336,Mặt Nạ Dermal Chiết Xuất Ngọc Trai Dưỡng Sáng Da 23g,11,Mặt Nạ Giấy,2001,Mặt Nạ,Chăm Sóc Da Mặt,Mặt Nạ,Mặt Nạ Giấy,Sức Khỏe - Làm Đẹp -> Chăm Sóc Da Mặt -> Mặt Nạ -> Mặt Nạ Giấy,False
P_4339,4339,Combo 2 Mặt Nạ Colorkey Dưỡng Ẩm Sáng Da Với Niacinamide 25ml,11,Mặt Nạ Giấy,2001,Mặt Nạ,Chăm Sóc Da Mặt,Mặt Nạ,Mặt Nạ Giấy,Sức Khỏe - Làm Đẹp -> Chăm Sóc Da Mặt -> Mặt Nạ -> Mặt Nạ Giấy,False
P_4343,4343,Mặt Nạ Colorkey B3 Dưỡng Sáng Và Nuôi Dưỡng Da Rạng Rỡ 30ml,11,Mặt Nạ Giấy,2001,Mặt Nạ,Chăm Sóc Da Mặt,Mặt Nạ,Mặt Nạ Giấy,Sức Khỏe - Làm Đẹp -> Chăm Sóc Da Mặt -> Mặt Nạ -> Mặt Nạ Giấy,False
P_4344,4344,Mặt Nạ Senka Dưỡng Sáng Săn Chắc Da 21g (Mới),11,Mặt Nạ Giấy,2001,Mặt Nạ,Chăm Sóc Da Mặt,Mặt Nạ,Mặt Nạ Giấy,Sức Khỏe - Làm Đẹp -> Chăm Sóc Da Mặt -> Mặt Nạ -> Mặt Nạ Giấy,False
P_4345,4345,"Mặt Nạ 16plain Vita Collagen Ngừa Lão Hoá, Trẻ Hoá Da 25ml",11,Mặt Nạ Giấy,2001,Mặt Nạ,Chăm Sóc Da Mặt,Mặt Nạ,Mặt Nạ Giấy,Sức Khỏe - Làm Đẹp -> Chăm Sóc Da Mặt -> Mặt Nạ -> Mặt Nạ Giấy,False
P_4349,4349,Miếng Dán Mũi Lột Mụn Mayan Lô Hội (4 Miếng),25,Hỗ Trợ Trị Mụn,2004,Đặc Trị,Chăm Sóc Da Mặt,Đặc Trị,Hỗ Trợ Trị Mụn,Sức Khỏe - Làm Đẹp -> Chăm Sóc Da Mặt -> Đặc Trị -> Hỗ Trợ Trị Mụn,True
P_4350,4350,Mặt Nạ Lebelage Vitamin Sáng Da Căng Bóng 25ml,11,Mặt Nạ Giấy,2001,Mặt Nạ,Chăm Sóc Da Mặt,Mặt Nạ,Mặt Nạ Giấy,Sức Khỏe - Làm Đẹp -> Chăm Sóc Da Mặt -> Mặt Nạ -> Mặt Nạ Giấy,False
P_4352,4352,Mặt Nạ Mediheal Hỗ Trợ Làm Dịu Da 20ml,11,Mặt Nạ Giấy,2001,Mặt Nạ,Chăm Sóc Da Mặt,Mặt Nạ,Mặt Nạ Giấy,Sức Khỏe - Làm Đẹp -> Chăm Sóc Da Mặt -> Mặt Nạ -> Mặt Nạ Giấy,False
P_4353,4353,Mặt Nạ Colorkey B3 Dưỡng Sáng Và Tăng Độ Đàn Hồi 30ml,11,Mặt Nạ Giấy,2001,Mặt Nạ,Chăm Sóc Da Mặt,Mặt Nạ,Mặt Nạ Giấy,Sức Khỏe - Làm Đẹp -> Chăm Sóc Da Mặt -> Mặt Nạ -> Mặt Nạ Giấy,False
P_4354,4354,Mặt Nạ Mayan 3D Tinh Chất Collagen & Arbutin 25ml,11,Mặt Nạ Giấy,2001,Mặt Nạ,Chăm Sóc Da Mặt,Mặt Nạ,Mặt Nạ Giấy,Sức Khỏe - Làm Đẹp -> Chăm Sóc Da Mặt -> Mặt Nạ -> Mặt Nạ Giấy,False
P_4355,4355,Mặt Nạ Lebelage Aqua Cấp Ẩm Mềm Mịn Da 25ml,11,Mặt Nạ Giấy,2001,Mặt Nạ,Chăm Sóc Da Mặt,Mặt Nạ,Mặt Nạ Giấy,Sức Khỏe - Làm Đẹp -> Chăm Sóc Da Mặt -> Mặt Nạ -> Mặt Nạ Giấy,False
P_4357,4357,Mặt Nạ Dermal Chiết Xuất Lô Hội Làm Dịu Da 23g,11,Mặt Nạ Giấy,2001,Mặt Nạ,Chăm Sóc Da Mặt,Mặt Nạ,Mặt Nạ Giấy,Sức Khỏe - Làm Đẹp -> Chăm Sóc Da Mặt -> Mặt Nạ -> Mặt Nạ Giấy,False
P_4358,4358,"Combo 2 Mặt Nạ Keyshu Sợi Xơ Rau Má Cấp Ẩm, Ngừa Lão Hóa 30ml",11,Mặt Nạ Giấy,2001,Mặt Nạ,Chăm Sóc Da Mặt,Mặt Nạ,Mặt Nạ Giấy,Sức Khỏe - Làm Đẹp -> Chăm Sóc Da Mặt -> Mặt Nạ -> Mặt Nạ Giấy,False
P_4359,4359,Combo 2 Mặt Nạ Caryophy Phục Hồi Da Đa Năng 25g,11,Mặt Nạ Giấy,2001,Mặt Nạ,Chăm Sóc Da Mặt,Mặt Nạ,Mặt Nạ Giấy,Sức Khỏe - Làm Đẹp -> Chăm Sóc Da Mặt -> Mặt Nạ -> Mặt Nạ Giấy,False
P_4360,4360,"Combo L'Oreal Kem Chống Nắng X20 Thoáng Da Mỏng Nhẹ 50ml + Nước Tẩy Trang Tươi Mát Cho Da Dầu, Hỗn Hợp 400ml",3,Bộ Chăm Sóc Da Mặt,1001,Chăm Sóc Da Mặt,Chăm Sóc Da Mặt,Bộ Chăm Sóc Da Mặt,Bộ Chăm Sóc Da Mặt,Sức Khỏe - Làm Đẹp -> Chăm Sóc Da Mặt -> Bộ Chăm Sóc Da Mặt,False
P_4361,4361,Combo 2 Mặt Nạ Colorkey Dưỡng Ẩm Căng Bóng Rạng Rỡ Từ Sen Tuyết 25ml,11,Mặt Nạ Giấy,2001,Mặt Nạ,Chăm Sóc Da Mặt,Mặt Nạ,Mặt Nạ Giấy,Sức Khỏe - Làm Đẹp -> Chăm Sóc Da Mặt -> Mặt Nạ -> Mặt Nạ Giấy,False
P_4362,4362,Combo 2 Mặt Nạ Colorkey Dưỡng Ẩm Dịu Da Thảo Dược Đông Y 25ml,11,Mặt Nạ Giấy,2001,Mặt Nạ,Chăm Sóc Da Mặt,Mặt Nạ,Mặt Nạ Giấy,Sức Khỏe - Làm Đẹp -> Chăm Sóc Da Mặt -> Mặt Nạ -> Mặt Nạ Giấy,False
P_4364,4364,Combo L'Oreal Kem Chống Nắng X20 Thoáng Da Mỏng Nhẹ 50ml + Nước Tẩy Trang Sạch Sâu Trang Điểm 400ml,3,Bộ Chăm Sóc Da Mặt,1001,Chăm Sóc Da Mặt,Chăm Sóc Da Mặt,Bộ Chăm Sóc Da Mặt,Bộ Chăm Sóc Da Mặt,Sức Khỏe - Làm Đẹp -> Chăm Sóc Da Mặt -> Bộ Chăm Sóc Da Mặt,False
P_4365,4365,"Gel Rửa Mặt Cosrx Tràm Trà, 0.5% BHA Có Độ pH Thấp 150ml",1,Sữa Rửa Mặt,2002,Làm Sạch Da,Chăm Sóc Da Mặt,Làm Sạch Da,Sữa Rửa Mặt,Sức Khỏe - Làm Đẹp -> Chăm Sóc Da Mặt -> Làm Sạch Da -> Sữa Rửa Mặt,True
P_4367,4367,Combo L'Oreal Kem Chống Nắng X20 Thoáng Da Mỏng Nhẹ 50ml + Nước Tẩy Trang Căng Mịn Da 400ml,3,Bộ Chăm Sóc Da Mặt,1001,Chăm Sóc Da Mặt,Chăm Sóc Da Mặt,Bộ Chăm Sóc Da Mặt,Bộ Chăm Sóc Da Mặt,Sức Khỏe - Làm Đẹp -> Chăm Sóc Da Mặt -> Bộ Chăm Sóc Da Mặt,False
P_4368,4368,Combo L'Oreal Serum Sáng Da Mờ Thâm 30ml + Nước Tẩy Trang Tươi Mát Da 400ml,3,Bộ Chăm Sóc Da Mặt,1001,Chăm Sóc Da Mặt,Chăm Sóc Da Mặt,Bộ Chăm Sóc Da Mặt,Bộ Chăm Sóc Da Mặt,Sức Khỏe - Làm Đẹp -> Chăm Sóc Da Mặt -> Bộ Chăm Sóc Da Mặt,False
P_4369,4369,Combo Sunplay Sữa Chống Nắng Sáng Mịn 25g + Tinh Chất Chống Nắng Hiệu Chỉnh Sắc Da 50g,3,Bộ Chăm Sóc Da Mặt,1001,Chăm Sóc Da Mặt,Chăm Sóc Da Mặt,Bộ Chăm Sóc Da Mặt,Bộ Chăm Sóc Da Mặt,Sức Khỏe - Làm Đẹp -> Chăm Sóc Da Mặt -> Bộ Chăm Sóc Da Mặt,False
P_4370,4370,Combo L'Oreal Kem Chống Nắng X20 Thoáng Da Mỏng Nhẹ 50ml + Nước Tẩy Trang Sạch Sâu Cho Da Dầu 400ml,3,Bộ Chăm Sóc Da Mặt,1001,Chăm Sóc Da Mặt,Chăm Sóc Da Mặt,Bộ Chăm Sóc Da Mặt,Bộ Chăm Sóc Da Mặt,Sức Khỏe - Làm Đẹp -> Chăm Sóc Da Mặt -> Bộ Chăm Sóc Da Mặt,False
P_4371,4371,Combo L'Oreal Serum Cấp Ẩm 30ml + Nước Tẩy Trang Căng Mịn Da 400ml,3,Bộ Chăm Sóc Da Mặt,1001,Chăm Sóc Da Mặt,Chăm Sóc Da Mặt,Bộ Chăm Sóc Da Mặt,Bộ Chăm Sóc Da Mặt,Sức Khỏe - Làm Đẹp -> Chăm Sóc Da Mặt -> Bộ Chăm Sóc Da Mặt,False
P_4372,4372,Toner Klairs Hỗ Trợ Làm Sáng Da PDRN Thuần Chay 180ml,4,Toner / Nước Cân Bằng Da,2002,Làm Sạch Da,Chăm Sóc Da Mặt,Làm Sạch Da,Toner / Nước Cân Bằng Da,Sức Khỏe - Làm Đẹp -> Chăm Sóc Da Mặt -> Làm Sạch Da -> Toner / Nước Cân Bằng Da,False
P_4373,4373,Combo 2 Sữa Chống Nắng Sunplay Bảo Vệ Vượt Trội SPF50+ PA++++ 70g,6,Chống Nắng Da Mặt,1001,Chăm Sóc Da Mặt,Chăm Sóc Da Mặt,Chống Nắng Da Mặt,Chống Nắng Da Mặt,Sức Khỏe - Làm Đẹp -> Chăm Sóc Da Mặt -> Chống Nắng Da Mặt,True
P_4374,4374,Combo La Roche-Posay Nước Tẩy Trang Da Nhạy Cảm 400ml + Gel Rửa Mặt Da Dầu Mụn 50ml,3,Bộ Chăm Sóc Da Mặt,1001,Chăm Sóc Da Mặt,Chăm Sóc Da Mặt,Bộ Chăm Sóc Da Mặt,Bộ Chăm Sóc Da Mặt,Sức Khỏe - Làm Đẹp -> Chăm Sóc Da Mặt -> Bộ Chăm Sóc Da Mặt,False
P_4375,4375,"Combo 10 Mặt Nạ Emmié Tràm Trà Pionin Giảm Mụn, Giảm Sưng Đỏ 25g",11,Mặt Nạ Giấy,2001,Mặt Nạ,Chăm Sóc Da Mặt,Mặt Nạ,Mặt Nạ Giấy,Sức Khỏe - Làm Đẹp -> Chăm Sóc Da Mặt -> Mặt Nạ -> Mặt Nạ Giấy,False
P_4376,4376,Combo Cocoon Tẩy Da Chết Mặt Cà Phê Đắk Lắk 150ml + Mặt Nạ Nghệ Hưng Yên 30ml,17,Tẩy Tế Bào Chết Da Mặt,2002,Làm Sạch Da,Chăm Sóc Da Mặt,Làm Sạch Da,Tẩy Tế Bào Chết Da Mặt,Sức Khỏe - Làm Đẹp -> Chăm Sóc Da Mặt -> Làm Sạch Da -> Tẩy Tế Bào Chết Da Mặt,False
P_4377,4377,[Mini] Combo 2 Nước Hoa Hồng Klairs Không Mùi Cho Da Nhạy Cảm 30ml,4,Toner / Nước Cân Bằng Da,2002,Làm Sạch Da,Chăm Sóc Da Mặt,Làm Sạch Da,Toner / Nước Cân Bằng Da,Sức Khỏe - Làm Đẹp -> Chăm Sóc Da Mặt -> Làm Sạch Da -> Toner / Nước Cân Bằng Da,False
P_4378,4378,Combo Beplain Mặt Nạ Đất Sét Đậu Xanh Sạch Sâu 120ml + Kem Chống Nắng Vật Lý Kiềm Dầu Mịn Lì 50ml,3,Bộ Chăm Sóc Da Mặt,1001,Chăm Sóc Da Mặt,Chăm Sóc Da Mặt,Bộ Chăm Sóc Da Mặt,Bộ Chăm Sóc Da Mặt,Sức Khỏe - Làm Đẹp -> Chăm Sóc Da Mặt -> Bộ Chăm Sóc Da Mặt,False
P_4379,4379,Combo 3 Mặt Nạ Foodaholic Probiotics Tái Tạo Chuyên Sâu 23ml,11,Mặt Nạ Giấy,2001,Mặt Nạ,Chăm Sóc Da Mặt,Mặt Nạ,Mặt Nạ Giấy,Sức Khỏe - Làm Đẹp -> Chăm Sóc Da Mặt -> Mặt Nạ -> Mặt Nạ Giấy,False
P_4381,4381,[Mini] Mặt Nạ Bùn Colorkey Trà Xanh Cho Da Dầu Mụn 10g,19,Mặt Nạ Rửa,2001,Mặt Nạ,Chăm Sóc Da Mặt,Mặt Nạ,Mặt Nạ Rửa,Sức Khỏe - Làm Đẹp -> Chăm Sóc Da Mặt -> Mặt Nạ -> Mặt Nạ Rửa,False
P_4382,4382,Combo Garnier Nước Tẩy Trang Da Dầu Mụn 400ml + Serum Chống Nắng Kiềm Dầu & Giảm Mụn 30ml,3,Bộ Chăm Sóc Da Mặt,1001,Chăm Sóc Da Mặt,Chăm Sóc Da Mặt,Bộ Chăm Sóc Da Mặt,Bộ Chăm Sóc Da Mặt,Sức Khỏe - Làm Đẹp -> Chăm Sóc Da Mặt -> Bộ Chăm Sóc Da Mặt,False
P_4383,4383,Combo Nước Tẩy Trang Garnier Vitamin C Làm Sáng Da 400ml + Cho Da Dầu Và Mụn 50ml,2,Tẩy Trang Mặt,2002,Làm Sạch Da,Chăm Sóc Da Mặt,Làm Sạch Da,Tẩy Trang Mặt,Sức Khỏe - Làm Đẹp -> Chăm Sóc Da Mặt -> Làm Sạch Da -> Tẩy Trang Mặt,False
P_4384,4384,Combo La Roche-Posay Làm Sạch & Tẩy Trang Cho Da Nhạy Cảm 400mlx2,3,Bộ Chăm Sóc Da Mặt,1001,Chăm Sóc Da Mặt,Chăm Sóc Da Mặt,Bộ Chăm Sóc Da Mặt,Bộ Chăm Sóc Da Mặt,Sức Khỏe - Làm Đẹp -> Chăm Sóc Da Mặt -> Bộ Chăm Sóc Da Mặt,False
P_4386,4386,Combo Cocoon Tẩy Da Chết Mặt Cà Phê Đắk Lắk 150ml + Nước Tẩy Trang Bí Đao 140ml,3,Bộ Chăm Sóc Da Mặt,1001,Chăm Sóc Da Mặt,Chăm Sóc Da Mặt,Bộ Chăm Sóc Da Mặt,Bộ Chăm Sóc Da Mặt,Sức Khỏe - Làm Đẹp -> Chăm Sóc Da Mặt -> Bộ Chăm Sóc Da Mặt,False
P_4387,4387,"Combo 3 Mặt Nạ BNBG Exosome Nâng Cơ, Trẻ Hoá Da 30ml",11,Mặt Nạ Giấy,2001,Mặt Nạ,Chăm Sóc Da Mặt,Mặt Nạ,Mặt Nạ Giấy,Sức Khỏe - Làm Đẹp -> Chăm Sóc Da Mặt -> Mặt Nạ -> Mặt Nạ Giấy,False
P_4388,4388,Combo L'Oreal Serum Sáng Da 30ml + Kem Dưỡng Sáng Da Ban Ngày 50ml,3,Bộ Chăm Sóc Da Mặt,1001,Chăm Sóc Da Mặt,Chăm Sóc Da Mặt,Bộ Chăm Sóc Da Mặt,Bộ Chăm Sóc Da Mặt,Sức Khỏe - Làm Đẹp -> Chăm Sóc Da Mặt -> Bộ Chăm Sóc Da Mặt,False
P_4389,4389,Combo Cocoon Sữa Chống Nắng + Kem Chống Nắng Bí Đao Quang Phổ Rộng 50mlx2,6,Chống Nắng Da Mặt,1001,Chăm Sóc Da Mặt,Chăm Sóc Da Mặt,Chống Nắng Da Mặt,Chống Nắng Da Mặt,Sức Khỏe - Làm Đẹp -> Chăm Sóc Da Mặt -> Chống Nắng Da Mặt,True
P_4391,4391,Combo Mặt Nạ Nghệ Hưng Yên Giúp Da Rạng Rỡ Mịn Màng 30ml + Tẩy Da Chết Môi Cà Phê Đắk Lắk 5g,19,Mặt Nạ Rửa,2001,Mặt Nạ,Chăm Sóc Da Mặt,Mặt Nạ,Mặt Nạ Rửa,Sức Khỏe - Làm Đẹp -> Chăm Sóc Da Mặt -> Mặt Nạ -> Mặt Nạ Rửa,False
P_4394,4394,"Combo Cocoon Mặt Nạ Bí Đao Giảm Dầu, Mụn 30ml + Tẩy Da Chết Toàn Thân Cà Phê Đắk Lắk 200ml",19,Mặt Nạ Rửa,2001,Mặt Nạ,Chăm Sóc Da Mặt,Mặt Nạ,Mặt Nạ Rửa,Sức Khỏe - Làm Đẹp -> Chăm Sóc Da Mặt -> Mặt Nạ -> Mặt Nạ Rửa,False
P_4395,4395,Combo Caryophy Kem Chống Nắng Nâng Tone 50ml + Sữa Rửa Mặt Ngừa Mụn 150ml,3,Bộ Chăm Sóc Da Mặt,1001,Chăm Sóc Da Mặt,Chăm Sóc Da Mặt,Bộ Chăm Sóc Da Mặt,Bộ Chăm Sóc Da Mặt,Sức Khỏe - Làm Đẹp -> Chăm Sóc Da Mặt -> Bộ Chăm Sóc Da Mặt,False
P_4398,4398,Combo Caryophy Gel Tẩy Tế Bào Chết 250ml + Sữa Rửa Mặt Ngừa Mụn Giảm Thâm 150ml,3,Bộ Chăm Sóc Da Mặt,1001,Chăm Sóc Da Mặt,Chăm Sóc Da Mặt,Bộ Chăm Sóc Da Mặt,Bộ Chăm Sóc Da Mặt,Sức Khỏe - Làm Đẹp -> Chăm Sóc Da Mặt -> Bộ Chăm Sóc Da Mặt,False
P_4399,4399,Combo Cocoon Kem Chống Nắng 50ml + Nước Tẩy Trang Bí Đao 140ml,3,Bộ Chăm Sóc Da Mặt,1001,Chăm Sóc Da Mặt,Chăm Sóc Da Mặt,Bộ Chăm Sóc Da Mặt,Bộ Chăm Sóc Da Mặt,Sức Khỏe - Làm Đẹp -> Chăm Sóc Da Mặt -> Bộ Chăm Sóc Da Mặt,False
P_4400,4400,Combo Cocoon Nước Tẩy Trang Bí Đao 500ml & Nước Tẩy Trang Bí Đao 140ml,2,Tẩy Trang Mặt,2002,Làm Sạch Da,Chăm Sóc Da Mặt,Làm Sạch Da,Tẩy Trang Mặt,Sức Khỏe - Làm Đẹp -> Chăm Sóc Da Mặt -> Làm Sạch Da -> Tẩy Trang Mặt,False
P_4401,4401,Combo Nước Tẩy Trang Cocoon Sen Hậu Giang 500ml + Nước Tẩy Trang Bí Đao 500ml,2,Tẩy Trang Mặt,2002,Làm Sạch Da,Chăm Sóc Da Mặt,Làm Sạch Da,Tẩy Trang Mặt,Sức Khỏe - Làm Đẹp -> Chăm Sóc Da Mặt -> Làm Sạch Da -> Tẩy Trang Mặt,False
P_4402,4402,Combo 2 Nước Tẩy Trang Garnier Vitamin C Làm Sáng Da 400ml,2,Tẩy Trang Mặt,2002,Làm Sạch Da,Chăm Sóc Da Mặt,Làm Sạch Da,Tẩy Trang Mặt,Sức Khỏe - Làm Đẹp -> Chăm Sóc Da Mặt -> Làm Sạch Da -> Tẩy Trang Mặt,False
P_4403,4403,Mặt Nạ Bio-essence Tinh Chất Rau Má Phục Hồi Da 25ml (Mới),11,Mặt Nạ Giấy,2001,Mặt Nạ,Chăm Sóc Da Mặt,Mặt Nạ,Mặt Nạ Giấy,Sức Khỏe - Làm Đẹp -> Chăm Sóc Da Mặt -> Mặt Nạ -> Mặt Nạ Giấy,False
P_4406,4406,Combo Bioderma Nước Tẩy Trang 500ml + Gel Rửa Mặt Cho Da Dầu & Hỗn Hợp 200ml,3,Bộ Chăm Sóc Da Mặt,1001,Chăm Sóc Da Mặt,Chăm Sóc Da Mặt,Bộ Chăm Sóc Da Mặt,Bộ Chăm Sóc Da Mặt,Sức Khỏe - Làm Đẹp -> Chăm Sóc Da Mặt -> Bộ Chăm Sóc Da Mặt,False
P_4408,4408,Combo Skin1004 Kem Chống Nắng Cho Da Nhạy Cảm 50ml + Serum Rau Má Làm Dịu Da 55ml,3,Bộ Chăm Sóc Da Mặt,1001,Chăm Sóc Da Mặt,Chăm Sóc Da Mặt,Bộ Chăm Sóc Da Mặt,Bộ Chăm Sóc Da Mặt,Sức Khỏe - Làm Đẹp -> Chăm Sóc Da Mặt -> Bộ Chăm Sóc Da Mặt,False
P_4409,4409,Combo 5 Mặt Nạ Foodaholic Probiotics Tái Tạo Chuyên Sâu 23ml,11,Mặt Nạ Giấy,2001,Mặt Nạ,Chăm Sóc Da Mặt,Mặt Nạ,Mặt Nạ Giấy,Sức Khỏe - Làm Đẹp -> Chăm Sóc Da Mặt -> Mặt Nạ -> Mặt Nạ Giấy,False
P_4411,4411,Combo 2 Kem Dưỡng L'Oreal Siêu Cấp Ẩm Căng Mịn Da 50ml+15ml,7,Kem / Gel / Dầu Dưỡng,2003,Dưỡng Ẩm,Chăm Sóc Da Mặt,Dưỡng Ẩm,Kem / Gel / Dầu Dưỡng,Sức Khỏe - Làm Đẹp -> Chăm Sóc Da Mặt -> Dưỡng Ẩm -> Kem / Gel / Dầu Dưỡng,True
P_4415,4415,"Mặt Nạ innisfree Cấp Nước, Dịu Da Từ Nha Đam 22ml (Mới)",11,Mặt Nạ Giấy,2001,Mặt Nạ,Chăm Sóc Da Mặt,Mặt Nạ,Mặt Nạ Giấy,Sức Khỏe - Làm Đẹp -> Chăm Sóc Da Mặt -> Mặt Nạ -> Mặt Nạ Giấy,False
P_4417,4417,Combo Cocoon Kem Chống Nắng Bí Đao 50ml + Nước Tẩy Trang Bí Đao 500ml,3,Bộ Chăm Sóc Da Mặt,1001,Chăm Sóc Da Mặt,Chăm Sóc Da Mặt,Bộ Chăm Sóc Da Mặt,Bộ Chăm Sóc Da Mặt,Sức Khỏe - Làm Đẹp -> Chăm Sóc Da Mặt -> Bộ Chăm Sóc Da Mặt,False
P_4421,4421,Combo Cocoon Nước Cân Bằng Sen Hậu Giang 310ml + Nước Tẩy Trang Bí Đao 140ml,4,Toner / Nước Cân Bằng Da,2002,Làm Sạch Da,Chăm Sóc Da Mặt,Làm Sạch Da,Toner / Nước Cân Bằng Da,Sức Khỏe - Làm Đẹp -> Chăm Sóc Da Mặt -> Làm Sạch Da -> Toner / Nước Cân Bằng Da,False
P_4422,4422,Combo Anessa Gel Chống Nắng Dưỡng Ẩm & Sữa Chống Nắng Kiềm Dầu 90g+60ml,6,Chống Nắng Da Mặt,1001,Chăm Sóc Da Mặt,Chăm Sóc Da Mặt,Chống Nắng Da Mặt,Chống Nắng Da Mặt,Sức Khỏe - Làm Đẹp -> Chăm Sóc Da Mặt -> Chống Nắng Da Mặt,True
P_4423,4423,"Combo Simple Nước Hoa Hồng Làm Dịu Da & Cấp Ẩm 200ml + Gel Rửa Mặt Thanh Khiết, Giảm Bóng Nhờn 150ml",3,Bộ Chăm Sóc Da Mặt,1001,Chăm Sóc Da Mặt,Chăm Sóc Da Mặt,Bộ Chăm Sóc Da Mặt,Bộ Chăm Sóc Da Mặt,Sức Khỏe - Làm Đẹp -> Chăm Sóc Da Mặt -> Bộ Chăm Sóc Da Mặt,False
P_4424,4424,Kem Chống Nắng Beplain Nâng Tông Hồng Đào 50ml,6,Chống Nắng Da Mặt,1001,Chăm Sóc Da Mặt,Chăm Sóc Da Mặt,Chống Nắng Da Mặt,Chống Nắng Da Mặt,Sức Khỏe - Làm Đẹp -> Chăm Sóc Da Mặt -> Chống Nắng Da Mặt,True
P_4429,4429,Combo Cetaphil Kem Dưỡng Ẩm 50g + Sữa Rửa Mặt Cho Da Nhạy Cảm 250ml (Mới),3,Bộ Chăm Sóc Da Mặt,1001,Chăm Sóc Da Mặt,Chăm Sóc Da Mặt,Bộ Chăm Sóc Da Mặt,Bộ Chăm Sóc Da Mặt,Sức Khỏe - Làm Đẹp -> Chăm Sóc Da Mặt -> Bộ Chăm Sóc Da Mặt,False
P_4430,4430,Combo Skin1004 Sữa Rửa Mặt Cho Da Nhạy Cảm 125ml + Nước Hoa Hồng Phục Hồi & Tái Tạo Da 210ml,3,Bộ Chăm Sóc Da Mặt,1001,Chăm Sóc Da Mặt,Chăm Sóc Da Mặt,Bộ Chăm Sóc Da Mặt,Bộ Chăm Sóc Da Mặt,Sức Khỏe - Làm Đẹp -> Chăm Sóc Da Mặt -> Bộ Chăm Sóc Da Mặt,False
P_4437,4437,Combo Cetaphil Kem Dưỡng Ẩm 50g + Sữa Rửa Mặt Tạo Bọt Cho Da Nhạy Cảm 473ml,3,Bộ Chăm Sóc Da Mặt,1001,Chăm Sóc Da Mặt,Chăm Sóc Da Mặt,Bộ Chăm Sóc Da Mặt,Bộ Chăm Sóc Da Mặt,Sức Khỏe - Làm Đẹp -> Chăm Sóc Da Mặt -> Bộ Chăm Sóc Da Mặt,False
P_4438,4438,Combo Cocoon Gel Rửa Mặt Bí Đao 310ml + Nước Cân Bằng Bí Đao 310ml,3,Bộ Chăm Sóc Da Mặt,1001,Chăm Sóc Da Mặt,Chăm Sóc Da Mặt,Bộ Chăm Sóc Da Mặt,Bộ Chăm Sóc Da Mặt,Sức Khỏe - Làm Đẹp -> Chăm Sóc Da Mặt -> Bộ Chăm Sóc Da Mặt,False
P_4447,4447,Hộp 5 Mặt Nạ Chando Tinh Chất Niacinamide Hỗ Trợ Sáng Da 33ml,11,Mặt Nạ Giấy,2001,Mặt Nạ,Chăm Sóc Da Mặt,Mặt Nạ,Mặt Nạ Giấy,Sức Khỏe - Làm Đẹp -> Chăm Sóc Da Mặt -> Mặt Nạ -> Mặt Nạ Giấy,False
P_4448,4448,Combo Cocoon Nước Bí Đao Cân Bằng Da 310ml + Nước Tẩy Trang Bí Đao 140ml,3,Bộ Chăm Sóc Da Mặt,1001,Chăm Sóc Da Mặt,Chăm Sóc Da Mặt,Bộ Chăm Sóc Da Mặt,Bộ Chăm Sóc Da Mặt,Sức Khỏe - Làm Đẹp -> Chăm Sóc Da Mặt -> Bộ Chăm Sóc Da Mặt,False
P_4449,4449,Combo 2 Nước Tẩy Trang Garnier Làm Sạch Tế Bào Da Chết 400ml,2,Tẩy Trang Mặt,2002,Làm Sạch Da,Chăm Sóc Da Mặt,Làm Sạch Da,Tẩy Trang Mặt,Sức Khỏe - Làm Đẹp -> Chăm Sóc Da Mặt -> Làm Sạch Da -> Tẩy Trang Mặt,False
P_4450,4450,Kem Dưỡng Ẩm Klairs Làm Dịu & Phục Hồi Da Ban Đêm 60g,7,Kem / Gel / Dầu Dưỡng,2003,Dưỡng Ẩm,Chăm Sóc Da Mặt,Dưỡng Ẩm,Kem / Gel / Dầu Dưỡng,Sức Khỏe - Làm Đẹp -> Chăm Sóc Da Mặt -> Dưỡng Ẩm -> Kem / Gel / Dầu Dưỡng,True
P_4451,4451,"Sữa Rửa Mặt Laboratorios Babé Dịu Êm Cho Da Dầu, Mụn 200ml",1,Sữa Rửa Mặt,2002,Làm Sạch Da,Chăm Sóc Da Mặt,Làm Sạch Da,Sữa Rửa Mặt,Sức Khỏe - Làm Đẹp -> Chăm Sóc Da Mặt -> Làm Sạch Da -> Sữa Rửa Mặt,True
P_4454,4454,Combo 15 Mặt Nạ Emmié Sáng Da Mịn Màng Từ Cam Thảo 23g,11,Mặt Nạ Giấy,2001,Mặt Nạ,Chăm Sóc Da Mặt,Mặt Nạ,Mặt Nạ Giấy,Sức Khỏe - Làm Đẹp -> Chăm Sóc Da Mặt -> Mặt Nạ -> Mặt Nạ Giấy,False
P_4456,4456,Combo Nước Tẩy Trang Garnier Làm Sạch Tế Bào Da Chết 400mlx2 + Cho Da Dầu Và Mụn 50mlx2,2,Tẩy Trang Mặt,2002,Làm Sạch Da,Chăm Sóc Da Mặt,Làm Sạch Da,Tẩy Trang Mặt,Sức Khỏe - Làm Đẹp -> Chăm Sóc Da Mặt -> Làm Sạch Da -> Tẩy Trang Mặt,False
P_4457,4457,Kem Dưỡng Beplain Peptide Đậu Xanh Chăm Sóc Lỗ Chân Lông 60ml,7,Kem / Gel / Dầu Dưỡng,2003,Dưỡng Ẩm,Chăm Sóc Da Mặt,Dưỡng Ẩm,Kem / Gel / Dầu Dưỡng,Sức Khỏe - Làm Đẹp -> Chăm Sóc Da Mặt -> Dưỡng Ẩm -> Kem / Gel / Dầu Dưỡng,True
P_4460,4460,"Kem Chống Nắng Beplain Vật Lý, Nâng Tông, Giảm Đỏ 50ml",6,Chống Nắng Da Mặt,1001,Chăm Sóc Da Mặt,Chăm Sóc Da Mặt,Chống Nắng Da Mặt,Chống Nắng Da Mặt,Sức Khỏe - Làm Đẹp -> Chăm Sóc Da Mặt -> Chống Nắng Da Mặt,True
P_4468,4468,"Combo 10 Mặt Nạ Banobagi Thư Giãn, Làm Dịu & Phục Hồi Da 30g",11,Mặt Nạ Giấy,2001,Mặt Nạ,Chăm Sóc Da Mặt,Mặt Nạ,Mặt Nạ Giấy,Sức Khỏe - Làm Đẹp -> Chăm Sóc Da Mặt -> Mặt Nạ -> Mặt Nạ Giấy,False
P_4473,4473,Combo Cocoon Nước Tẩy Trang Bí Đao Giảm Dầu 140ml + Sữa Rửa Mặt Sen Hậu Giang Dịu Da Nhạy Cảm 310ml,2,Tẩy Trang Mặt,2002,Làm Sạch Da,Chăm Sóc Da Mặt,Làm Sạch Da,Tẩy Trang Mặt,Sức Khỏe - Làm Đẹp -> Chăm Sóc Da Mặt -> Làm Sạch Da -> Tẩy Trang Mặt,False
P_4475,4475,Combo 2 Sáp Tẩy Trang Banila Co Original Cho Mọi Loại Da 100ml,2,Tẩy Trang Mặt,2002,Làm Sạch Da,Chăm Sóc Da Mặt,Làm Sạch Da,Tẩy Trang Mặt,Sức Khỏe - Làm Đẹp -> Chăm Sóc Da Mặt -> Làm Sạch Da -> Tẩy Trang Mặt,False
P_4476,4476,"Sữa Rửa Mặt Hatomugi Ý Dĩ Hỗ Trợ Ngừa Mụn, Sáng Da 130g",1,Sữa Rửa Mặt,2002,Làm Sạch Da,Chăm Sóc Da Mặt,Làm Sạch Da,Sữa Rửa Mặt,Sức Khỏe - Làm Đẹp -> Chăm Sóc Da Mặt -> Làm Sạch Da -> Sữa Rửa Mặt,True
P_4477,4477,Combo Cocoon Nước Tẩy Trang 500ml + Sữa Rửa Mặt 310ml Sen Hậu Giang Cho Da Rất Nhạy Cảm,2,Tẩy Trang Mặt,2002,Làm Sạch Da,Chăm Sóc Da Mặt,Làm Sạch Da,Tẩy Trang Mặt,Sức Khỏe - Làm Đẹp -> Chăm Sóc Da Mặt -> Làm Sạch Da -> Tẩy Trang Mặt,False
P_4479,4479,Combo 3 Sữa Chống Nắng Anessa Dưỡng Da Kiềm Dầu 60ml+20mlx2 (Bản Mới),6,Chống Nắng Da Mặt,1001,Chăm Sóc Da Mặt,Chăm Sóc Da Mặt,Chống Nắng Da Mặt,Chống Nắng Da Mặt,Sức Khỏe - Làm Đẹp -> Chăm Sóc Da Mặt -> Chống Nắng Da Mặt,True
P_4480,4480,Combo Kem Dưỡng L'Oreal Ngừa Rãnh Nhăn Lão Hóa Sớm Ngày Đêm 50mlx2,7,Kem / Gel / Dầu Dưỡng,2003,Dưỡng Ẩm,Chăm Sóc Da Mặt,Dưỡng Ẩm,Kem / Gel / Dầu Dưỡng,Sức Khỏe - Làm Đẹp -> Chăm Sóc Da Mặt -> Dưỡng Ẩm -> Kem / Gel / Dầu Dưỡng,True
P_4481,4481,Combo 2 Gel Chống Nắng L'Oreal Watergel Thế Hệ Mới 50ml,6,Chống Nắng Da Mặt,1001,Chăm Sóc Da Mặt,Chăm Sóc Da Mặt,Chống Nắng Da Mặt,Chống Nắng Da Mặt,Sức Khỏe - Làm Đẹp -> Chăm Sóc Da Mặt -> Chống Nắng Da Mặt,True
P_4484,4484,"Bộ Sản Phẩm Sunplay & Hada Labo Làm Sạch, Cấp Ẩm, Bảo Vệ Da Thường 3 Món",3,Bộ Chăm Sóc Da Mặt,1001,Chăm Sóc Da Mặt,Chăm Sóc Da Mặt,Bộ Chăm Sóc Da Mặt,Bộ Chăm Sóc Da Mặt,Sức Khỏe - Làm Đẹp -> Chăm Sóc Da Mặt -> Bộ Chăm Sóc Da Mặt,False
P_4489,4489,Mặt Nạ innisfree Dưỡng Ẩm & Dịu Da Từ Rau Má 22ml (Mới),11,Mặt Nạ Giấy,2001,Mặt Nạ,Chăm Sóc Da Mặt,Mặt Nạ,Mặt Nạ Giấy,Sức Khỏe - Làm Đẹp -> Chăm Sóc Da Mặt -> Mặt Nạ -> Mặt Nạ Giấy,False
P_4490,4490,Combo 10 Mặt Nạ B.O.M Dưỡng Ẩm Và Dịu Da 25g,11,Mặt Nạ Giấy,2001,Mặt Nạ,Chăm Sóc Da Mặt,Mặt Nạ,Mặt Nạ Giấy,Sức Khỏe - Làm Đẹp -> Chăm Sóc Da Mặt -> Mặt Nạ -> Mặt Nạ Giấy,False
P_4491,4491,Serum Dưỡng Mắt Axis-Y Thuần Chay Cải Thiện Nếp Nhăn 10ml,38,Serum / Kem Dưỡng Mắt,2005,Dưỡng Mắt,Chăm Sóc Da Mặt,Dưỡng Mắt,Serum / Kem Dưỡng Mắt,Sức Khỏe - Làm Đẹp -> Chăm Sóc Da Mặt -> Dưỡng Mắt -> Serum / Kem Dưỡng Mắt,False
P_4493,4493,Combo Garnier Serum Chống Nắng Mỏng Nhẹ 30ml + Nước Tẩy Trang Sạch Sâu 50ml,3,Bộ Chăm Sóc Da Mặt,1001,Chăm Sóc Da Mặt,Chăm Sóc Da Mặt,Bộ Chăm Sóc Da Mặt,Bộ Chăm Sóc Da Mặt,Sức Khỏe - Làm Đẹp -> Chăm Sóc Da Mặt -> Bộ Chăm Sóc Da Mặt,False
P_4496,4496,Combo Garnier Nước Tẩy Trang 400ml + Gel Rửa Mặt 120ml Làm Sạch Sâu Cho Da Dầu Mụn,3,Bộ Chăm Sóc Da Mặt,1001,Chăm Sóc Da Mặt,Chăm Sóc Da Mặt,Bộ Chăm Sóc Da Mặt,Bộ Chăm Sóc Da Mặt,Sức Khỏe - Làm Đẹp -> Chăm Sóc Da Mặt -> Bộ Chăm Sóc Da Mặt,False
P_4497,4497,"Combo Cocoon Sữa Chống Nắng Bí Đao Quang Phổ Rộng 50ml + Tinh Chất Bí Đao Giảm Mụn, Mờ Thâm 70ml",3,Bộ Chăm Sóc Da Mặt,1001,Chăm Sóc Da Mặt,Chăm Sóc Da Mặt,Bộ Chăm Sóc Da Mặt,Bộ Chăm Sóc Da Mặt,Sức Khỏe - Làm Đẹp -> Chăm Sóc Da Mặt -> Bộ Chăm Sóc Da Mặt,False
P_4498,4498,Combo Cocoon Kem Dưỡng & Nước Tẩy Trang Bí Đao Giảm Dầu Mụn 30ml+140ml,3,Bộ Chăm Sóc Da Mặt,1001,Chăm Sóc Da Mặt,Chăm Sóc Da Mặt,Bộ Chăm Sóc Da Mặt,Bộ Chăm Sóc Da Mặt,Sức Khỏe - Làm Đẹp -> Chăm Sóc Da Mặt -> Bộ Chăm Sóc Da Mặt,False
P_4500,4500,Combo 2 Gel Chống Nắng Anessa Dưỡng Ẩm Bảo Vệ Hoàn Hảo 90g (Mới),6,Chống Nắng Da Mặt,1001,Chăm Sóc Da Mặt,Chăm Sóc Da Mặt,Chống Nắng Da Mặt,Chống Nắng Da Mặt,Sức Khỏe - Làm Đẹp -> Chăm Sóc Da Mặt -> Chống Nắng Da Mặt,True
P_4501,4501,Sữa Rửa Mặt Beplain Đậu Xanh Sạch Sâu Cho Mọi Loại Da 80ml,1,Sữa Rửa Mặt,2002,Làm Sạch Da,Chăm Sóc Da Mặt,Làm Sạch Da,Sữa Rửa Mặt,Sức Khỏe - Làm Đẹp -> Chăm Sóc Da Mặt -> Làm Sạch Da -> Sữa Rửa Mặt,True
P_4502,4502,Combo Cocoon Gel Rửa Mặt 140ml + Mặt Nạ Bí Đao Giảm Dầu & Mụn 30ml,3,Bộ Chăm Sóc Da Mặt,1001,Chăm Sóc Da Mặt,Chăm Sóc Da Mặt,Bộ Chăm Sóc Da Mặt,Bộ Chăm Sóc Da Mặt,Sức Khỏe - Làm Đẹp -> Chăm Sóc Da Mặt -> Bộ Chăm Sóc Da Mặt,False
P_4503,4503,Combo Cocoon Tinh Chất Nghệ Hưng Yên x2.2 30ml + Sữa Chống Nắng Bí Đao 50ml,3,Bộ Chăm Sóc Da Mặt,1001,Chăm Sóc Da Mặt,Chăm Sóc Da Mặt,Bộ Chăm Sóc Da Mặt,Bộ Chăm Sóc Da Mặt,Sức Khỏe - Làm Đẹp -> Chăm Sóc Da Mặt -> Bộ Chăm Sóc Da Mặt,False
P_4506,4506,Combo Cocoon Kem Chống Nắng Phổ Rộng 50ml & Tinh Chất Bí Đao 70ml,3,Bộ Chăm Sóc Da Mặt,1001,Chăm Sóc Da Mặt,Chăm Sóc Da Mặt,Bộ Chăm Sóc Da Mặt,Bộ Chăm Sóc Da Mặt,Sức Khỏe - Làm Đẹp -> Chăm Sóc Da Mặt -> Bộ Chăm Sóc Da Mặt,False
P_4507,4507,Combo 2 Kem Chống Nắng Beplain Nâng Tông Hồng Đào 50ml,6,Chống Nắng Da Mặt,1001,Chăm Sóc Da Mặt,Chăm Sóc Da Mặt,Chống Nắng Da Mặt,Chống Nắng Da Mặt,Sức Khỏe - Làm Đẹp -> Chăm Sóc Da Mặt -> Chống Nắng Da Mặt,True
P_4508,4508,Bộ Sản Phẩm L'Oreal Kem Dưỡng Ngừa Rãnh Nhăn Ngày Đêm 50mlx2 + Nước Tẩy Trang Căng Mịn Da 95ml + Serum Cấp Ẩm Sáng Da 7.5ml,7,Kem / Gel / Dầu Dưỡng,2003,Dưỡng Ẩm,Chăm Sóc Da Mặt,Dưỡng Ẩm,Kem / Gel / Dầu Dưỡng,Sức Khỏe - Làm Đẹp -> Chăm Sóc Da Mặt -> Dưỡng Ẩm -> Kem / Gel / Dầu Dưỡng,True
P_4509,4509,Combo 2 Xịt Khoáng Avène Cấp Nước Dịu Da 300ml,30,Xịt Khoáng,2003,Dưỡng Ẩm,Chăm Sóc Da Mặt,Dưỡng Ẩm,Xịt Khoáng,Sức Khỏe - Làm Đẹp -> Chăm Sóc Da Mặt -> Dưỡng Ẩm -> Xịt Khoáng,False
P_4511,4511,"Combo Cocoon Nước Tẩy Trang 140ml + Tinh Chất Bí Đao Giảm Dầu Mụn, Mờ Thâm 70ml",3,Bộ Chăm Sóc Da Mặt,1001,Chăm Sóc Da Mặt,Chăm Sóc Da Mặt,Bộ Chăm Sóc Da Mặt,Bộ Chăm Sóc Da Mặt,Sức Khỏe - Làm Đẹp -> Chăm Sóc Da Mặt -> Bộ Chăm Sóc Da Mặt,False
P_4513,4513,Combo 2 Nước Tẩy Trang Hada Labo Sạch Sâu Dưỡng Ẩm 240ml,2,Tẩy Trang Mặt,2002,Làm Sạch Da,Chăm Sóc Da Mặt,Làm Sạch Da,Tẩy Trang Mặt,Sức Khỏe - Làm Đẹp -> Chăm Sóc Da Mặt -> Làm Sạch Da -> Tẩy Trang Mặt,False
P_4515,4515,Mặt Nạ The Saem Chiết Xuất Hoa Hồng Dưỡng Sáng Giữ Ẩm 21ml,11,Mặt Nạ Giấy,2001,Mặt Nạ,Chăm Sóc Da Mặt,Mặt Nạ,Mặt Nạ Giấy,Sức Khỏe - Làm Đẹp -> Chăm Sóc Da Mặt -> Mặt Nạ -> Mặt Nạ Giấy,False
P_4520,4520,Combo 2 Tinh Chất Chống Nắng Sunplay Hiệu Chỉnh Sắc Da 50g (Xanh Dương),6,Chống Nắng Da Mặt,1001,Chăm Sóc Da Mặt,Chăm Sóc Da Mặt,Chống Nắng Da Mặt,Chống Nắng Da Mặt,Sức Khỏe - Làm Đẹp -> Chăm Sóc Da Mặt -> Chống Nắng Da Mặt,True
P_4522,4522,Combo 2 Mặt Nạ Torriden Vitamin C Sáng Da 26ml,11,Mặt Nạ Giấy,2001,Mặt Nạ,Chăm Sóc Da Mặt,Mặt Nạ,Mặt Nạ Giấy,Sức Khỏe - Làm Đẹp -> Chăm Sóc Da Mặt -> Mặt Nạ -> Mặt Nạ Giấy,False
P_4525,4525,Combo Cocoon Túi Refill Tẩy Da Chết Toàn Thân 600ml + Nước Tẩy Trang Bí Đao 500ml,3,Bộ Chăm Sóc Da Mặt,1001,Chăm Sóc Da Mặt,Chăm Sóc Da Mặt,Bộ Chăm Sóc Da Mặt,Bộ Chăm Sóc Da Mặt,Sức Khỏe - Làm Đẹp -> Chăm Sóc Da Mặt -> Bộ Chăm Sóc Da Mặt,False
P_4526,4526,"Serum Beplain Rau Má PDRN Phục Hồi, Cấp Ẩm, Căng Bóng Da 30ml",9,Serum / Tinh Chất,2004,Đặc Trị,Chăm Sóc Da Mặt,Đặc Trị,Serum / Tinh Chất,Sức Khỏe - Làm Đẹp -> Chăm Sóc Da Mặt -> Đặc Trị -> Serum / Tinh Chất,True
P_4530,4530,"Combo Torriden Serum 50ml + Kem Dưỡng 80ml Làm Dịu, Phục Hồi Da",3,Bộ Chăm Sóc Da Mặt,1001,Chăm Sóc Da Mặt,Chăm Sóc Da Mặt,Bộ Chăm Sóc Da Mặt,Bộ Chăm Sóc Da Mặt,Sức Khỏe - Làm Đẹp -> Chăm Sóc Da Mặt -> Bộ Chăm Sóc Da Mặt,False
P_4531,4531,Combo Cocoon Dầu Tẩy Trang Chiết Xuất Hoa Hồng 140ml + Mặt Nạ Bí Đao Giảm Dầu & Mụn 30ml,3,Bộ Chăm Sóc Da Mặt,1001,Chăm Sóc Da Mặt,Chăm Sóc Da Mặt,Bộ Chăm Sóc Da Mặt,Bộ Chăm Sóc Da Mặt,Sức Khỏe - Làm Đẹp -> Chăm Sóc Da Mặt -> Bộ Chăm Sóc Da Mặt,False
P_4535,4535,Combo Cocoon Sữa Chống Nắng Bí Đao 50ml + Tinh Chất Nghệ Hưng Yên 30ml,3,Bộ Chăm Sóc Da Mặt,1001,Chăm Sóc Da Mặt,Chăm Sóc Da Mặt,Bộ Chăm Sóc Da Mặt,Bộ Chăm Sóc Da Mặt,Sức Khỏe - Làm Đẹp -> Chăm Sóc Da Mặt -> Bộ Chăm Sóc Da Mặt,False
P_4540,4540,Combo Cocoon Kem Chống Nắng Bí Đao 50ml & Tinh Chất Nghệ Hưng Yên 30ml,3,Bộ Chăm Sóc Da Mặt,1001,Chăm Sóc Da Mặt,Chăm Sóc Da Mặt,Bộ Chăm Sóc Da Mặt,Bộ Chăm Sóc Da Mặt,Sức Khỏe - Làm Đẹp -> Chăm Sóc Da Mặt -> Bộ Chăm Sóc Da Mặt,False
P_4544,4544,Combo 2 Kem Dưỡng Bioderma Giúp Se Khít Lỗ Chân Lông 30ml,7,Kem / Gel / Dầu Dưỡng,2003,Dưỡng Ẩm,Chăm Sóc Da Mặt,Dưỡng Ẩm,Kem / Gel / Dầu Dưỡng,Sức Khỏe - Làm Đẹp -> Chăm Sóc Da Mặt -> Dưỡng Ẩm -> Kem / Gel / Dầu Dưỡng,True
P_4545,4545,Sữa Rửa Mặt Beplain Đậu Xanh Sạch Sâu Cho Mọi Loại Da 160ml,1,Sữa Rửa Mặt,2002,Làm Sạch Da,Chăm Sóc Da Mặt,Làm Sạch Da,Sữa Rửa Mặt,Sức Khỏe - Làm Đẹp -> Chăm Sóc Da Mặt -> Làm Sạch Da -> Sữa Rửa Mặt,True
P_4550,4550,Kem Dưỡng The Lab Sáng Da Cấp Ẩm Căng Mướt 50ml,7,Kem / Gel / Dầu Dưỡng,2003,Dưỡng Ẩm,Chăm Sóc Da Mặt,Dưỡng Ẩm,Kem / Gel / Dầu Dưỡng,Sức Khỏe - Làm Đẹp -> Chăm Sóc Da Mặt -> Dưỡng Ẩm -> Kem / Gel / Dầu Dưỡng,True
P_4551,4551,Combo Kem Dưỡng Neutrogena Cho Da Khô 50g + Da Dầu 15g,3,Bộ Chăm Sóc Da Mặt,1001,Chăm Sóc Da Mặt,Chăm Sóc Da Mặt,Bộ Chăm Sóc Da Mặt,Bộ Chăm Sóc Da Mặt,Sức Khỏe - Làm Đẹp -> Chăm Sóc Da Mặt -> Bộ Chăm Sóc Da Mặt,False
P_4552,4552,Tẩy Da Chết Dr.G Dịu Nhẹ Hỗ Trợ Dưỡng Sáng Da Mờ Thâm 120g,17,Tẩy Tế Bào Chết Da Mặt,2002,Làm Sạch Da,Chăm Sóc Da Mặt,Làm Sạch Da,Tẩy Tế Bào Chết Da Mặt,Sức Khỏe - Làm Đẹp -> Chăm Sóc Da Mặt -> Làm Sạch Da -> Tẩy Tế Bào Chết Da Mặt,False
P_4553,4553,Combo Cocoon Nước Bí Đao Cân Bằng Da 140ml + Nước Tẩy Trang Bí Đao 140ml,3,Bộ Chăm Sóc Da Mặt,1001,Chăm Sóc Da Mặt,Chăm Sóc Da Mặt,Bộ Chăm Sóc Da Mặt,Bộ Chăm Sóc Da Mặt,Sức Khỏe - Làm Đẹp -> Chăm Sóc Da Mặt -> Bộ Chăm Sóc Da Mặt,False
P_4554,4554,"Combo 2 Mặt Nạ Torriden Làm Dịu & Phục Hồi Da Mụn, Nhạy Cảm 25ml",11,Mặt Nạ Giấy,2001,Mặt Nạ,Chăm Sóc Da Mặt,Mặt Nạ,Mặt Nạ Giấy,Sức Khỏe - Làm Đẹp -> Chăm Sóc Da Mặt -> Mặt Nạ -> Mặt Nạ Giấy,False
P_4562,4562,"Combo 2 Kem Chống Nắng Beplain Vật Lý, Nâng Tông, Giảm Đỏ 50ml",6,Chống Nắng Da Mặt,1001,Chăm Sóc Da Mặt,Chăm Sóc Da Mặt,Chống Nắng Da Mặt,Chống Nắng Da Mặt,Sức Khỏe - Làm Đẹp -> Chăm Sóc Da Mặt -> Chống Nắng Da Mặt,True
P_4565,4565,"Combo 20 Mặt Nạ Keyshu Vitamin C Cấp Ẩm, Sáng Mịn Da 30ml",11,Mặt Nạ Giấy,2001,Mặt Nạ,Chăm Sóc Da Mặt,Mặt Nạ,Mặt Nạ Giấy,Sức Khỏe - Làm Đẹp -> Chăm Sóc Da Mặt -> Mặt Nạ -> Mặt Nạ Giấy,False
P_4567,4567,Combo Vichy Serum Phục Hồi 30ml + Kem Dưỡng Ngừa Lão Hóa 15ml,3,Bộ Chăm Sóc Da Mặt,1001,Chăm Sóc Da Mặt,Chăm Sóc Da Mặt,Bộ Chăm Sóc Da Mặt,Bộ Chăm Sóc Da Mặt,Sức Khỏe - Làm Đẹp -> Chăm Sóc Da Mặt -> Bộ Chăm Sóc Da Mặt,False
P_4569,4569,Combo 6 Kem Chống Nắng Cell Fusion C Nâng Tông Da 50ml,6,Chống Nắng Da Mặt,1001,Chăm Sóc Da Mặt,Chăm Sóc Da Mặt,Chống Nắng Da Mặt,Chống Nắng Da Mặt,Sức Khỏe - Làm Đẹp -> Chăm Sóc Da Mặt -> Chống Nắng Da Mặt,True
P_4573,4573,Bộ Sản Phẩm Axis-Y Mờ Thâm Bật Sáng Chống Nắng 2 Món,9,Serum / Tinh Chất,2004,Đặc Trị,Chăm Sóc Da Mặt,Đặc Trị,Serum / Tinh Chất,Sức Khỏe - Làm Đẹp -> Chăm Sóc Da Mặt -> Đặc Trị -> Serum / Tinh Chất,True
P_4574,4574,Combo 2 Son Dưỡng LipIce Hiệu Chỉnh Sắc Môi - Hồng Cam + Hồng Đất 2.4g,18,Son Dưỡng Môi,2006,Dưỡng Môi,Chăm Sóc Da Mặt,Dưỡng Môi,Son Dưỡng Môi,Sức Khỏe - Làm Đẹp -> Chăm Sóc Da Mặt -> Dưỡng Môi -> Son Dưỡng Môi,False
P_4579,4579,Kem Chống Nắng The Lab Nâng Tông SPF50+ PA++++ 40ml (Mới),6,Chống Nắng Da Mặt,1001,Chăm Sóc Da Mặt,Chăm Sóc Da Mặt,Chống Nắng Da Mặt,Chống Nắng Da Mặt,Sức Khỏe - Làm Đẹp -> Chăm Sóc Da Mặt -> Chống Nắng Da Mặt,True
P_4584,4584,Kem Dưỡng Axis-Y Chiết Xuất Diếp Cá Cấp Ẩm Dịu Da 60ml,7,Kem / Gel / Dầu Dưỡng,2003,Dưỡng Ẩm,Chăm Sóc Da Mặt,Dưỡng Ẩm,Kem / Gel / Dầu Dưỡng,Sức Khỏe - Làm Đẹp -> Chăm Sóc Da Mặt -> Dưỡng Ẩm -> Kem / Gel / Dầu Dưỡng,True
P_4592,4592,Serum Shimbi Method Dạng Xịt Dưỡng Ẩm Da 50ml,9,Serum / Tinh Chất,2004,Đặc Trị,Chăm Sóc Da Mặt,Đặc Trị,Serum / Tinh Chất,Sức Khỏe - Làm Đẹp -> Chăm Sóc Da Mặt -> Đặc Trị -> Serum / Tinh Chất,True
P_4593,4593,Combo 2 Son Dưỡng LipIce Hiệu Chỉnh Sắc Môi - Hồng Đất + Đỏ Gạch 2.4g,18,Son Dưỡng Môi,2006,Dưỡng Môi,Chăm Sóc Da Mặt,Dưỡng Môi,Son Dưỡng Môi,Sức Khỏe - Làm Đẹp -> Chăm Sóc Da Mặt -> Dưỡng Môi -> Son Dưỡng Môi,False
P_4595,4595,Gel Tẩy Tế Bào Chết Axis-Y PHA Dịu Nhẹ 50ml,17,Tẩy Tế Bào Chết Da Mặt,2002,Làm Sạch Da,Chăm Sóc Da Mặt,Làm Sạch Da,Tẩy Tế Bào Chết Da Mặt,Sức Khỏe - Làm Đẹp -> Chăm Sóc Da Mặt -> Làm Sạch Da -> Tẩy Tế Bào Chết Da Mặt,False
P_4597,4597,"Combo 5 Mặt Nạ Foodaholic Vitamin A Sáng Da, Ngừa Lão Hóa 23g",11,Mặt Nạ Giấy,2001,Mặt Nạ,Chăm Sóc Da Mặt,Mặt Nạ,Mặt Nạ Giấy,Sức Khỏe - Làm Đẹp -> Chăm Sóc Da Mặt -> Mặt Nạ -> Mặt Nạ Giấy,False
P_4600,4600,Serum Shimbi Method Dạng Xịt Tẩy Tế Bào Chết 60ml,9,Serum / Tinh Chất,2004,Đặc Trị,Chăm Sóc Da Mặt,Đặc Trị,Serum / Tinh Chất,Sức Khỏe - Làm Đẹp -> Chăm Sóc Da Mặt -> Đặc Trị -> Serum / Tinh Chất,True
P_4605,4605,"Combo 10 Mặt Nạ Foodaholic Acid Tẩy Tế Bào Chết, Giảm Mụn 23ml",11,Mặt Nạ Giấy,2001,Mặt Nạ,Chăm Sóc Da Mặt,Mặt Nạ,Mặt Nạ Giấy,Sức Khỏe - Làm Đẹp -> Chăm Sóc Da Mặt -> Mặt Nạ -> Mặt Nạ Giấy,False
P_4606,4606,Nước Hoa Hồng The Lab Cấp Ẩm Căng Mướt 150ml,4,Toner / Nước Cân Bằng Da,2002,Làm Sạch Da,Chăm Sóc Da Mặt,Làm Sạch Da,Toner / Nước Cân Bằng Da,Sức Khỏe - Làm Đẹp -> Chăm Sóc Da Mặt -> Làm Sạch Da -> Toner / Nước Cân Bằng Da,False
P_4611,4611,Combo Eucerin Tinh Chất Giảm Thâm Mụn 40ml + Kem Dưỡng Kiểm Soát Dầu 50ml,3,Bộ Chăm Sóc Da Mặt,1001,Chăm Sóc Da Mặt,Chăm Sóc Da Mặt,Bộ Chăm Sóc Da Mặt,Bộ Chăm Sóc Da Mặt,Sức Khỏe - Làm Đẹp -> Chăm Sóc Da Mặt -> Bộ Chăm Sóc Da Mặt,False
P_4612,4612,"Combo 20 Mặt Nạ Keyshu Cúc La Mã Cấp Ẩm, Phục Hồi Dịu Da 30ml",11,Mặt Nạ Giấy,2001,Mặt Nạ,Chăm Sóc Da Mặt,Mặt Nạ,Mặt Nạ Giấy,Sức Khỏe - Làm Đẹp -> Chăm Sóc Da Mặt -> Mặt Nạ -> Mặt Nạ Giấy,False
P_4616,4616,Combo 2 Son Dưỡng Môi Vaseline Chiết Xuất Bơ Cacao 4.8g,18,Son Dưỡng Môi,2006,Dưỡng Môi,Chăm Sóc Da Mặt,Dưỡng Môi,Son Dưỡng Môi,Sức Khỏe - Làm Đẹp -> Chăm Sóc Da Mặt -> Dưỡng Môi -> Son Dưỡng Môi,False
P_4625,4625,Combo 10 Mặt Nạ B.O.M Dưỡng Ẩm Da 25g,11,Mặt Nạ Giấy,2001,Mặt Nạ,Chăm Sóc Da Mặt,Mặt Nạ,Mặt Nạ Giấy,Sức Khỏe - Làm Đẹp -> Chăm Sóc Da Mặt -> Mặt Nạ -> Mặt Nạ Giấy,False
P_4626,4626,"Combo Torriden Serum Dưỡng Ẩm Sâu, Sáng Bóng 50ml + Kem Chống Nắng Nâng Tông 60ml",3,Bộ Chăm Sóc Da Mặt,1001,Chăm Sóc Da Mặt,Chăm Sóc Da Mặt,Bộ Chăm Sóc Da Mặt,Bộ Chăm Sóc Da Mặt,Sức Khỏe - Làm Đẹp -> Chăm Sóc Da Mặt -> Bộ Chăm Sóc Da Mặt,False
P_4629,4629,"Bộ Sản Phẩm Torriden Serum Dưỡng Ẩm 50ml + Kem Dưỡng Dịu Mát, Dưỡng Ẩm 100ml + Toner Pad Làm Mát Cho Da Mụn 60 Miếng",3,Bộ Chăm Sóc Da Mặt,1001,Chăm Sóc Da Mặt,Chăm Sóc Da Mặt,Bộ Chăm Sóc Da Mặt,Bộ Chăm Sóc Da Mặt,Sức Khỏe - Làm Đẹp -> Chăm Sóc Da Mặt -> Bộ Chăm Sóc Da Mặt,False
P_4634,4634,Combo Cocoon Nước Tẩy Trang Bí Đao Giảm Dầu 500ml + Mặt Nạ Nghệ Hưng Yên Giúp Da Rạng Rỡ 100ml,3,Bộ Chăm Sóc Da Mặt,1001,Chăm Sóc Da Mặt,Chăm Sóc Da Mặt,Bộ Chăm Sóc Da Mặt,Bộ Chăm Sóc Da Mặt,Sức Khỏe - Làm Đẹp -> Chăm Sóc Da Mặt -> Bộ Chăm Sóc Da Mặt,False
P_4635,4635,"Combo Torriden Serum Dưỡng Ẩm Sâu, Sáng Bóng 50ml + Serum Se Khít Lỗ Chân Lông 30ml",9,Serum / Tinh Chất,2004,Đặc Trị,Chăm Sóc Da Mặt,Đặc Trị,Serum / Tinh Chất,Sức Khỏe - Làm Đẹp -> Chăm Sóc Da Mặt -> Đặc Trị -> Serum / Tinh Chất,True
P_4636,4636,Combo 2 Serum Olay Sức Mạnh Từ 5 Dưỡng Chất Trong 1 30ml,9,Serum / Tinh Chất,2004,Đặc Trị,Chăm Sóc Da Mặt,Đặc Trị,Serum / Tinh Chất,Sức Khỏe - Làm Đẹp -> Chăm Sóc Da Mặt -> Đặc Trị -> Serum / Tinh Chất,True
P_4637,4637,Toner B.O.M Hyaluronic Acid Dưỡng Ẩm Da 200ml,4,Toner / Nước Cân Bằng Da,2002,Làm Sạch Da,Chăm Sóc Da Mặt,Làm Sạch Da,Toner / Nước Cân Bằng Da,Sức Khỏe - Làm Đẹp -> Chăm Sóc Da Mặt -> Làm Sạch Da -> Toner / Nước Cân Bằng Da,False
P_4639,4639,Combo 10 Mặt Nạ B.O.M Dưỡng Sáng Da 25g,11,Mặt Nạ Giấy,2001,Mặt Nạ,Chăm Sóc Da Mặt,Mặt Nạ,Mặt Nạ Giấy,Sức Khỏe - Làm Đẹp -> Chăm Sóc Da Mặt -> Mặt Nạ -> Mặt Nạ Giấy,False
P_4642,4642,Nước Dưỡng Shimbi Method Làm Dịu Da 120ml,37,Lotion / Sữa Dưỡng,2003,Dưỡng Ẩm,Chăm Sóc Da Mặt,Dưỡng Ẩm,Lotion / Sữa Dưỡng,Sức Khỏe - Làm Đẹp -> Chăm Sóc Da Mặt -> Dưỡng Ẩm -> Lotion / Sữa Dưỡng,False
P_4643,4643,Combo Cocoon Nước Tẩy Trang + Dầu Tẩy Trang Hoa Hồng Cấp Ẩm Da 310ml+140ml,2,Tẩy Trang Mặt,2002,Làm Sạch Da,Chăm Sóc Da Mặt,Làm Sạch Da,Tẩy Trang Mặt,Sức Khỏe - Làm Đẹp -> Chăm Sóc Da Mặt -> Làm Sạch Da -> Tẩy Trang Mặt,False
P_4649,4649,Serum Swiss Image Dưỡng Ẩm Chuyên Sâu & Sáng Da 30ml,9,Serum / Tinh Chất,2004,Đặc Trị,Chăm Sóc Da Mặt,Đặc Trị,Serum / Tinh Chất,Sức Khỏe - Làm Đẹp -> Chăm Sóc Da Mặt -> Đặc Trị -> Serum / Tinh Chất,True
P_4654,4654,Kem Chống Nắng Garnier Watergel Tươi Mát Da 30ml,6,Chống Nắng Da Mặt,1001,Chăm Sóc Da Mặt,Chăm Sóc Da Mặt,Chống Nắng Da Mặt,Chống Nắng Da Mặt,Sức Khỏe - Làm Đẹp -> Chăm Sóc Da Mặt -> Chống Nắng Da Mặt,True
P_4655,4655,Combo 2 Tinh Chất Cocoon Nghệ Hưng Yên x2.2 Sáng Da Chuyên Sâu 30ml,9,Serum / Tinh Chất,2004,Đặc Trị,Chăm Sóc Da Mặt,Đặc Trị,Serum / Tinh Chất,Sức Khỏe - Làm Đẹp -> Chăm Sóc Da Mặt -> Đặc Trị -> Serum / Tinh Chất,True
P_4657,4657,Combo Sữa Chống Nắng Sunplay 50g + Tinh Chất Melano CC Sáng Da 20ml,3,Bộ Chăm Sóc Da Mặt,1001,Chăm Sóc Da Mặt,Chăm Sóc Da Mặt,Bộ Chăm Sóc Da Mặt,Bộ Chăm Sóc Da Mặt,Sức Khỏe - Làm Đẹp -> Chăm Sóc Da Mặt -> Bộ Chăm Sóc Da Mặt,False
P_4658,4658,"Combo 2 Kem Dưỡng Bio-essence Cấp Ẩm Sâu, Ngăn Bụi Bẩn 50g",7,Kem / Gel / Dầu Dưỡng,2003,Dưỡng Ẩm,Chăm Sóc Da Mặt,Dưỡng Ẩm,Kem / Gel / Dầu Dưỡng,Sức Khỏe - Làm Đẹp -> Chăm Sóc Da Mặt -> Dưỡng Ẩm -> Kem / Gel / Dầu Dưỡng,True
P_4660,4660,"Combo 2 Son Dưỡng LipIce Thỏ Bảy Màu Hương Trà Đào, Hồng Cam + Hương Choco Mint, Hồng Ửng Đỏ 2.4g",18,Son Dưỡng Môi,2006,Dưỡng Môi,Chăm Sóc Da Mặt,Dưỡng Môi,Son Dưỡng Môi,Sức Khỏe - Làm Đẹp -> Chăm Sóc Da Mặt -> Dưỡng Môi -> Son Dưỡng Môi,False
P_4661,4661,Sữa Rửa Mặt Klairs Dưỡng Sáng & Cải Thiện Lỗ Chân Lông 150ml,1,Sữa Rửa Mặt,2002,Làm Sạch Da,Chăm Sóc Da Mặt,Làm Sạch Da,Sữa Rửa Mặt,Sức Khỏe - Làm Đẹp -> Chăm Sóc Da Mặt -> Làm Sạch Da -> Sữa Rửa Mặt,True
P_4663,4663,Bộ Sản Phẩm Menard Lisciare Dưỡng Ẩm Và Sáng Da 4 Món,3,Bộ Chăm Sóc Da Mặt,1001,Chăm Sóc Da Mặt,Chăm Sóc Da Mặt,Bộ Chăm Sóc Da Mặt,Bộ Chăm Sóc Da Mặt,Sức Khỏe - Làm Đẹp -> Chăm Sóc Da Mặt -> Bộ Chăm Sóc Da Mặt,False
P_4664,4664,Combo La Roche-Posay Chống Nắng Kiềm Dầu & Tẩy Trang Da Dầu,3,Bộ Chăm Sóc Da Mặt,1001,Chăm Sóc Da Mặt,Chăm Sóc Da Mặt,Bộ Chăm Sóc Da Mặt,Bộ Chăm Sóc Da Mặt,Sức Khỏe - Làm Đẹp -> Chăm Sóc Da Mặt -> Bộ Chăm Sóc Da Mặt,False
P_4668,4668,"Combo 20 Mặt Nạ Emmié Cấp Ẩm Sâu, Dịu Da Từ Tảo Biển 23g",11,Mặt Nạ Giấy,2001,Mặt Nạ,Chăm Sóc Da Mặt,Mặt Nạ,Mặt Nạ Giấy,Sức Khỏe - Làm Đẹp -> Chăm Sóc Da Mặt -> Mặt Nạ -> Mặt Nạ Giấy,False
P_4669,4669,Dầu Tẩy Trang Naris Acne Grand Dành Cho Da Mụn 100ml,2,Tẩy Trang Mặt,2002,Làm Sạch Da,Chăm Sóc Da Mặt,Làm Sạch Da,Tẩy Trang Mặt,Sức Khỏe - Làm Đẹp -> Chăm Sóc Da Mặt -> Làm Sạch Da -> Tẩy Trang Mặt,False
P_4670,4670,Combo La Roche-Posay Chống Nắng Kiềm Dầu + Gel Rửa Mặt & Tắm,3,Bộ Chăm Sóc Da Mặt,1001,Chăm Sóc Da Mặt,Chăm Sóc Da Mặt,Bộ Chăm Sóc Da Mặt,Bộ Chăm Sóc Da Mặt,Sức Khỏe - Làm Đẹp -> Chăm Sóc Da Mặt -> Bộ Chăm Sóc Da Mặt,False
P_4675,4675,Serum Chống Nắng Sunplay Ngừa Sạm Nám Dạng Sữa 50g,6,Chống Nắng Da Mặt,1001,Chăm Sóc Da Mặt,Chăm Sóc Da Mặt,Chống Nắng Da Mặt,Chống Nắng Da Mặt,Sức Khỏe - Làm Đẹp -> Chăm Sóc Da Mặt -> Chống Nắng Da Mặt,True
P_4679,4679,Toner Swiss Image Dạng Xịt Dưỡng Ẩm Phục Hồi 150ml,4,Toner / Nước Cân Bằng Da,2002,Làm Sạch Da,Chăm Sóc Da Mặt,Làm Sạch Da,Toner / Nước Cân Bằng Da,Sức Khỏe - Làm Đẹp -> Chăm Sóc Da Mặt -> Làm Sạch Da -> Toner / Nước Cân Bằng Da,False
P_4686,4686,Combo Cetaphil Kem Chống Nắng Vật Lý Cho Da Nhạy Cảm 50g + Sữa Rửa Mặt Cho Da Dầu Nhạy Cảm 125ml,3,Bộ Chăm Sóc Da Mặt,1001,Chăm Sóc Da Mặt,Chăm Sóc Da Mặt,Bộ Chăm Sóc Da Mặt,Bộ Chăm Sóc Da Mặt,Sức Khỏe - Làm Đẹp -> Chăm Sóc Da Mặt -> Bộ Chăm Sóc Da Mặt,False
P_4688,4688,Serum Eucerin Dưỡng Cho Da Mụn 40ml,9,Serum / Tinh Chất,2004,Đặc Trị,Chăm Sóc Da Mặt,Đặc Trị,Serum / Tinh Chất,Sức Khỏe - Làm Đẹp -> Chăm Sóc Da Mặt -> Đặc Trị -> Serum / Tinh Chất,True
P_4693,4693,Combo 50 Mặt Nạ Sinh Học Emmié Cấp Ẩm Sâu & Dưỡng Sáng Da 25g,11,Mặt Nạ Giấy,2001,Mặt Nạ,Chăm Sóc Da Mặt,Mặt Nạ,Mặt Nạ Giấy,Sức Khỏe - Làm Đẹp -> Chăm Sóc Da Mặt -> Mặt Nạ -> Mặt Nạ Giấy,False
P_4695,4695,Nước Dưỡng Shimbi Method Cấp Ẩm Da 120ml,37,Lotion / Sữa Dưỡng,2003,Dưỡng Ẩm,Chăm Sóc Da Mặt,Dưỡng Ẩm,Lotion / Sữa Dưỡng,Sức Khỏe - Làm Đẹp -> Chăm Sóc Da Mặt -> Dưỡng Ẩm -> Lotion / Sữa Dưỡng,False
P_4696,4696,Combo Neutrogena Kem Chống Nắng 88ml + Kem Dưỡng Cho Da Dầu 15g,3,Bộ Chăm Sóc Da Mặt,1001,Chăm Sóc Da Mặt,Chăm Sóc Da Mặt,Bộ Chăm Sóc Da Mặt,Bộ Chăm Sóc Da Mặt,Sức Khỏe - Làm Đẹp -> Chăm Sóc Da Mặt -> Bộ Chăm Sóc Da Mặt,False
P_4699,4699,Combo 2 Tinh Chất Chống Nắng Sunplay Hiệu Chỉnh Sắc Da 50g (Hồng),6,Chống Nắng Da Mặt,1001,Chăm Sóc Da Mặt,Chăm Sóc Da Mặt,Chống Nắng Da Mặt,Chống Nắng Da Mặt,Sức Khỏe - Làm Đẹp -> Chăm Sóc Da Mặt -> Chống Nắng Da Mặt,True
P_4701,4701,Combo 2 Dầu Tẩy Trang Cocoon Chiết Xuất Hoa Hồng 140ml,2,Tẩy Trang Mặt,2002,Làm Sạch Da,Chăm Sóc Da Mặt,Làm Sạch Da,Tẩy Trang Mặt,Sức Khỏe - Làm Đẹp -> Chăm Sóc Da Mặt -> Làm Sạch Da -> Tẩy Trang Mặt,False
P_4702,4702,"Mặt Nạ B.O.M Sáng Da, Cải Thiện Độ Đàn Hồi Và Cấp Ẩm 25g",11,Mặt Nạ Giấy,2001,Mặt Nạ,Chăm Sóc Da Mặt,Mặt Nạ,Mặt Nạ Giấy,Sức Khỏe - Làm Đẹp -> Chăm Sóc Da Mặt -> Mặt Nạ -> Mặt Nạ Giấy,False
P_4704,4704,Hộp 5 Mặt Nạ Chando Thảo Dược Se Khít Lỗ Chân Lông Comfrey 26ml,11,Mặt Nạ Giấy,2001,Mặt Nạ,Chăm Sóc Da Mặt,Mặt Nạ,Mặt Nạ Giấy,Sức Khỏe - Làm Đẹp -> Chăm Sóc Da Mặt -> Mặt Nạ -> Mặt Nạ Giấy,False
P_4707,4707,Hộp 5 Mặt Nạ Chando Thảo Dược Cấp Ẩm Dịu Da Tuyết Liên 26ml,11,Mặt Nạ Giấy,2001,Mặt Nạ,Chăm Sóc Da Mặt,Mặt Nạ,Mặt Nạ Giấy,Sức Khỏe - Làm Đẹp -> Chăm Sóc Da Mặt -> Mặt Nạ -> Mặt Nạ Giấy,False
P_4708,4708,Son Dưỡng BYS Hỗ Trợ Làm Đầy Clear Glaze - Màu Trong Suốt 13ml,18,Son Dưỡng Môi,2006,Dưỡng Môi,Chăm Sóc Da Mặt,Dưỡng Môi,Son Dưỡng Môi,Sức Khỏe - Làm Đẹp -> Chăm Sóc Da Mặt -> Dưỡng Môi -> Son Dưỡng Môi,False
P_4709,4709,Son Dưỡng Có Màu Maybelline 004 Đỏ Anh Đào​ ​2.8g,18,Son Dưỡng Môi,2006,Dưỡng Môi,Chăm Sóc Da Mặt,Dưỡng Môi,Son Dưỡng Môi,Sức Khỏe - Làm Đẹp -> Chăm Sóc Da Mặt -> Dưỡng Môi -> Son Dưỡng Môi,False
P_4711,4711,Gel Rửa Mặt Swiss Image Dưỡng Ẩm Chuyên Sâu 200ml,1,Sữa Rửa Mặt,2002,Làm Sạch Da,Chăm Sóc Da Mặt,Làm Sạch Da,Sữa Rửa Mặt,Sức Khỏe - Làm Đẹp -> Chăm Sóc Da Mặt -> Làm Sạch Da -> Sữa Rửa Mặt,True
P_4712,4712,"Mặt Nạ Cathy Doll Dưỡng Ẩm Mịn, Mờ Nếp Nhăn 20g",11,Mặt Nạ Giấy,2001,Mặt Nạ,Chăm Sóc Da Mặt,Mặt Nạ,Mặt Nạ Giấy,Sức Khỏe - Làm Đẹp -> Chăm Sóc Da Mặt -> Mặt Nạ -> Mặt Nạ Giấy,False
P_4714,4714,Combo 2 Kem Chống Nắng Bio-essence Dưỡng Ẩm Da 40ml,6,Chống Nắng Da Mặt,1001,Chăm Sóc Da Mặt,Chăm Sóc Da Mặt,Chống Nắng Da Mặt,Chống Nắng Da Mặt,Sức Khỏe - Làm Đẹp -> Chăm Sóc Da Mặt -> Chống Nắng Da Mặt,True
P_4716,4716,Kem Chống Nắng Australis Le Tan SPF50 Cho Da Nhạy Cảm 70ml,6,Chống Nắng Da Mặt,1001,Chăm Sóc Da Mặt,Chăm Sóc Da Mặt,Chống Nắng Da Mặt,Chống Nắng Da Mặt,Sức Khỏe - Làm Đẹp -> Chăm Sóc Da Mặt -> Chống Nắng Da Mặt,True
P_4720,4720,Combo Cocoon Tinh Chất Bí Đao N15 70ml & Kem Chống Nắng 50ml,3,Bộ Chăm Sóc Da Mặt,1001,Chăm Sóc Da Mặt,Chăm Sóc Da Mặt,Bộ Chăm Sóc Da Mặt,Bộ Chăm Sóc Da Mặt,Sức Khỏe - Làm Đẹp -> Chăm Sóc Da Mặt -> Bộ Chăm Sóc Da Mặt,False
P_4722,4722,Serum Garnier Tăng Cường Sáng Da Mờ Thâm 1.5mlx12,9,Serum / Tinh Chất,2004,Đặc Trị,Chăm Sóc Da Mặt,Đặc Trị,Serum / Tinh Chất,Sức Khỏe - Làm Đẹp -> Chăm Sóc Da Mặt -> Đặc Trị -> Serum / Tinh Chất,True
P_4726,4726,Combo Embryolisse Sữa Rửa Mặt Làm Sạch Sâu 200ml + Sữa Dưỡng Ẩm Siêu Phục Hồi Da 30ml,3,Bộ Chăm Sóc Da Mặt,1001,Chăm Sóc Da Mặt,Chăm Sóc Da Mặt,Bộ Chăm Sóc Da Mặt,Bộ Chăm Sóc Da Mặt,Sức Khỏe - Làm Đẹp -> Chăm Sóc Da Mặt -> Bộ Chăm Sóc Da Mặt,False
P_4727,4727,Son Dưỡng BYS Căng Mọng Pink Pomelo - Hồng Baby 1.8g,18,Son Dưỡng Môi,2006,Dưỡng Môi,Chăm Sóc Da Mặt,Dưỡng Môi,Son Dưỡng Môi,Sức Khỏe - Làm Đẹp -> Chăm Sóc Da Mặt -> Dưỡng Môi -> Son Dưỡng Môi,False
P_4728,4728,Gel Dưỡng Oxy Dưỡng Sáng Và Bảo Vệ Da Cho Nam 50g,7,Kem / Gel / Dầu Dưỡng,2003,Dưỡng Ẩm,Chăm Sóc Da Mặt,Dưỡng Ẩm,Kem / Gel / Dầu Dưỡng,Sức Khỏe - Làm Đẹp -> Chăm Sóc Da Mặt -> Dưỡng Ẩm -> Kem / Gel / Dầu Dưỡng,True
P_4729,4729,Combo 5 Mặt Nạ Hada Labo Tinh Chất Dưỡng Sáng Da Cao Cấp 23g,11,Mặt Nạ Giấy,2001,Mặt Nạ,Chăm Sóc Da Mặt,Mặt Nạ,Mặt Nạ Giấy,Sức Khỏe - Làm Đẹp -> Chăm Sóc Da Mặt -> Mặt Nạ -> Mặt Nạ Giấy,False
P_4730,4730,Serum Freeplus Cấp Ẩm Sâu & Làm Mềm Da Khô 80ml,9,Serum / Tinh Chất,2004,Đặc Trị,Chăm Sóc Da Mặt,Đặc Trị,Serum / Tinh Chất,Sức Khỏe - Làm Đẹp -> Chăm Sóc Da Mặt -> Đặc Trị -> Serum / Tinh Chất,True
P_4735,4735,Tinh Chất Cocoon Bí Đao N15 Giảm Bóng Nhờn Và Giảm Mụn 70ml,9,Serum / Tinh Chất,2004,Đặc Trị,Chăm Sóc Da Mặt,Đặc Trị,Serum / Tinh Chất,Sức Khỏe - Làm Đẹp -> Chăm Sóc Da Mặt -> Đặc Trị -> Serum / Tinh Chất,True
P_4740,4740,Combo 3 Mặt Nạ Bio-essence Mẫu Đơn Hoàng Cung 20ml,11,Mặt Nạ Giấy,2001,Mặt Nạ,Chăm Sóc Da Mặt,Mặt Nạ,Mặt Nạ Giấy,Sức Khỏe - Làm Đẹp -> Chăm Sóc Da Mặt -> Mặt Nạ -> Mặt Nạ Giấy,False
P_4742,4742,"Combo 2 Nước Tẩy Trang Hada Labo Sạch Sâu Cho Da Mụn, Nhạy Cảm 240ml",2,Tẩy Trang Mặt,2002,Làm Sạch Da,Chăm Sóc Da Mặt,Làm Sạch Da,Tẩy Trang Mặt,Sức Khỏe - Làm Đẹp -> Chăm Sóc Da Mặt -> Làm Sạch Da -> Tẩy Trang Mặt,False
P_4744,4744,Combo 2 Nước Tẩy Trang Hada Labo Sạch Sâu Dưỡng Sáng 240ml,2,Tẩy Trang Mặt,2002,Làm Sạch Da,Chăm Sóc Da Mặt,Làm Sạch Da,Tẩy Trang Mặt,Sức Khỏe - Làm Đẹp -> Chăm Sóc Da Mặt -> Làm Sạch Da -> Tẩy Trang Mặt,False
P_4745,4745,Hộp 5 Mặt Nạ Chando Tinh Chất Vitamin B5 Hỗ Trợ Dịu Da 28ml,11,Mặt Nạ Giấy,2001,Mặt Nạ,Chăm Sóc Da Mặt,Mặt Nạ,Mặt Nạ Giấy,Sức Khỏe - Làm Đẹp -> Chăm Sóc Da Mặt -> Mặt Nạ -> Mặt Nạ Giấy,False
P_4746,4746,"Combo Dung Dịch Hada Labo Dưỡng Ẩm Tối Ưu Da Thường, Khô 170ml + Túi Refill 170ml",37,Lotion / Sữa Dưỡng,2003,Dưỡng Ẩm,Chăm Sóc Da Mặt,Dưỡng Ẩm,Lotion / Sữa Dưỡng,Sức Khỏe - Làm Đẹp -> Chăm Sóc Da Mặt -> Dưỡng Ẩm -> Lotion / Sữa Dưỡng,False
P_4747,4747,Combo 10 Mặt Nạ Torriden Dưỡng Ẩm Sâu Cho Da 27ml,11,Mặt Nạ Giấy,2001,Mặt Nạ,Chăm Sóc Da Mặt,Mặt Nạ,Mặt Nạ Giấy,Sức Khỏe - Làm Đẹp -> Chăm Sóc Da Mặt -> Mặt Nạ -> Mặt Nạ Giấy,False
P_4748,4748,Hộp 5 Mặt Nạ Chando Thảo Dược Cấp Ẩm Sáng Da Gentiana 26ml,11,Mặt Nạ Giấy,2001,Mặt Nạ,Chăm Sóc Da Mặt,Mặt Nạ,Mặt Nạ Giấy,Sức Khỏe - Làm Đẹp -> Chăm Sóc Da Mặt -> Mặt Nạ -> Mặt Nạ Giấy,False
P_4749,4749,Mặt Nạ Avander Chiết Xuất Trái Cây Tổng Hợp Dưỡng Sáng Da 25g,11,Mặt Nạ Giấy,2001,Mặt Nạ,Chăm Sóc Da Mặt,Mặt Nạ,Mặt Nạ Giấy,Sức Khỏe - Làm Đẹp -> Chăm Sóc Da Mặt -> Mặt Nạ -> Mặt Nạ Giấy,False
P_4752,4752,Son Dưỡng Có Màu Maybelline 005 Cam Đào San Hô​ ​2.8g,18,Son Dưỡng Môi,2006,Dưỡng Môi,Chăm Sóc Da Mặt,Dưỡng Môi,Son Dưỡng Môi,Sức Khỏe - Làm Đẹp -> Chăm Sóc Da Mặt -> Dưỡng Môi -> Son Dưỡng Môi,False
P_4756,4756,Serum Bioderma Dưỡng Ẩm Và Làm Dịu Dành Cho Da Nhạy Cảm 30ml,9,Serum / Tinh Chất,2004,Đặc Trị,Chăm Sóc Da Mặt,Đặc Trị,Serum / Tinh Chất,Sức Khỏe - Làm Đẹp -> Chăm Sóc Da Mặt -> Đặc Trị -> Serum / Tinh Chất,True
P_4757,4757,"Combo 10 Mặt Nạ Neogen Dermalogy 22% Vita C Dưỡng Sáng, Mờ Thâm 28g",11,Mặt Nạ Giấy,2001,Mặt Nạ,Chăm Sóc Da Mặt,Mặt Nạ,Mặt Nạ Giấy,Sức Khỏe - Làm Đẹp -> Chăm Sóc Da Mặt -> Mặt Nạ -> Mặt Nạ Giấy,False
P_4761,4761,Kem Dưỡng Swiss Image Cấp Ẩm Sâu Cho Da Căng Mướt 50ml,7,Kem / Gel / Dầu Dưỡng,2003,Dưỡng Ẩm,Chăm Sóc Da Mặt,Dưỡng Ẩm,Kem / Gel / Dầu Dưỡng,Sức Khỏe - Làm Đẹp -> Chăm Sóc Da Mặt -> Dưỡng Ẩm -> Kem / Gel / Dầu Dưỡng,True
P_4763,4763,Son Dưỡng BYS Căng Mọng Strawberry Sorbet - Hồng Dâu 1.8g,18,Son Dưỡng Môi,2006,Dưỡng Môi,Chăm Sóc Da Mặt,Dưỡng Môi,Son Dưỡng Môi,Sức Khỏe - Làm Đẹp -> Chăm Sóc Da Mặt -> Dưỡng Môi -> Son Dưỡng Môi,False
P_4764,4764,Combo Serum Chống Nắng Sunplay Dạng Tinh Chất 50g + Nước Tẩy Trang Hada Labo Dưỡng Ẩm 240ml,3,Bộ Chăm Sóc Da Mặt,1001,Chăm Sóc Da Mặt,Chăm Sóc Da Mặt,Bộ Chăm Sóc Da Mặt,Bộ Chăm Sóc Da Mặt,Sức Khỏe - Làm Đẹp -> Chăm Sóc Da Mặt -> Bộ Chăm Sóc Da Mặt,False
P_4766,4766,"Mặt Nạ Petit Cochon Dưỡng Sáng, Kiểm Soát Nhờn 30ml",11,Mặt Nạ Giấy,2001,Mặt Nạ,Chăm Sóc Da Mặt,Mặt Nạ,Mặt Nạ Giấy,Sức Khỏe - Làm Đẹp -> Chăm Sóc Da Mặt -> Mặt Nạ -> Mặt Nạ Giấy,False
P_4767,4767,Mặt Nạ Dermal Chiết Xuất Arbutin Dưỡng Sáng Da 23g,11,Mặt Nạ Giấy,2001,Mặt Nạ,Chăm Sóc Da Mặt,Mặt Nạ,Mặt Nạ Giấy,Sức Khỏe - Làm Đẹp -> Chăm Sóc Da Mặt -> Mặt Nạ -> Mặt Nạ Giấy,False
P_4768,4768,Combo Neutrogena Sữa Tắm + Sữa Rửa Mặt Làm Sạch Sâu 2 Món,3,Bộ Chăm Sóc Da Mặt,1001,Chăm Sóc Da Mặt,Chăm Sóc Da Mặt,Bộ Chăm Sóc Da Mặt,Bộ Chăm Sóc Da Mặt,Sức Khỏe - Làm Đẹp -> Chăm Sóc Da Mặt -> Bộ Chăm Sóc Da Mặt,False
P_4770,4770,"Serum The Lab Cấp Ẩm Sâu Cho Da Khô, Nhạy Cảm 50ml",9,Serum / Tinh Chất,2004,Đặc Trị,Chăm Sóc Da Mặt,Đặc Trị,Serum / Tinh Chất,Sức Khỏe - Làm Đẹp -> Chăm Sóc Da Mặt -> Đặc Trị -> Serum / Tinh Chất,True
P_4771,4771,Combo 3 Mặt Nạ Bio-essence Chiết Xuất Tảo Biển 20ml,11,Mặt Nạ Giấy,2001,Mặt Nạ,Chăm Sóc Da Mặt,Mặt Nạ,Mặt Nạ Giấy,Sức Khỏe - Làm Đẹp -> Chăm Sóc Da Mặt -> Mặt Nạ -> Mặt Nạ Giấy,False
P_4781,4781,Combo Cocoon Sữa Rửa Mặt & Nước Cân Bằng Từ Nghệ Hưng Yên 140mlx2,3,Bộ Chăm Sóc Da Mặt,1001,Chăm Sóc Da Mặt,Chăm Sóc Da Mặt,Bộ Chăm Sóc Da Mặt,Bộ Chăm Sóc Da Mặt,Sức Khỏe - Làm Đẹp -> Chăm Sóc Da Mặt -> Bộ Chăm Sóc Da Mặt,False
P_4782,4782,Combo Vichy Chống Nắng Giảm Thâm Nám + Gel Rửa Mặt Da Dầu 50ml+50ml,6,Chống Nắng Da Mặt,1001,Chăm Sóc Da Mặt,Chăm Sóc Da Mặt,Chống Nắng Da Mặt,Chống Nắng Da Mặt,Sức Khỏe - Làm Đẹp -> Chăm Sóc Da Mặt -> Chống Nắng Da Mặt,True
P_4783,4783,Combo Vichy Kem Dưỡng Ngừa Lão Hóa + Gel Rửa Mặt Sạch Sâu 50ml+50ml,7,Kem / Gel / Dầu Dưỡng,2003,Dưỡng Ẩm,Chăm Sóc Da Mặt,Dưỡng Ẩm,Kem / Gel / Dầu Dưỡng,Sức Khỏe - Làm Đẹp -> Chăm Sóc Da Mặt -> Dưỡng Ẩm -> Kem / Gel / Dầu Dưỡng,True
P_4785,4785,"Combo Azderma Gel Dưỡng Giảm Thâm, Sáng Da 20g + Sữa Rửa Mặt Dạng Gel Cho Da Dầu Mụn 60ml",3,Bộ Chăm Sóc Da Mặt,1001,Chăm Sóc Da Mặt,Chăm Sóc Da Mặt,Bộ Chăm Sóc Da Mặt,Bộ Chăm Sóc Da Mặt,Sức Khỏe - Làm Đẹp -> Chăm Sóc Da Mặt -> Bộ Chăm Sóc Da Mặt,False
P_4786,4786,Combo 2 Mặt Nạ Ngủ Laneige Cung Cấp Nước 15ml,53,Mặt Nạ Ngủ,2001,Mặt Nạ,Chăm Sóc Da Mặt,Mặt Nạ,Mặt Nạ Ngủ,Sức Khỏe - Làm Đẹp -> Chăm Sóc Da Mặt -> Mặt Nạ -> Mặt Nạ Ngủ,False
P_4792,4792,"Combo 20 Mặt Nạ Keyshu Hỗ Trợ Nâng Cơ, Săn Chắc Da 30ml",11,Mặt Nạ Giấy,2001,Mặt Nạ,Chăm Sóc Da Mặt,Mặt Nạ,Mặt Nạ Giấy,Sức Khỏe - Làm Đẹp -> Chăm Sóc Da Mặt -> Mặt Nạ -> Mặt Nạ Giấy,False
P_4797,4797,Kem Dưỡng Bio-essence Làm Giảm Đốm Nâu & Sáng Da 25g,7,Kem / Gel / Dầu Dưỡng,2003,Dưỡng Ẩm,Chăm Sóc Da Mặt,Dưỡng Ẩm,Kem / Gel / Dầu Dưỡng,Sức Khỏe - Làm Đẹp -> Chăm Sóc Da Mặt -> Dưỡng Ẩm -> Kem / Gel / Dầu Dưỡng,True
P_4798,4798,Mặt Nạ Bio-essence Tinh Chất Vitamin C Sáng Da 20ml,11,Mặt Nạ Giấy,2001,Mặt Nạ,Chăm Sóc Da Mặt,Mặt Nạ,Mặt Nạ Giấy,Sức Khỏe - Làm Đẹp -> Chăm Sóc Da Mặt -> Mặt Nạ -> Mặt Nạ Giấy,False
P_4799,4799,Mặt Nạ Dermal Chiết Xuất Vàng Dưỡng Sáng Da 23g,11,Mặt Nạ Giấy,2001,Mặt Nạ,Chăm Sóc Da Mặt,Mặt Nạ,Mặt Nạ Giấy,Sức Khỏe - Làm Đẹp -> Chăm Sóc Da Mặt -> Mặt Nạ -> Mặt Nạ Giấy,False
P_4802,4802,Combo Cocoon Dưỡng Sáng Da Chiết Xuất Nghệ Hưng Yên 3 Món,3,Bộ Chăm Sóc Da Mặt,1001,Chăm Sóc Da Mặt,Chăm Sóc Da Mặt,Bộ Chăm Sóc Da Mặt,Bộ Chăm Sóc Da Mặt,Sức Khỏe - Làm Đẹp -> Chăm Sóc Da Mặt -> Bộ Chăm Sóc Da Mặt,False
P_4803,4803,"Combo 10 Mặt Nạ Foodaholic Vitamin A Sáng Da, Ngừa Lão Hóa 23g",11,Mặt Nạ Giấy,2001,Mặt Nạ,Chăm Sóc Da Mặt,Mặt Nạ,Mặt Nạ Giấy,Sức Khỏe - Làm Đẹp -> Chăm Sóc Da Mặt -> Mặt Nạ -> Mặt Nạ Giấy,False
P_4804,4804,Combo 3 Mặt Nạ Bio-essence Chiết Xuất Trái Thanh Yên 20ml,11,Mặt Nạ Giấy,2001,Mặt Nạ,Chăm Sóc Da Mặt,Mặt Nạ,Mặt Nạ Giấy,Sức Khỏe - Làm Đẹp -> Chăm Sóc Da Mặt -> Mặt Nạ -> Mặt Nạ Giấy,False
P_4805,4805,Combo 5 Son Dưỡng LipIce (Hương Trà Xanh + Trà Sữa + Trà Dâu + Trà Đào + Choco Mint) 2.4g,18,Son Dưỡng Môi,2006,Dưỡng Môi,Chăm Sóc Da Mặt,Dưỡng Môi,Son Dưỡng Môi,Sức Khỏe - Làm Đẹp -> Chăm Sóc Da Mặt -> Dưỡng Môi -> Son Dưỡng Môi,False
P_4807,4807,Kem Rửa Mặt Oxy Tút Sáng Từ Đất Sét Trắng 100g,1,Sữa Rửa Mặt,2002,Làm Sạch Da,Chăm Sóc Da Mặt,Làm Sạch Da,Sữa Rửa Mặt,Sức Khỏe - Làm Đẹp -> Chăm Sóc Da Mặt -> Làm Sạch Da -> Sữa Rửa Mặt,True
P_4811,4811,"Combo Senka Nước Tẩy Trang Cấp Ẩm, Sáng Da 230ml + Sữa Rửa Mặt Collagen 120g",3,Bộ Chăm Sóc Da Mặt,1001,Chăm Sóc Da Mặt,Chăm Sóc Da Mặt,Bộ Chăm Sóc Da Mặt,Bộ Chăm Sóc Da Mặt,Sức Khỏe - Làm Đẹp -> Chăm Sóc Da Mặt -> Bộ Chăm Sóc Da Mặt,False
P_4812,4812,Combo Dung Dịch Hada Labo Dưỡng Ẩm Tối Ưu Cho Da Dầu 170ml + Túi Refill 170ml,37,Lotion / Sữa Dưỡng,2003,Dưỡng Ẩm,Chăm Sóc Da Mặt,Dưỡng Ẩm,Lotion / Sữa Dưỡng,Sức Khỏe - Làm Đẹp -> Chăm Sóc Da Mặt -> Dưỡng Ẩm -> Lotion / Sữa Dưỡng,False
P_4815,4815,Combo 2 Kem Chống Nắng Cell Fusion C Nâng Tông Cấp Ẩm 35ml,6,Chống Nắng Da Mặt,1001,Chăm Sóc Da Mặt,Chăm Sóc Da Mặt,Chống Nắng Da Mặt,Chống Nắng Da Mặt,Sức Khỏe - Làm Đẹp -> Chăm Sóc Da Mặt -> Chống Nắng Da Mặt,True
P_4816,4816,Kem Dưỡng Ẩm innisfree Nâng Tông Da Hoa Anh Đào 50ml,7,Kem / Gel / Dầu Dưỡng,2003,Dưỡng Ẩm,Chăm Sóc Da Mặt,Dưỡng Ẩm,Kem / Gel / Dầu Dưỡng,Sức Khỏe - Làm Đẹp -> Chăm Sóc Da Mặt -> Dưỡng Ẩm -> Kem / Gel / Dầu Dưỡng,True
P_4819,4819,Dầu Tẩy Trang B.O.M Thuần Chay Từ 12 Loại Dầu Thực Vật 200ml,2,Tẩy Trang Mặt,2002,Làm Sạch Da,Chăm Sóc Da Mặt,Làm Sạch Da,Tẩy Trang Mặt,Sức Khỏe - Làm Đẹp -> Chăm Sóc Da Mặt -> Làm Sạch Da -> Tẩy Trang Mặt,False
P_4820,4820,Son Dưỡng Môi Vaseline Rouge Romance - Màu Đỏ 3g,18,Son Dưỡng Môi,2006,Dưỡng Môi,Chăm Sóc Da Mặt,Dưỡng Môi,Son Dưỡng Môi,Sức Khỏe - Làm Đẹp -> Chăm Sóc Da Mặt -> Dưỡng Môi -> Son Dưỡng Môi,False
P_4822,4822,Toner The Lab Dưỡng Ẩm Chuyên Sâu Cho Da Khô Nhạy Cảm 200ml,4,Toner / Nước Cân Bằng Da,2002,Làm Sạch Da,Chăm Sóc Da Mặt,Làm Sạch Da,Toner / Nước Cân Bằng Da,Sức Khỏe - Làm Đẹp -> Chăm Sóc Da Mặt -> Làm Sạch Da -> Toner / Nước Cân Bằng Da,False
P_4823,4823,[Mini] Mặt Nạ Đất Sét Colorkey Bùn Khoáng Sạch Mịn Màng 10g,19,Mặt Nạ Rửa,2001,Mặt Nạ,Chăm Sóc Da Mặt,Mặt Nạ,Mặt Nạ Rửa,Sức Khỏe - Làm Đẹp -> Chăm Sóc Da Mặt -> Mặt Nạ -> Mặt Nạ Rửa,False
P_4824,4824,Combo 10 Mặt Nạ Derladie Hỗ Trợ Phục Hồi Da Khô Ráp 30ml,11,Mặt Nạ Giấy,2001,Mặt Nạ,Chăm Sóc Da Mặt,Mặt Nạ,Mặt Nạ Giấy,Sức Khỏe - Làm Đẹp -> Chăm Sóc Da Mặt -> Mặt Nạ -> Mặt Nạ Giấy,False
P_4825,4825,Bộ Sản Phẩm Vichy 02 Cấp Ẩm & Làm Sạch Da 3 Món,30,Xịt Khoáng,2003,Dưỡng Ẩm,Chăm Sóc Da Mặt,Dưỡng Ẩm,Xịt Khoáng,Sức Khỏe - Làm Đẹp -> Chăm Sóc Da Mặt -> Dưỡng Ẩm -> Xịt Khoáng,False
P_4826,4826,Son Dưỡng BYS Căng Mọng Peach Soda - Hồng Đào 1.8g,18,Son Dưỡng Môi,2006,Dưỡng Môi,Chăm Sóc Da Mặt,Dưỡng Môi,Son Dưỡng Môi,Sức Khỏe - Làm Đẹp -> Chăm Sóc Da Mặt -> Dưỡng Môi -> Son Dưỡng Môi,False
P_4830,4830,Gel Tẩy Tế Bào Chết innisfree Từ Lúa Mạch Xanh 120ml,17,Tẩy Tế Bào Chết Da Mặt,2002,Làm Sạch Da,Chăm Sóc Da Mặt,Làm Sạch Da,Tẩy Tế Bào Chết Da Mặt,Sức Khỏe - Làm Đẹp -> Chăm Sóc Da Mặt -> Làm Sạch Da -> Tẩy Tế Bào Chết Da Mặt,False
P_4832,4832,Mặt Nạ Ngủ Kiêm Son Dưỡng Môi BareSoul Không Màu 10g,18,Son Dưỡng Môi,2006,Dưỡng Môi,Chăm Sóc Da Mặt,Dưỡng Môi,Son Dưỡng Môi,Sức Khỏe - Làm Đẹp -> Chăm Sóc Da Mặt -> Dưỡng Môi -> Son Dưỡng Môi,False
P_4833,4833,"Bộ La Roche-Posay Chống Nắng, Giảm Mụn, Ngừa Vết Thâm 5 Món",3,Bộ Chăm Sóc Da Mặt,1001,Chăm Sóc Da Mặt,Chăm Sóc Da Mặt,Bộ Chăm Sóc Da Mặt,Bộ Chăm Sóc Da Mặt,Sức Khỏe - Làm Đẹp -> Chăm Sóc Da Mặt -> Bộ Chăm Sóc Da Mặt,False
P_4837,4837,Combo Neutrogena Nước Tẩy Trang + Kem Dưỡng Cho Da Dầu,3,Bộ Chăm Sóc Da Mặt,1001,Chăm Sóc Da Mặt,Chăm Sóc Da Mặt,Bộ Chăm Sóc Da Mặt,Bộ Chăm Sóc Da Mặt,Sức Khỏe - Làm Đẹp -> Chăm Sóc Da Mặt -> Bộ Chăm Sóc Da Mặt,False
P_4838,4838,"Nước Tẩy Trang Evoluderm Cho Da Mẫn Cảm, Kích Ứng 500ml",2,Tẩy Trang Mặt,2002,Làm Sạch Da,Chăm Sóc Da Mặt,Làm Sạch Da,Tẩy Trang Mặt,Sức Khỏe - Làm Đẹp -> Chăm Sóc Da Mặt -> Làm Sạch Da -> Tẩy Trang Mặt,False
P_4841,4841,Miếng Dán Mũi Lột Mụn Bioré Hương Anh Đào (4 Miếng),25,Hỗ Trợ Trị Mụn,2004,Đặc Trị,Chăm Sóc Da Mặt,Đặc Trị,Hỗ Trợ Trị Mụn,Sức Khỏe - Làm Đẹp -> Chăm Sóc Da Mặt -> Đặc Trị -> Hỗ Trợ Trị Mụn,True
P_4842,4842,"Serum innisfree Trà Xanh Dưỡng Ẩm, Cấp Nước 80ml (Mới)",9,Serum / Tinh Chất,2004,Đặc Trị,Chăm Sóc Da Mặt,Đặc Trị,Serum / Tinh Chất,Sức Khỏe - Làm Đẹp -> Chăm Sóc Da Mặt -> Đặc Trị -> Serum / Tinh Chất,True
P_4843,4843,Combo 10 Mặt Nạ Derladie Hỗ Trợ Phục Hồi Da Lão Hóa 30ml,11,Mặt Nạ Giấy,2001,Mặt Nạ,Chăm Sóc Da Mặt,Mặt Nạ,Mặt Nạ Giấy,Sức Khỏe - Làm Đẹp -> Chăm Sóc Da Mặt -> Mặt Nạ -> Mặt Nạ Giấy,False
P_4845,4845,Mặt Nạ Senka Dưỡng Da Sáng Hồng 21g (Mới),11,Mặt Nạ Giấy,2001,Mặt Nạ,Chăm Sóc Da Mặt,Mặt Nạ,Mặt Nạ Giấy,Sức Khỏe - Làm Đẹp -> Chăm Sóc Da Mặt -> Mặt Nạ -> Mặt Nạ Giấy,False
P_4853,4853,"Bộ Dưỡng Da CeraVe Cấp Ẩm, Khoá Ẩm Cho Da 4 Món",3,Bộ Chăm Sóc Da Mặt,1001,Chăm Sóc Da Mặt,Chăm Sóc Da Mặt,Bộ Chăm Sóc Da Mặt,Bộ Chăm Sóc Da Mặt,Sức Khỏe - Làm Đẹp -> Chăm Sóc Da Mặt -> Bộ Chăm Sóc Da Mặt,False
P_4854,4854,Son Dưỡng Môi Mentholatum Melty Cream Lip Trà Xanh 2.4g,18,Son Dưỡng Môi,2006,Dưỡng Môi,Chăm Sóc Da Mặt,Dưỡng Môi,Son Dưỡng Môi,Sức Khỏe - Làm Đẹp -> Chăm Sóc Da Mặt -> Dưỡng Môi -> Son Dưỡng Môi,False
P_4856,4856,Sữa Dưỡng d program Dành Cho Da Mụn 11ml,9,Serum / Tinh Chất,2004,Đặc Trị,Chăm Sóc Da Mặt,Đặc Trị,Serum / Tinh Chất,Sức Khỏe - Làm Đẹp -> Chăm Sóc Da Mặt -> Đặc Trị -> Serum / Tinh Chất,True
P_4857,4857,Combo 2 Gel Dưỡng Oxy Cấp Ẩm Chuyên Sâu Và Làm Dịu Da Cho Nam 50g,7,Kem / Gel / Dầu Dưỡng,2003,Dưỡng Ẩm,Chăm Sóc Da Mặt,Dưỡng Ẩm,Kem / Gel / Dầu Dưỡng,Sức Khỏe - Làm Đẹp -> Chăm Sóc Da Mặt -> Dưỡng Ẩm -> Kem / Gel / Dầu Dưỡng,True
P_4859,4859,Combo Vichy Serum Cải Thiện Đốm Nâu 30ml & Phục Hồi Chuyên Sâu 10ml,3,Bộ Chăm Sóc Da Mặt,1001,Chăm Sóc Da Mặt,Chăm Sóc Da Mặt,Bộ Chăm Sóc Da Mặt,Bộ Chăm Sóc Da Mặt,Sức Khỏe - Làm Đẹp -> Chăm Sóc Da Mặt -> Bộ Chăm Sóc Da Mặt,False
P_4866,4866,Combo Vichy Kem Chống Nắng Ngừa Thâm Nám (Màu Da) 50ml + Xịt Khoáng Cấp Ẩm 50ml,3,Bộ Chăm Sóc Da Mặt,1001,Chăm Sóc Da Mặt,Chăm Sóc Da Mặt,Bộ Chăm Sóc Da Mặt,Bộ Chăm Sóc Da Mặt,Sức Khỏe - Làm Đẹp -> Chăm Sóc Da Mặt -> Bộ Chăm Sóc Da Mặt,False
P_4867,4867,Combo 2 Sữa Chống Nắng Sunplay Hiệu Chỉnh Sắc Da 50g (Hồng),6,Chống Nắng Da Mặt,1001,Chăm Sóc Da Mặt,Chăm Sóc Da Mặt,Chống Nắng Da Mặt,Chống Nắng Da Mặt,Sức Khỏe - Làm Đẹp -> Chăm Sóc Da Mặt -> Chống Nắng Da Mặt,True
P_4868,4868,Son Dưỡng Có Màu Maybelline 003 ​Hồng Đào Mọng 2.8g,18,Son Dưỡng Môi,2006,Dưỡng Môi,Chăm Sóc Da Mặt,Dưỡng Môi,Son Dưỡng Môi,Sức Khỏe - Làm Đẹp -> Chăm Sóc Da Mặt -> Dưỡng Môi -> Son Dưỡng Môi,False
P_4870,4870,Combo Abib Serum Viên Nang Diếp Cá Dịu Da 50ml + Toner Pad Diếp Cá Dịu Da & Tẩy Tế Bào Chết 80 Miếng,3,Bộ Chăm Sóc Da Mặt,1001,Chăm Sóc Da Mặt,Chăm Sóc Da Mặt,Bộ Chăm Sóc Da Mặt,Bộ Chăm Sóc Da Mặt,Sức Khỏe - Làm Đẹp -> Chăm Sóc Da Mặt -> Bộ Chăm Sóc Da Mặt,False
P_4873,4873,Combo 2 Kem Dưỡng Olay Cải Thiện 5 Dấu Hiệu Lão Hóa Phức Tạp 45g,7,Kem / Gel / Dầu Dưỡng,2003,Dưỡng Ẩm,Chăm Sóc Da Mặt,Dưỡng Ẩm,Kem / Gel / Dầu Dưỡng,Sức Khỏe - Làm Đẹp -> Chăm Sóc Da Mặt -> Dưỡng Ẩm -> Kem / Gel / Dầu Dưỡng,True
P_4874,4874,Nước Tẩy Trang Embryolisse Cây Phỉ Cho Mọi Loại Da 250ml,2,Tẩy Trang Mặt,2002,Làm Sạch Da,Chăm Sóc Da Mặt,Làm Sạch Da,Tẩy Trang Mặt,Sức Khỏe - Làm Đẹp -> Chăm Sóc Da Mặt -> Làm Sạch Da -> Tẩy Trang Mặt,False
P_4877,4877,Serum d program Dưỡng Da Bảo Vệ Chuyên Sâu 40ml,9,Serum / Tinh Chất,2004,Đặc Trị,Chăm Sóc Da Mặt,Đặc Trị,Serum / Tinh Chất,Sức Khỏe - Làm Đẹp -> Chăm Sóc Da Mặt -> Đặc Trị -> Serum / Tinh Chất,True
P_4880,4880,"Sữa Rửa Mặt Teenilicious Sạch Sâu, Hỗ Trợ Giảm Mụn 60g",1,Sữa Rửa Mặt,2002,Làm Sạch Da,Chăm Sóc Da Mặt,Làm Sạch Da,Sữa Rửa Mặt,Sức Khỏe - Làm Đẹp -> Chăm Sóc Da Mặt -> Làm Sạch Da -> Sữa Rửa Mặt,True
P_4881,4881,Xịt Dưỡng Ẩm Freeplus Dịu Nhẹ Cho Da Nhạy Cảm 165g,30,Xịt Khoáng,2003,Dưỡng Ẩm,Chăm Sóc Da Mặt,Dưỡng Ẩm,Xịt Khoáng,Sức Khỏe - Làm Đẹp -> Chăm Sóc Da Mặt -> Dưỡng Ẩm -> Xịt Khoáng,False
P_4882,4882,Gel Chấm Mụn Teenilicious Giúp Khô Nhân & Giảm Viêm 15g,25,Hỗ Trợ Trị Mụn,2004,Đặc Trị,Chăm Sóc Da Mặt,Đặc Trị,Hỗ Trợ Trị Mụn,Sức Khỏe - Làm Đẹp -> Chăm Sóc Da Mặt -> Đặc Trị -> Hỗ Trợ Trị Mụn,True
P_4894,4894,Mặt Nạ Ngủ Banobagi Làm Sáng Và Nâng Tông Da 23ml (Vàng),53,Mặt Nạ Ngủ,2001,Mặt Nạ,Chăm Sóc Da Mặt,Mặt Nạ,Mặt Nạ Ngủ,Sức Khỏe - Làm Đẹp -> Chăm Sóc Da Mặt -> Mặt Nạ -> Mặt Nạ Ngủ,False
P_4896,4896,Nước Tẩy Trang S.O.N Nghệ Đen & Gạo Sạch Sâu Da 100ml,2,Tẩy Trang Mặt,2002,Làm Sạch Da,Chăm Sóc Da Mặt,Làm Sạch Da,Tẩy Trang Mặt,Sức Khỏe - Làm Đẹp -> Chăm Sóc Da Mặt -> Làm Sạch Da -> Tẩy Trang Mặt,False
P_4900,4900,"Nước Tẩy Trang S.O.B Làm Sạch Da, Giảm Mụn 300ml",2,Tẩy Trang Mặt,2002,Làm Sạch Da,Chăm Sóc Da Mặt,Làm Sạch Da,Tẩy Trang Mặt,Sức Khỏe - Làm Đẹp -> Chăm Sóc Da Mặt -> Làm Sạch Da -> Tẩy Trang Mặt,False
P_4903,4903,Combo Serum Vichy Khoáng Phục Hồi Chuyên Sâu 10ml & 30ml,3,Bộ Chăm Sóc Da Mặt,1001,Chăm Sóc Da Mặt,Chăm Sóc Da Mặt,Bộ Chăm Sóc Da Mặt,Bộ Chăm Sóc Da Mặt,Sức Khỏe - Làm Đẹp -> Chăm Sóc Da Mặt -> Bộ Chăm Sóc Da Mặt,False
P_4910,4910,[Mini] Nước Dưỡng Eucerin Làm Sáng Và Cấp Ẩm Cho Da 30ml,4,Toner / Nước Cân Bằng Da,2002,Làm Sạch Da,Chăm Sóc Da Mặt,Làm Sạch Da,Toner / Nước Cân Bằng Da,Sức Khỏe - Làm Đẹp -> Chăm Sóc Da Mặt -> Làm Sạch Da -> Toner / Nước Cân Bằng Da,False
P_4912,4912,Combo 2 Gel Dưỡng Oxy Dưỡng Sáng Và Bảo Vệ Da Cho Nam 50g,7,Kem / Gel / Dầu Dưỡng,2003,Dưỡng Ẩm,Chăm Sóc Da Mặt,Dưỡng Ẩm,Kem / Gel / Dầu Dưỡng,Sức Khỏe - Làm Đẹp -> Chăm Sóc Da Mặt -> Dưỡng Ẩm -> Kem / Gel / Dầu Dưỡng,True
P_4924,4924,Sữa Chống Nắng Banana Boat Cho Da Nhạy Cảm 50ml,6,Chống Nắng Da Mặt,1001,Chăm Sóc Da Mặt,Chăm Sóc Da Mặt,Chống Nắng Da Mặt,Chống Nắng Da Mặt,Sức Khỏe - Làm Đẹp -> Chăm Sóc Da Mặt -> Chống Nắng Da Mặt,True
P_4925,4925,Kem Chống Nắng Hatomugi Nâng Tông & Dưỡng Ẩm Da 70g (Xanh Bạc Hà) (HSD: 36 Tháng),6,Chống Nắng Da Mặt,1001,Chăm Sóc Da Mặt,Chăm Sóc Da Mặt,Chống Nắng Da Mặt,Chống Nắng Da Mặt,Sức Khỏe - Làm Đẹp -> Chăm Sóc Da Mặt -> Chống Nắng Da Mặt,True
P_4931,4931,Mặt Nạ Nature Republic Chiết Xuất AHA Sáng Mịn Da 24g,11,Mặt Nạ Giấy,2001,Mặt Nạ,Chăm Sóc Da Mặt,Mặt Nạ,Mặt Nạ Giấy,Sức Khỏe - Làm Đẹp -> Chăm Sóc Da Mặt -> Mặt Nạ -> Mặt Nạ Giấy,False
P_4932,4932,Son Dưỡng Lip Pure Có Màu Bergamot Orange - Cam Cháy 3.8g,18,Son Dưỡng Môi,2006,Dưỡng Môi,Chăm Sóc Da Mặt,Dưỡng Môi,Son Dưỡng Môi,Sức Khỏe - Làm Đẹp -> Chăm Sóc Da Mặt -> Dưỡng Môi -> Son Dưỡng Môi,False
P_4933,4933,Kem Chống Nắng Pyunkang Yul Phục Hồi Cho Da Nhạy Cảm 75ml,6,Chống Nắng Da Mặt,1001,Chăm Sóc Da Mặt,Chăm Sóc Da Mặt,Chống Nắng Da Mặt,Chống Nắng Da Mặt,Sức Khỏe - Làm Đẹp -> Chăm Sóc Da Mặt -> Chống Nắng Da Mặt,True
P_4938,4938,Dưỡng Chất d program Ngăn Lão Hóa Sớm 45ml,9,Serum / Tinh Chất,2004,Đặc Trị,Chăm Sóc Da Mặt,Đặc Trị,Serum / Tinh Chất,Sức Khỏe - Làm Đẹp -> Chăm Sóc Da Mặt -> Đặc Trị -> Serum / Tinh Chất,True
P_4940,4940,Mặt Nạ Ngủ Banobagi Làm Sáng Và Cấp Ẩm Da 23ml (Xanh),53,Mặt Nạ Ngủ,2001,Mặt Nạ,Chăm Sóc Da Mặt,Mặt Nạ,Mặt Nạ Ngủ,Sức Khỏe - Làm Đẹp -> Chăm Sóc Da Mặt -> Mặt Nạ -> Mặt Nạ Ngủ,False
P_4944,4944,"Xịt Khoáng JONZAC Cung Cấp Nước, Dưỡng Ẩm Da 300ml",30,Xịt Khoáng,2003,Dưỡng Ẩm,Chăm Sóc Da Mặt,Dưỡng Ẩm,Xịt Khoáng,Sức Khỏe - Làm Đẹp -> Chăm Sóc Da Mặt -> Dưỡng Ẩm -> Xịt Khoáng,False
P_4947,4947,[Mua 1 Tặng 1] Freeplus Sữa Dưỡng Ẩm Dịu Nhẹ 1 + Sữa Rửa Mặt Dịu Nhẹ,3,Bộ Chăm Sóc Da Mặt,1001,Chăm Sóc Da Mặt,Chăm Sóc Da Mặt,Bộ Chăm Sóc Da Mặt,Bộ Chăm Sóc Da Mặt,Sức Khỏe - Làm Đẹp -> Chăm Sóc Da Mặt -> Bộ Chăm Sóc Da Mặt,False
P_4948,4948,Kem Dưỡng innisfree Ngăn Lão Hóa Từ Trà Đen Ban Đêm 50ml,7,Kem / Gel / Dầu Dưỡng,2003,Dưỡng Ẩm,Chăm Sóc Da Mặt,Dưỡng Ẩm,Kem / Gel / Dầu Dưỡng,Sức Khỏe - Làm Đẹp -> Chăm Sóc Da Mặt -> Dưỡng Ẩm -> Kem / Gel / Dầu Dưỡng,True
P_4955,4955,"Combo 5 Mặt Nạ Gookin HA Cấp Nước, Khóa Ẩm Cho Da Khô 30ml",11,Mặt Nạ Giấy,2001,Mặt Nạ,Chăm Sóc Da Mặt,Mặt Nạ,Mặt Nạ Giấy,Sức Khỏe - Làm Đẹp -> Chăm Sóc Da Mặt -> Mặt Nạ -> Mặt Nạ Giấy,False
P_4956,4956,Mặt Nạ Ngủ Banobagi Làm Sáng Và Chăm Sóc Da Mụn 23ml (Hồng),53,Mặt Nạ Ngủ,2001,Mặt Nạ,Chăm Sóc Da Mặt,Mặt Nạ,Mặt Nạ Ngủ,Sức Khỏe - Làm Đẹp -> Chăm Sóc Da Mặt -> Mặt Nạ -> Mặt Nạ Ngủ,False
P_4959,4959,Son Dưỡng BYS Căng Mọng Màu Nhung Đỏ & Trong Suốt 2.4ml,18,Son Dưỡng Môi,2006,Dưỡng Môi,Chăm Sóc Da Mặt,Dưỡng Môi,Son Dưỡng Môi,Sức Khỏe - Làm Đẹp -> Chăm Sóc Da Mặt -> Dưỡng Môi -> Son Dưỡng Môi,False
P_4966,4966,Sữa Rửa Mặt La Roche-Posay Cho Da Hỗn Hợp & Da Dầu 125ml,1,Sữa Rửa Mặt,2002,Làm Sạch Da,Chăm Sóc Da Mặt,Làm Sạch Da,Sữa Rửa Mặt,Sức Khỏe - Làm Đẹp -> Chăm Sóc Da Mặt -> Làm Sạch Da -> Sữa Rửa Mặt,True
P_4967,4967,Serum SVR Giúp Làm Sáng Da Và Ngăn Ngừa Nếp Nhăn 30ml,9,Serum / Tinh Chất,2004,Đặc Trị,Chăm Sóc Da Mặt,Đặc Trị,Serum / Tinh Chất,Sức Khỏe - Làm Đẹp -> Chăm Sóc Da Mặt -> Đặc Trị -> Serum / Tinh Chất,True
P_4969,4969,Kem Dưỡng innisfree Cấp Ẩm Từ Chiết Xuất Trà Xanh 50ml (Mới),7,Kem / Gel / Dầu Dưỡng,2003,Dưỡng Ẩm,Chăm Sóc Da Mặt,Dưỡng Ẩm,Kem / Gel / Dầu Dưỡng,Sức Khỏe - Làm Đẹp -> Chăm Sóc Da Mặt -> Dưỡng Ẩm -> Kem / Gel / Dầu Dưỡng,True
P_4970,4970,Son Dưỡng Có Màu Maybelline 008 Berry Mận Thạch ​2.8g,18,Son Dưỡng Môi,2006,Dưỡng Môi,Chăm Sóc Da Mặt,Dưỡng Môi,Son Dưỡng Môi,Sức Khỏe - Làm Đẹp -> Chăm Sóc Da Mặt -> Dưỡng Môi -> Son Dưỡng Môi,False
P_4976,4976,"Serum Celimax Dưỡng Ẩm Hỗ Trợ Phục Hồi, Làm Dịu 30ml",9,Serum / Tinh Chất,2004,Đặc Trị,Chăm Sóc Da Mặt,Đặc Trị,Serum / Tinh Chất,Sức Khỏe - Làm Đẹp -> Chăm Sóc Da Mặt -> Đặc Trị -> Serum / Tinh Chất,True
P_4979,4979,Combo Simple Nước Tẩy Trang 200ml + Gel Rửa Mặt 150ml + Serum Cấp Ẩm 30ml,3,Bộ Chăm Sóc Da Mặt,1001,Chăm Sóc Da Mặt,Chăm Sóc Da Mặt,Bộ Chăm Sóc Da Mặt,Bộ Chăm Sóc Da Mặt,Sức Khỏe - Làm Đẹp -> Chăm Sóc Da Mặt -> Bộ Chăm Sóc Da Mặt,False
P_4981,4981,Combo 10 Mặt Nạ Torriden Vitamin C Sáng Da 26ml,11,Mặt Nạ Giấy,2001,Mặt Nạ,Chăm Sóc Da Mặt,Mặt Nạ,Mặt Nạ Giấy,Sức Khỏe - Làm Đẹp -> Chăm Sóc Da Mặt -> Mặt Nạ -> Mặt Nạ Giấy,False
P_4982,4982,Son Dưỡng BYS Căng Mọng Màu Gỗ & Hồng Sắc 2.4ml,18,Son Dưỡng Môi,2006,Dưỡng Môi,Chăm Sóc Da Mặt,Dưỡng Môi,Son Dưỡng Môi,Sức Khỏe - Làm Đẹp -> Chăm Sóc Da Mặt -> Dưỡng Môi -> Son Dưỡng Môi,False
P_4983,4983,Combo Olay Serum Giúp Da Săn Chắc Mịn Màng 30ml + Kem Dưỡng Cải Thiện 5 Dấu Hiệu Lão Hóa Phức Tạp 45g,3,Bộ Chăm Sóc Da Mặt,1001,Chăm Sóc Da Mặt,Chăm Sóc Da Mặt,Bộ Chăm Sóc Da Mặt,Bộ Chăm Sóc Da Mặt,Sức Khỏe - Làm Đẹp -> Chăm Sóc Da Mặt -> Bộ Chăm Sóc Da Mặt,False
P_4985,4985,Combo 3 Mặt Nạ Rainbow L’affair Vitamin Làm Sáng Da 25g,11,Mặt Nạ Giấy,2001,Mặt Nạ,Chăm Sóc Da Mặt,Mặt Nạ,Mặt Nạ Giấy,Sức Khỏe - Làm Đẹp -> Chăm Sóc Da Mặt -> Mặt Nạ -> Mặt Nạ Giấy,False
P_4990,4990,"Mặt Nạ Acnes Giảm Mụn, Dịu Da 65g (3 Miếng)",11,Mặt Nạ Giấy,2001,Mặt Nạ,Chăm Sóc Da Mặt,Mặt Nạ,Mặt Nạ Giấy,Sức Khỏe - Làm Đẹp -> Chăm Sóc Da Mặt -> Mặt Nạ -> Mặt Nạ Giấy,False
P_4997,4997,Sữa Dưỡng Ẩm Freeplus Dịu Nhẹ #1 Tươi Mát Da 100ml,37,Lotion / Sữa Dưỡng,2003,Dưỡng Ẩm,Chăm Sóc Da Mặt,Dưỡng Ẩm,Lotion / Sữa Dưỡng,Sức Khỏe - Làm Đẹp -> Chăm Sóc Da Mặt -> Dưỡng Ẩm -> Lotion / Sữa Dưỡng,False
P_5000,5000,Kem Dưỡng B.O.M Sáng Da Ngừa Mụn 50ml,7,Kem / Gel / Dầu Dưỡng,2003,Dưỡng Ẩm,Chăm Sóc Da Mặt,Dưỡng Ẩm,Kem / Gel / Dầu Dưỡng,Sức Khỏe - Làm Đẹp -> Chăm Sóc Da Mặt -> Dưỡng Ẩm -> Kem / Gel / Dầu Dưỡng,True
P_5003,5003,Sữa Rửa Mặt oh!oh! Detox Làm Sạch Sâu Cho Mọi Loại Da 150g,1,Sữa Rửa Mặt,2002,Làm Sạch Da,Chăm Sóc Da Mặt,Làm Sạch Da,Sữa Rửa Mặt,Sức Khỏe - Làm Đẹp -> Chăm Sóc Da Mặt -> Làm Sạch Da -> Sữa Rửa Mặt,True
P_5007,5007,Mặt Nạ Ngủ Laneige Tăng Cường Collagen Và Săn Chắc Da 25ml,53,Mặt Nạ Ngủ,2001,Mặt Nạ,Chăm Sóc Da Mặt,Mặt Nạ,Mặt Nạ Ngủ,Sức Khỏe - Làm Đẹp -> Chăm Sóc Da Mặt -> Mặt Nạ -> Mặt Nạ Ngủ,False
P_5008,5008,"Serum Cathy Doll Vitamin C Dưỡng Sáng, Mờ Thâm 30ml",9,Serum / Tinh Chất,2004,Đặc Trị,Chăm Sóc Da Mặt,Đặc Trị,Serum / Tinh Chất,Sức Khỏe - Làm Đẹp -> Chăm Sóc Da Mặt -> Đặc Trị -> Serum / Tinh Chất,True
P_5014,5014,Bộ Sản Phẩm Vichy Mờ Thâm Nám Và Ngừa Lão Hóa 3 Món,3,Bộ Chăm Sóc Da Mặt,1001,Chăm Sóc Da Mặt,Chăm Sóc Da Mặt,Bộ Chăm Sóc Da Mặt,Bộ Chăm Sóc Da Mặt,Sức Khỏe - Làm Đẹp -> Chăm Sóc Da Mặt -> Bộ Chăm Sóc Da Mặt,False
P_5019,5019,Dầu Tẩy Trang Freeplus Tinh Chất Serum Dịu Nhẹ 100ml,2,Tẩy Trang Mặt,2002,Làm Sạch Da,Chăm Sóc Da Mặt,Làm Sạch Da,Tẩy Trang Mặt,Sức Khỏe - Làm Đẹp -> Chăm Sóc Da Mặt -> Làm Sạch Da -> Tẩy Trang Mặt,False
P_5025,5025,Son Dưỡng BYS Căng Mọng Màu Hồng Trà & Trong Suốt 2.4ml,18,Son Dưỡng Môi,2006,Dưỡng Môi,Chăm Sóc Da Mặt,Dưỡng Môi,Son Dưỡng Môi,Sức Khỏe - Làm Đẹp -> Chăm Sóc Da Mặt -> Dưỡng Môi -> Son Dưỡng Môi,False
P_5026,5026,Combo Laneige Mặt Nạ Ngủ Dưỡng Ẩm 70ml + Mặt Nạ Ngủ Môi Hương Quả Mọng 8g,53,Mặt Nạ Ngủ,2001,Mặt Nạ,Chăm Sóc Da Mặt,Mặt Nạ,Mặt Nạ Ngủ,Sức Khỏe - Làm Đẹp -> Chăm Sóc Da Mặt -> Mặt Nạ -> Mặt Nạ Ngủ,False
P_5027,5027,Kem Dưỡng Elixir Retinol Hỗ Trợ Giảm Nếp Nhăn 15g,7,Kem / Gel / Dầu Dưỡng,2003,Dưỡng Ẩm,Chăm Sóc Da Mặt,Dưỡng Ẩm,Kem / Gel / Dầu Dưỡng,Sức Khỏe - Làm Đẹp -> Chăm Sóc Da Mặt -> Dưỡng Ẩm -> Kem / Gel / Dầu Dưỡng,True
P_5030,5030,Kem Chống Nắng Hyaestic SF64 Bảo Vệ Tối Đa 50ml,6,Chống Nắng Da Mặt,1001,Chăm Sóc Da Mặt,Chăm Sóc Da Mặt,Chống Nắng Da Mặt,Chống Nắng Da Mặt,Sức Khỏe - Làm Đẹp -> Chăm Sóc Da Mặt -> Chống Nắng Da Mặt,True
P_5037,5037,Mặt Nạ Avander Chiết Xuất Ốc Sên Dưỡng Sáng Da 25g,11,Mặt Nạ Giấy,2001,Mặt Nạ,Chăm Sóc Da Mặt,Mặt Nạ,Mặt Nạ Giấy,Sức Khỏe - Làm Đẹp -> Chăm Sóc Da Mặt -> Mặt Nạ -> Mặt Nạ Giấy,False
P_5039,5039,Combo 2 Son Dưỡng LipIce Trái Cây Berry Đỏ Mọng + Orange Cam Tươi Tắn 4g,18,Son Dưỡng Môi,2006,Dưỡng Môi,Chăm Sóc Da Mặt,Dưỡng Môi,Son Dưỡng Môi,Sức Khỏe - Làm Đẹp -> Chăm Sóc Da Mặt -> Dưỡng Môi -> Son Dưỡng Môi,False
P_5040,5040,Combo 2 Serum Olay Giúp Da Săn Chắc Và Mịn Màng 30ml,9,Serum / Tinh Chất,2004,Đặc Trị,Chăm Sóc Da Mặt,Đặc Trị,Serum / Tinh Chất,Sức Khỏe - Làm Đẹp -> Chăm Sóc Da Mặt -> Đặc Trị -> Serum / Tinh Chất,True
P_5042,5042,"Serum d'Alba Dạng Xịt Cấp Ẩm, Làm Mát Da 100ml",9,Serum / Tinh Chất,2004,Đặc Trị,Chăm Sóc Da Mặt,Đặc Trị,Serum / Tinh Chất,Sức Khỏe - Làm Đẹp -> Chăm Sóc Da Mặt -> Đặc Trị -> Serum / Tinh Chất,True
P_5045,5045,Mặt Nạ Freeplus Dưỡng Ẩm Dịu Nhẹ Hộp 5 Miếng 25mlx5,11,Mặt Nạ Giấy,2001,Mặt Nạ,Chăm Sóc Da Mặt,Mặt Nạ,Mặt Nạ Giấy,Sức Khỏe - Làm Đẹp -> Chăm Sóc Da Mặt -> Mặt Nạ -> Mặt Nạ Giấy,False
P_5048,5048,"Combo 10 Mặt Nạ Torriden Làm Dịu & Phục Hồi Da Mụn, Nhạy Cảm 25ml",11,Mặt Nạ Giấy,2001,Mặt Nạ,Chăm Sóc Da Mặt,Mặt Nạ,Mặt Nạ Giấy,Sức Khỏe - Làm Đẹp -> Chăm Sóc Da Mặt -> Mặt Nạ -> Mặt Nạ Giấy,False
P_5053,5053,Kem Chống Nắng Tenamyd Vật Lý SPF50+ PA++++ 50g,6,Chống Nắng Da Mặt,1001,Chăm Sóc Da Mặt,Chăm Sóc Da Mặt,Chống Nắng Da Mặt,Chống Nắng Da Mặt,Sức Khỏe - Làm Đẹp -> Chăm Sóc Da Mặt -> Chống Nắng Da Mặt,True
P_5054,5054,"[Mini] Kem Chống Nắng Beplain Nâng Tông, Cấp Ẩm Căng Bóng 10ml",6,Chống Nắng Da Mặt,1001,Chăm Sóc Da Mặt,Chăm Sóc Da Mặt,Chống Nắng Da Mặt,Chống Nắng Da Mặt,Sức Khỏe - Làm Đẹp -> Chăm Sóc Da Mặt -> Chống Nắng Da Mặt,True
P_5057,5057,Mặt Nạ Dermal Chiết Xuất Thảo Mộc Làm Dịu Da 23g,11,Mặt Nạ Giấy,2001,Mặt Nạ,Chăm Sóc Da Mặt,Mặt Nạ,Mặt Nạ Giấy,Sức Khỏe - Làm Đẹp -> Chăm Sóc Da Mặt -> Mặt Nạ -> Mặt Nạ Giấy,False
P_5060,5060,"Combo Cosrx Gel Rửa Mặt Tràm Trà, 0.5% BHA 150ml + Kem Chống Nắng Mỏng Nhẹ, Trong Suốt 50ml",3,Bộ Chăm Sóc Da Mặt,1001,Chăm Sóc Da Mặt,Chăm Sóc Da Mặt,Bộ Chăm Sóc Da Mặt,Bộ Chăm Sóc Da Mặt,Sức Khỏe - Làm Đẹp -> Chăm Sóc Da Mặt -> Bộ Chăm Sóc Da Mặt,False
P_5061,5061,Tinh Chất SkinCeuticals Hỗ Trợ Cấp Ẩm & Tái Tạo Da 30ml,9,Serum / Tinh Chất,2004,Đặc Trị,Chăm Sóc Da Mặt,Đặc Trị,Serum / Tinh Chất,Sức Khỏe - Làm Đẹp -> Chăm Sóc Da Mặt -> Đặc Trị -> Serum / Tinh Chất,True
P_5062,5062,Combo 2 Son Dưỡng Môi Mentholatum Melty Cream Lip Hương Trà Xanh + Không Mùi 2.4g,18,Son Dưỡng Môi,2006,Dưỡng Môi,Chăm Sóc Da Mặt,Dưỡng Môi,Son Dưỡng Môi,Sức Khỏe - Làm Đẹp -> Chăm Sóc Da Mặt -> Dưỡng Môi -> Son Dưỡng Môi,False
P_5063,5063,Son Dưỡng Có Màu Maybelline 009 Nâu Đất Latte 2.8g,18,Son Dưỡng Môi,2006,Dưỡng Môi,Chăm Sóc Da Mặt,Dưỡng Môi,Son Dưỡng Môi,Sức Khỏe - Làm Đẹp -> Chăm Sóc Da Mặt -> Dưỡng Môi -> Son Dưỡng Môi,False
P_5070,5070,Kem Dưỡng d program Ngăn Ngừa Lão Hóa 45g,7,Kem / Gel / Dầu Dưỡng,2003,Dưỡng Ẩm,Chăm Sóc Da Mặt,Dưỡng Ẩm,Kem / Gel / Dầu Dưỡng,Sức Khỏe - Làm Đẹp -> Chăm Sóc Da Mặt -> Dưỡng Ẩm -> Kem / Gel / Dầu Dưỡng,True
P_5071,5071,Combo Cetaphil Dịu Lành Cho Da Nhạy Cảm 3 Món,3,Bộ Chăm Sóc Da Mặt,1001,Chăm Sóc Da Mặt,Chăm Sóc Da Mặt,Bộ Chăm Sóc Da Mặt,Bộ Chăm Sóc Da Mặt,Sức Khỏe - Làm Đẹp -> Chăm Sóc Da Mặt -> Bộ Chăm Sóc Da Mặt,False
P_5073,5073,Gel Rửa Mặt Cocoon Cà Phê Đắk Lắk Cho Làn Da Tươi Mới 140ml,1,Sữa Rửa Mặt,2002,Làm Sạch Da,Chăm Sóc Da Mặt,Làm Sạch Da,Sữa Rửa Mặt,Sức Khỏe - Làm Đẹp -> Chăm Sóc Da Mặt -> Làm Sạch Da -> Sữa Rửa Mặt,True
P_5077,5077,Combo 2 Son Dưỡng LipIce Trái Cây Cherry Anh Đào Đỏ Tươi + Strawberry Hồng Dâu Dịu Ngọt 4g,18,Son Dưỡng Môi,2006,Dưỡng Môi,Chăm Sóc Da Mặt,Dưỡng Môi,Son Dưỡng Môi,Sức Khỏe - Làm Đẹp -> Chăm Sóc Da Mặt -> Dưỡng Môi -> Son Dưỡng Môi,False
P_5078,5078,Lotion Curél Dưỡng Ẩm Sáng Mịn II 140ml,37,Lotion / Sữa Dưỡng,2003,Dưỡng Ẩm,Chăm Sóc Da Mặt,Dưỡng Ẩm,Lotion / Sữa Dưỡng,Sức Khỏe - Làm Đẹp -> Chăm Sóc Da Mặt -> Dưỡng Ẩm -> Lotion / Sữa Dưỡng,False
P_5081,5081,Mặt Nạ Banobagi Dưỡng Sáng & Bổ Sung Collagen Tế Bào Gốc 30g,11,Mặt Nạ Giấy,2001,Mặt Nạ,Chăm Sóc Da Mặt,Mặt Nạ,Mặt Nạ Giấy,Sức Khỏe - Làm Đẹp -> Chăm Sóc Da Mặt -> Mặt Nạ -> Mặt Nạ Giấy,False
P_5083,5083,Nước Tẩy Trang Silkygirl Làm Sạch Da Dịu Nhẹ 105ml,2,Tẩy Trang Mặt,2002,Làm Sạch Da,Chăm Sóc Da Mặt,Làm Sạch Da,Tẩy Trang Mặt,Sức Khỏe - Làm Đẹp -> Chăm Sóc Da Mặt -> Làm Sạch Da -> Tẩy Trang Mặt,False
P_5084,5084,Mặt Nạ Mayan 3D Hồng Sâm Linh Chi 25ml,11,Mặt Nạ Giấy,2001,Mặt Nạ,Chăm Sóc Da Mặt,Mặt Nạ,Mặt Nạ Giấy,Sức Khỏe - Làm Đẹp -> Chăm Sóc Da Mặt -> Mặt Nạ -> Mặt Nạ Giấy,False
P_5086,5086,"Combo 2 Nước Tẩy Trang Simple Sạch Sâu, Cấp Ẩm Đa Tầng 400ml",2,Tẩy Trang Mặt,2002,Làm Sạch Da,Chăm Sóc Da Mặt,Làm Sạch Da,Tẩy Trang Mặt,Sức Khỏe - Làm Đẹp -> Chăm Sóc Da Mặt -> Làm Sạch Da -> Tẩy Trang Mặt,False
P_5090,5090,Combo SVR Tinh Chất Retinol Ngừa Lão Hoá 30ml & Gel Rửa Mặt Cho Da Dầu 55ml,3,Bộ Chăm Sóc Da Mặt,1001,Chăm Sóc Da Mặt,Chăm Sóc Da Mặt,Bộ Chăm Sóc Da Mặt,Bộ Chăm Sóc Da Mặt,Sức Khỏe - Làm Đẹp -> Chăm Sóc Da Mặt -> Bộ Chăm Sóc Da Mặt,False
P_5091,5091,Bông Tẩm Dung Dịch Tẩy Trang & Rửa Mặt Purederm 1 Miếng,2,Tẩy Trang Mặt,2002,Làm Sạch Da,Chăm Sóc Da Mặt,Làm Sạch Da,Tẩy Trang Mặt,Sức Khỏe - Làm Đẹp -> Chăm Sóc Da Mặt -> Làm Sạch Da -> Tẩy Trang Mặt,False
P_5092,5092,Kem Dưỡng Bio-essence Vàng 24K Ngừa Lão Hóa Ban Ngày 40g,7,Kem / Gel / Dầu Dưỡng,2003,Dưỡng Ẩm,Chăm Sóc Da Mặt,Dưỡng Ẩm,Kem / Gel / Dầu Dưỡng,Sức Khỏe - Làm Đẹp -> Chăm Sóc Da Mặt -> Dưỡng Ẩm -> Kem / Gel / Dầu Dưỡng,True
P_5095,5095,Sữa Dưỡng Ẩm Freeplus Dịu Nhẹ #2 Ẩm Mượt Da 100ml,37,Lotion / Sữa Dưỡng,2003,Dưỡng Ẩm,Chăm Sóc Da Mặt,Dưỡng Ẩm,Lotion / Sữa Dưỡng,Sức Khỏe - Làm Đẹp -> Chăm Sóc Da Mặt -> Dưỡng Ẩm -> Lotion / Sữa Dưỡng,False
P_5097,5097,Kem Dưỡng Ẩm Isis Pharma Ngăn Ngừa Khô Da 40ml (NEW),7,Kem / Gel / Dầu Dưỡng,2003,Dưỡng Ẩm,Chăm Sóc Da Mặt,Dưỡng Ẩm,Kem / Gel / Dầu Dưỡng,Sức Khỏe - Làm Đẹp -> Chăm Sóc Da Mặt -> Dưỡng Ẩm -> Kem / Gel / Dầu Dưỡng,True
P_5101,5101,Mặt Nạ Curél Dưỡng Da Cấp Ẩm Chuyên Sâu 27ml x 4 Miếng,11,Mặt Nạ Giấy,2001,Mặt Nạ,Chăm Sóc Da Mặt,Mặt Nạ,Mặt Nạ Giấy,Sức Khỏe - Làm Đẹp -> Chăm Sóc Da Mặt -> Mặt Nạ -> Mặt Nạ Giấy,False
P_5102,5102,Combo Menard Nước Uống 50mlx3chai + Kem Rửa Mặt 8g + Kem Tẩy Trang 8g,3,Bộ Chăm Sóc Da Mặt,1001,Chăm Sóc Da Mặt,Chăm Sóc Da Mặt,Bộ Chăm Sóc Da Mặt,Bộ Chăm Sóc Da Mặt,Sức Khỏe - Làm Đẹp -> Chăm Sóc Da Mặt -> Bộ Chăm Sóc Da Mặt,False
P_5107,5107,"Serum Uriage Dưỡng Sáng, Giảm Thâm Sạm, Đốm Nâu 30ml",9,Serum / Tinh Chất,2004,Đặc Trị,Chăm Sóc Da Mặt,Đặc Trị,Serum / Tinh Chất,Sức Khỏe - Làm Đẹp -> Chăm Sóc Da Mặt -> Đặc Trị -> Serum / Tinh Chất,True
P_5108,5108,"Dầu Tẩy Trang Elixir Sạch Sâu, Cấp Ẩm, Ngừa Lão Hóa 150ml",2,Tẩy Trang Mặt,2002,Làm Sạch Da,Chăm Sóc Da Mặt,Làm Sạch Da,Tẩy Trang Mặt,Sức Khỏe - Làm Đẹp -> Chăm Sóc Da Mặt -> Làm Sạch Da -> Tẩy Trang Mặt,False
P_5110,5110,Kem Chống Nắng Mernard UV Nâng Tông Dưỡng Sáng 65g,6,Chống Nắng Da Mặt,1001,Chăm Sóc Da Mặt,Chăm Sóc Da Mặt,Chống Nắng Da Mặt,Chống Nắng Da Mặt,Sức Khỏe - Làm Đẹp -> Chăm Sóc Da Mặt -> Chống Nắng Da Mặt,True
P_5113,5113,Combo 2 Sữa Chống Nắng La Roche-Posay Cho Da Dầu Mụn 50ml,6,Chống Nắng Da Mặt,1001,Chăm Sóc Da Mặt,Chăm Sóc Da Mặt,Chống Nắng Da Mặt,Chống Nắng Da Mặt,Sức Khỏe - Làm Đẹp -> Chăm Sóc Da Mặt -> Chống Nắng Da Mặt,True
P_5114,5114,Toner B.O.M Sáng Da Ngừa Mụn 120ml,4,Toner / Nước Cân Bằng Da,2002,Làm Sạch Da,Chăm Sóc Da Mặt,Làm Sạch Da,Toner / Nước Cân Bằng Da,Sức Khỏe - Làm Đẹp -> Chăm Sóc Da Mặt -> Làm Sạch Da -> Toner / Nước Cân Bằng Da,False
P_5115,5115,"Kem Dưỡng Menard Fairlucent Sáng Da, Mờ Thâm Nám 40g",7,Kem / Gel / Dầu Dưỡng,2003,Dưỡng Ẩm,Chăm Sóc Da Mặt,Dưỡng Ẩm,Kem / Gel / Dầu Dưỡng,Sức Khỏe - Làm Đẹp -> Chăm Sóc Da Mặt -> Dưỡng Ẩm -> Kem / Gel / Dầu Dưỡng,True
P_5116,5116,Sữa Rửa Mặt Bio-essence Từ Sữa Ong Chúa Cho Da Khô 100g,1,Sữa Rửa Mặt,2002,Làm Sạch Da,Chăm Sóc Da Mặt,Làm Sạch Da,Sữa Rửa Mặt,Sức Khỏe - Làm Đẹp -> Chăm Sóc Da Mặt -> Làm Sạch Da -> Sữa Rửa Mặt,True
P_5118,5118,Son Dưỡng Menard Giàu Ẩm Bạc Hà 3.2g,18,Son Dưỡng Môi,2006,Dưỡng Môi,Chăm Sóc Da Mặt,Dưỡng Môi,Son Dưỡng Môi,Sức Khỏe - Làm Đẹp -> Chăm Sóc Da Mặt -> Dưỡng Môi -> Son Dưỡng Môi,False
P_5121,5121,Combo 10 Mặt Nạ JMsolution Hyaluronic Acid Dưỡng Sáng & Cấp Ẩm 30ml,11,Mặt Nạ Giấy,2001,Mặt Nạ,Chăm Sóc Da Mặt,Mặt Nạ,Mặt Nạ Giấy,Sức Khỏe - Làm Đẹp -> Chăm Sóc Da Mặt -> Mặt Nạ -> Mặt Nạ Giấy,False
P_5124,5124,Combo Son Dưỡng Môi Mentholatum Melty Cream Lip Mật Ong + Xịt Khử Mùi Refre Hương Lactone Sáng Da 2.4g+30ml,18,Son Dưỡng Môi,2006,Dưỡng Môi,Chăm Sóc Da Mặt,Dưỡng Môi,Son Dưỡng Môi,Sức Khỏe - Làm Đẹp -> Chăm Sóc Da Mặt -> Dưỡng Môi -> Son Dưỡng Môi,False
P_5126,5126,Son Dưỡng Menard Giàu Ẩm Không Màu 3.2g,18,Son Dưỡng Môi,2006,Dưỡng Môi,Chăm Sóc Da Mặt,Dưỡng Môi,Son Dưỡng Môi,Sức Khỏe - Làm Đẹp -> Chăm Sóc Da Mặt -> Dưỡng Môi -> Son Dưỡng Môi,False
P_5130,5130,Mặt Nạ Evoluderm Chiết Xuất Dưa Leo Dưỡng Ẩm Da 150g,19,Mặt Nạ Rửa,2001,Mặt Nạ,Chăm Sóc Da Mặt,Mặt Nạ,Mặt Nạ Rửa,Sức Khỏe - Làm Đẹp -> Chăm Sóc Da Mặt -> Mặt Nạ -> Mặt Nạ Rửa,False
P_5133,5133,Son Dưỡng Môi Vaseline Therapy Mềm Mịn 10g,18,Son Dưỡng Môi,2006,Dưỡng Môi,Chăm Sóc Da Mặt,Dưỡng Môi,Son Dưỡng Môi,Sức Khỏe - Làm Đẹp -> Chăm Sóc Da Mặt -> Dưỡng Môi -> Son Dưỡng Môi,False
P_5135,5135,Combo 2 Son Dưỡng LipIce Lip Pure Không Màu Hương Chanh Mơ + Có Màu Raspberry Pink Hồng Đỏ 3.9g+3.8g,18,Son Dưỡng Môi,2006,Dưỡng Môi,Chăm Sóc Da Mặt,Dưỡng Môi,Son Dưỡng Môi,Sức Khỏe - Làm Đẹp -> Chăm Sóc Da Mặt -> Dưỡng Môi -> Son Dưỡng Môi,False
P_5139,5139,"Kem Dưỡng Menard Fairlucent Sáng Da, Mờ Thâm 30g",7,Kem / Gel / Dầu Dưỡng,2003,Dưỡng Ẩm,Chăm Sóc Da Mặt,Dưỡng Ẩm,Kem / Gel / Dầu Dưỡng,Sức Khỏe - Làm Đẹp -> Chăm Sóc Da Mặt -> Dưỡng Ẩm -> Kem / Gel / Dầu Dưỡng,True
P_5141,5141,Combo 2 Son Dưỡng LipIce Lip Pure Không Màu Không Mùi + Có Màu Cherry Red Đỏ Anh Đào 3.9g+3.8g,18,Son Dưỡng Môi,2006,Dưỡng Môi,Chăm Sóc Da Mặt,Dưỡng Môi,Son Dưỡng Môi,Sức Khỏe - Làm Đẹp -> Chăm Sóc Da Mặt -> Dưỡng Môi -> Son Dưỡng Môi,False
P_5142,5142,"Combo 2 Xịt Khoáng JONZAC Cung Cấp Nước, Dưỡng Ẩm Da 300ml",30,Xịt Khoáng,2003,Dưỡng Ẩm,Chăm Sóc Da Mặt,Dưỡng Ẩm,Xịt Khoáng,Sức Khỏe - Làm Đẹp -> Chăm Sóc Da Mặt -> Dưỡng Ẩm -> Xịt Khoáng,False
P_5147,5147,"Combo 10 Mặt Nạ Gookin HA Cấp Nước, Khóa Ẩm Cho Da Khô 30ml",11,Mặt Nạ Giấy,2001,Mặt Nạ,Chăm Sóc Da Mặt,Mặt Nạ,Mặt Nạ Giấy,Sức Khỏe - Làm Đẹp -> Chăm Sóc Da Mặt -> Mặt Nạ -> Mặt Nạ Giấy,False
P_5157,5157,Sữa Rửa Mặt Tẩy Trang Momopuri Dạng Gel Hương Đào 150g,1,Sữa Rửa Mặt,2002,Làm Sạch Da,Chăm Sóc Da Mặt,Làm Sạch Da,Sữa Rửa Mặt,Sức Khỏe - Làm Đẹp -> Chăm Sóc Da Mặt -> Làm Sạch Da -> Sữa Rửa Mặt,True
P_5158,5158,Combo 2 Son Dưỡng LipIce Lip Pure Không Màu Hương Cam Tây + Có Màu Bergamot Orange Cam Cháy 3.9g+3.8g,18,Son Dưỡng Môi,2006,Dưỡng Môi,Chăm Sóc Da Mặt,Dưỡng Môi,Son Dưỡng Môi,Sức Khỏe - Làm Đẹp -> Chăm Sóc Da Mặt -> Dưỡng Môi -> Son Dưỡng Môi,False
P_5167,5167,"Sữa Chống Nắng Elixir Hỗ Trợ Dưỡng Sáng, Ngừa Lão Hóa 35ml",6,Chống Nắng Da Mặt,1001,Chăm Sóc Da Mặt,Chăm Sóc Da Mặt,Chống Nắng Da Mặt,Chống Nắng Da Mặt,Sức Khỏe - Làm Đẹp -> Chăm Sóc Da Mặt -> Chống Nắng Da Mặt,True
P_5173,5173,"Mặt Nạ BNBG Vita Complex Dưỡng Sáng Da, Mờ Thâm Nám 30ml",11,Mặt Nạ Giấy,2001,Mặt Nạ,Chăm Sóc Da Mặt,Mặt Nạ,Mặt Nạ Giấy,Sức Khỏe - Làm Đẹp -> Chăm Sóc Da Mặt -> Mặt Nạ -> Mặt Nạ Giấy,False
P_5175,5175,Sữa Chống Nắng Cathy Doll Dưỡng Da SPF50 PA++++ 40ml,6,Chống Nắng Da Mặt,1001,Chăm Sóc Da Mặt,Chăm Sóc Da Mặt,Chống Nắng Da Mặt,Chống Nắng Da Mặt,Sức Khỏe - Làm Đẹp -> Chăm Sóc Da Mặt -> Chống Nắng Da Mặt,True
P_5181,5181,Serum B.O.M Just One Chiết Xuất Diếp Cá Cho Da Mụn 30ml,9,Serum / Tinh Chất,2004,Đặc Trị,Chăm Sóc Da Mặt,Đặc Trị,Serum / Tinh Chất,Sức Khỏe - Làm Đẹp -> Chăm Sóc Da Mặt -> Đặc Trị -> Serum / Tinh Chất,True
P_5183,5183,Son Dưỡng Môi Vaseline Therapy Hồng Xinh 10g,18,Son Dưỡng Môi,2006,Dưỡng Môi,Chăm Sóc Da Mặt,Dưỡng Môi,Son Dưỡng Môi,Sức Khỏe - Làm Đẹp -> Chăm Sóc Da Mặt -> Dưỡng Môi -> Son Dưỡng Môi,False
P_5187,5187,Serum Pond's Age Miracle Ngăn Ngừa Lão Hóa 30ml,9,Serum / Tinh Chất,2004,Đặc Trị,Chăm Sóc Da Mặt,Đặc Trị,Serum / Tinh Chất,Sức Khỏe - Làm Đẹp -> Chăm Sóc Da Mặt -> Đặc Trị -> Serum / Tinh Chất,True
P_5188,5188,Nước Dưỡng Naris Luque Lotion 2 Cấp Ẩm Da 210ml,37,Lotion / Sữa Dưỡng,2003,Dưỡng Ẩm,Chăm Sóc Da Mặt,Dưỡng Ẩm,Lotion / Sữa Dưỡng,Sức Khỏe - Làm Đẹp -> Chăm Sóc Da Mặt -> Dưỡng Ẩm -> Lotion / Sữa Dưỡng,False
P_5189,5189,Kem Chống Nắng Vichy Dành Cho Da Dầu Mụn 40ml,6,Chống Nắng Da Mặt,1001,Chăm Sóc Da Mặt,Chăm Sóc Da Mặt,Chống Nắng Da Mặt,Chống Nắng Da Mặt,Sức Khỏe - Làm Đẹp -> Chăm Sóc Da Mặt -> Chống Nắng Da Mặt,True
P_5203,5203,Sữa Chống Nắng Elixir Dưỡng Da Kiềm Dầu 35g,6,Chống Nắng Da Mặt,1001,Chăm Sóc Da Mặt,Chăm Sóc Da Mặt,Chống Nắng Da Mặt,Chống Nắng Da Mặt,Sức Khỏe - Làm Đẹp -> Chăm Sóc Da Mặt -> Chống Nắng Da Mặt,True
P_5211,5211,Bộ Sản Phẩm Acnes Chăm Sóc Da Mụn Cho Mặt Và Cơ Thể 4 Món,1,Sữa Rửa Mặt,2002,Làm Sạch Da,Chăm Sóc Da Mặt,Làm Sạch Da,Sữa Rửa Mặt,Sức Khỏe - Làm Đẹp -> Chăm Sóc Da Mặt -> Làm Sạch Da -> Sữa Rửa Mặt,True
P_5212,5212,Kem Dưỡng Obagi Cấp Ẩm Dịu Nhẹ 50ml,7,Kem / Gel / Dầu Dưỡng,2003,Dưỡng Ẩm,Chăm Sóc Da Mặt,Dưỡng Ẩm,Kem / Gel / Dầu Dưỡng,Sức Khỏe - Làm Đẹp -> Chăm Sóc Da Mặt -> Dưỡng Ẩm -> Kem / Gel / Dầu Dưỡng,True
P_5220,5220,Bộ Dưỡng Freeplus Dưỡng Ẩm Dịu Nhẹ Set 2 (40ml+15ml),3,Bộ Chăm Sóc Da Mặt,1001,Chăm Sóc Da Mặt,Chăm Sóc Da Mặt,Bộ Chăm Sóc Da Mặt,Bộ Chăm Sóc Da Mặt,Sức Khỏe - Làm Đẹp -> Chăm Sóc Da Mặt -> Bộ Chăm Sóc Da Mặt,False
P_5224,5224,Xịt Khoáng Naris LIDEE 60ml,30,Xịt Khoáng,2003,Dưỡng Ẩm,Chăm Sóc Da Mặt,Dưỡng Ẩm,Xịt Khoáng,Sức Khỏe - Làm Đẹp -> Chăm Sóc Da Mặt -> Dưỡng Ẩm -> Xịt Khoáng,False
P_5229,5229,"Mặt Nạ Ngủ Elixir Phục Hồi Độ Ẩm, Ngừa Lão Hóa 105g",53,Mặt Nạ Ngủ,2001,Mặt Nạ,Chăm Sóc Da Mặt,Mặt Nạ,Mặt Nạ Ngủ,Sức Khỏe - Làm Đẹp -> Chăm Sóc Da Mặt -> Mặt Nạ -> Mặt Nạ Ngủ,False
P_5233,5233,"Combo Azderma Nước Tẩy Trang Cho Da Dầu Mụn Nhạy Cảm 500ml + Kem Dưỡng Cấp Ẩm, Đều Màu Da 40ml",3,Bộ Chăm Sóc Da Mặt,1001,Chăm Sóc Da Mặt,Chăm Sóc Da Mặt,Bộ Chăm Sóc Da Mặt,Bộ Chăm Sóc Da Mặt,Sức Khỏe - Làm Đẹp -> Chăm Sóc Da Mặt -> Bộ Chăm Sóc Da Mặt,False
P_5235,5235,"Combo 10 Mặt Nạ Petit Cochon Dưỡng Sáng, Kiểm Soát Nhờn 30ml",11,Mặt Nạ Giấy,2001,Mặt Nạ,Chăm Sóc Da Mặt,Mặt Nạ,Mặt Nạ Giấy,Sức Khỏe - Làm Đẹp -> Chăm Sóc Da Mặt -> Mặt Nạ -> Mặt Nạ Giấy,False
P_5239,5239,Xịt Khoáng So'Natural Cấp Ấm Dưỡng Da Mầm Lúa Mạch 120ml,30,Xịt Khoáng,2003,Dưỡng Ẩm,Chăm Sóc Da Mặt,Dưỡng Ẩm,Xịt Khoáng,Sức Khỏe - Làm Đẹp -> Chăm Sóc Da Mặt -> Dưỡng Ẩm -> Xịt Khoáng,False
P_5240,5240,Xịt Dưỡng Da Curél Cấp Ẩm Chuyên Sâu 60g,30,Xịt Khoáng,2003,Dưỡng Ẩm,Chăm Sóc Da Mặt,Dưỡng Ẩm,Xịt Khoáng,Sức Khỏe - Làm Đẹp -> Chăm Sóc Da Mặt -> Dưỡng Ẩm -> Xịt Khoáng,False
P_5244,5244,Hộp Quà Sunplay Chống Nắng Dưỡng Da 3 Món,3,Bộ Chăm Sóc Da Mặt,1001,Chăm Sóc Da Mặt,Chăm Sóc Da Mặt,Bộ Chăm Sóc Da Mặt,Bộ Chăm Sóc Da Mặt,Sức Khỏe - Làm Đẹp -> Chăm Sóc Da Mặt -> Bộ Chăm Sóc Da Mặt,False
P_5246,5246,Nước Hoa Hồng Avander Moisture Dưỡng Ẩm Da 150ml,4,Toner / Nước Cân Bằng Da,2002,Làm Sạch Da,Chăm Sóc Da Mặt,Làm Sạch Da,Toner / Nước Cân Bằng Da,Sức Khỏe - Làm Đẹp -> Chăm Sóc Da Mặt -> Làm Sạch Da -> Toner / Nước Cân Bằng Da,False
P_5250,5250,Nước Dưỡng Naris Luque Lotion 1 Cấp Ẩm Da 210ml,37,Lotion / Sữa Dưỡng,2003,Dưỡng Ẩm,Chăm Sóc Da Mặt,Dưỡng Ẩm,Lotion / Sữa Dưỡng,Sức Khỏe - Làm Đẹp -> Chăm Sóc Da Mặt -> Dưỡng Ẩm -> Lotion / Sữa Dưỡng,False
P_5251,5251,"Sữa Rửa Mặt Elixir 2 Trong 1 Dưỡng Ẩm, Ngừa Lão Hóa 140ml",1,Sữa Rửa Mặt,2002,Làm Sạch Da,Chăm Sóc Da Mặt,Làm Sạch Da,Sữa Rửa Mặt,Sức Khỏe - Làm Đẹp -> Chăm Sóc Da Mặt -> Làm Sạch Da -> Sữa Rửa Mặt,True
P_5253,5253,Mặt Nạ Lanbena Vitamin B3 Cấp Ẩm Sáng Da 25ml,11,Mặt Nạ Giấy,2001,Mặt Nạ,Chăm Sóc Da Mặt,Mặt Nạ,Mặt Nạ Giấy,Sức Khỏe - Làm Đẹp -> Chăm Sóc Da Mặt -> Mặt Nạ -> Mặt Nạ Giấy,False
P_5257,5257,"[Mini] Nước Cân Bằng Elixir Hỗ Trợ Dưỡng Sáng, Ngừa Lão Hóa 18ml",37,Lotion / Sữa Dưỡng,2003,Dưỡng Ẩm,Chăm Sóc Da Mặt,Dưỡng Ẩm,Lotion / Sữa Dưỡng,Sức Khỏe - Làm Đẹp -> Chăm Sóc Da Mặt -> Dưỡng Ẩm -> Lotion / Sữa Dưỡng,False
P_5260,5260,Combo 2 Son Dưỡng Môi Mentholatum Melty Cream Lip Hương Hoa Mật Ong + Không Mùi 2.4g,18,Son Dưỡng Môi,2006,Dưỡng Môi,Chăm Sóc Da Mặt,Dưỡng Môi,Son Dưỡng Môi,Sức Khỏe - Làm Đẹp -> Chăm Sóc Da Mặt -> Dưỡng Môi -> Son Dưỡng Môi,False
P_5262,5262,Kem Dưỡng MartiDerm Tái Tạo & Phục Hồi Da Nhạy Cảm 30ml,7,Kem / Gel / Dầu Dưỡng,2003,Dưỡng Ẩm,Chăm Sóc Da Mặt,Dưỡng Ẩm,Kem / Gel / Dầu Dưỡng,Sức Khỏe - Làm Đẹp -> Chăm Sóc Da Mặt -> Dưỡng Ẩm -> Kem / Gel / Dầu Dưỡng,True
P_5264,5264,Xịt Khoáng Dr Her Paris Làm Dịu Da 150ml,30,Xịt Khoáng,2003,Dưỡng Ẩm,Chăm Sóc Da Mặt,Dưỡng Ẩm,Xịt Khoáng,Sức Khỏe - Làm Đẹp -> Chăm Sóc Da Mặt -> Dưỡng Ẩm -> Xịt Khoáng,False
P_5266,5266,Combo SVR Serum Làm Giảm Mụn 30ml + Gel Rửa Mặt Cho Da Dầu 55ml,9,Serum / Tinh Chất,2004,Đặc Trị,Chăm Sóc Da Mặt,Đặc Trị,Serum / Tinh Chất,Sức Khỏe - Làm Đẹp -> Chăm Sóc Da Mặt -> Đặc Trị -> Serum / Tinh Chất,True
P_5273,5273,Nước Hoa Hồng Cosrx Tẩy Tế Bào Chết Hoá Học 150ml,4,Toner / Nước Cân Bằng Da,2002,Làm Sạch Da,Chăm Sóc Da Mặt,Làm Sạch Da,Toner / Nước Cân Bằng Da,Sức Khỏe - Làm Đẹp -> Chăm Sóc Da Mặt -> Làm Sạch Da -> Toner / Nước Cân Bằng Da,False
P_5283,5283,"Mặt Nạ Mayan 3D Collagen Tinh Chất Linh Chi, Lô Hội 25ml",11,Mặt Nạ Giấy,2001,Mặt Nạ,Chăm Sóc Da Mặt,Mặt Nạ,Mặt Nạ Giấy,Sức Khỏe - Làm Đẹp -> Chăm Sóc Da Mặt -> Mặt Nạ -> Mặt Nạ Giấy,False
P_5287,5287,Serum Vichy 89 Khoáng Chất Phục Hồi Chuyên Sâu 75ml,9,Serum / Tinh Chất,2004,Đặc Trị,Chăm Sóc Da Mặt,Đặc Trị,Serum / Tinh Chất,Sức Khỏe - Làm Đẹp -> Chăm Sóc Da Mặt -> Đặc Trị -> Serum / Tinh Chất,True
P_5294,5294,Sữa Rửa Mặt B.O.M Tạo Bọt Ngăn Ngừa Mụn 150ml,1,Sữa Rửa Mặt,2002,Làm Sạch Da,Chăm Sóc Da Mặt,Làm Sạch Da,Sữa Rửa Mặt,Sức Khỏe - Làm Đẹp -> Chăm Sóc Da Mặt -> Làm Sạch Da -> Sữa Rửa Mặt,True
P_5296,5296,Mặt Nạ BNBG Dưỡng Ẩm Chuyên Sâu Cho Mọi Loại Da 30ml,11,Mặt Nạ Giấy,2001,Mặt Nạ,Chăm Sóc Da Mặt,Mặt Nạ,Mặt Nạ Giấy,Sức Khỏe - Làm Đẹp -> Chăm Sóc Da Mặt -> Mặt Nạ -> Mặt Nạ Giấy,False
P_5303,5303,Combo Xịt Khoáng Evian Cấp Ẩm Và Làm Dịu Da 300ml+50ml,30,Xịt Khoáng,2003,Dưỡng Ẩm,Chăm Sóc Da Mặt,Dưỡng Ẩm,Xịt Khoáng,Sức Khỏe - Làm Đẹp -> Chăm Sóc Da Mặt -> Dưỡng Ẩm -> Xịt Khoáng,False
P_5306,5306,Mặt Nạ Purederm Dưỡng Sáng Da Chiết Xuất Đất Sét Hồng 15g,11,Mặt Nạ Giấy,2001,Mặt Nạ,Chăm Sóc Da Mặt,Mặt Nạ,Mặt Nạ Giấy,Sức Khỏe - Làm Đẹp -> Chăm Sóc Da Mặt -> Mặt Nạ -> Mặt Nạ Giấy,False
P_5313,5313,Toner B.O.M Tinh Chất Tía Tô Kháng Viêm Ngừa Lão Hoá 50ml,4,Toner / Nước Cân Bằng Da,2002,Làm Sạch Da,Chăm Sóc Da Mặt,Làm Sạch Da,Toner / Nước Cân Bằng Da,Sức Khỏe - Làm Đẹp -> Chăm Sóc Da Mặt -> Làm Sạch Da -> Toner / Nước Cân Bằng Da,False
P_5315,5315,Tinh Chất Curél Dưỡng Ẩm Sáng Mịn 30g,9,Serum / Tinh Chất,2004,Đặc Trị,Chăm Sóc Da Mặt,Đặc Trị,Serum / Tinh Chất,Sức Khỏe - Làm Đẹp -> Chăm Sóc Da Mặt -> Đặc Trị -> Serum / Tinh Chất,True
P_5318,5318,[Mini] Nước Cân Bằng Elixir Ngừa Lão Hóa Cho Da Dầu 18ml,37,Lotion / Sữa Dưỡng,2003,Dưỡng Ẩm,Chăm Sóc Da Mặt,Dưỡng Ẩm,Lotion / Sữa Dưỡng,Sức Khỏe - Làm Đẹp -> Chăm Sóc Da Mặt -> Dưỡng Ẩm -> Lotion / Sữa Dưỡng,False
P_5322,5322,Nước Tẩy Trang Nivea Kiểm Soát Nhờn 200ml,2,Tẩy Trang Mặt,2002,Làm Sạch Da,Chăm Sóc Da Mặt,Làm Sạch Da,Tẩy Trang Mặt,Sức Khỏe - Làm Đẹp -> Chăm Sóc Da Mặt -> Làm Sạch Da -> Tẩy Trang Mặt,False
P_5323,5323,Mặt Nạ Momopuri Dưỡng Ẩm Hương Đào Tươi Mát 4 Miếng,11,Mặt Nạ Giấy,2001,Mặt Nạ,Chăm Sóc Da Mặt,Mặt Nạ,Mặt Nạ Giấy,Sức Khỏe - Làm Đẹp -> Chăm Sóc Da Mặt -> Mặt Nạ -> Mặt Nạ Giấy,False
P_5333,5333,Combo Melano CC Sữa Rửa Mặt 130g + Serum Dưỡng Sáng Cao Cấp 20ml,3,Bộ Chăm Sóc Da Mặt,1001,Chăm Sóc Da Mặt,Chăm Sóc Da Mặt,Bộ Chăm Sóc Da Mặt,Bộ Chăm Sóc Da Mặt,Sức Khỏe - Làm Đẹp -> Chăm Sóc Da Mặt -> Bộ Chăm Sóc Da Mặt,False
P_5337,5337,Bộ Sản Phẩm d program Ngăn Ngừa Lão Hoá Sache 2 Món,7,Kem / Gel / Dầu Dưỡng,2003,Dưỡng Ẩm,Chăm Sóc Da Mặt,Dưỡng Ẩm,Kem / Gel / Dầu Dưỡng,Sức Khỏe - Làm Đẹp -> Chăm Sóc Da Mặt -> Dưỡng Ẩm -> Kem / Gel / Dầu Dưỡng,True
P_5348,5348,Nước Dưỡng Da Naris Luque Tấy Tế Bào Chết 2in1 200ml,4,Toner / Nước Cân Bằng Da,2002,Làm Sạch Da,Chăm Sóc Da Mặt,Làm Sạch Da,Toner / Nước Cân Bằng Da,Sức Khỏe - Làm Đẹp -> Chăm Sóc Da Mặt -> Làm Sạch Da -> Toner / Nước Cân Bằng Da,False
P_5349,5349,Combo CeraVe Sữa Rửa Mặt Sạch Sâu Cho Da Thường Đến Da Dầu 236ml + Sữa Dưỡng Ẩm 30ml,3,Bộ Chăm Sóc Da Mặt,1001,Chăm Sóc Da Mặt,Chăm Sóc Da Mặt,Bộ Chăm Sóc Da Mặt,Bộ Chăm Sóc Da Mặt,Sức Khỏe - Làm Đẹp -> Chăm Sóc Da Mặt -> Bộ Chăm Sóc Da Mặt,False
P_5350,5350,Bộ Đôi L'Oreal Nước Hoa Hồng & Kem Dưỡng Đêm Sáng Da 200ml+50ml,3,Bộ Chăm Sóc Da Mặt,1001,Chăm Sóc Da Mặt,Chăm Sóc Da Mặt,Bộ Chăm Sóc Da Mặt,Bộ Chăm Sóc Da Mặt,Sức Khỏe - Làm Đẹp -> Chăm Sóc Da Mặt -> Bộ Chăm Sóc Da Mặt,False
P_5354,5354,Kem Rửa Mặt OXY Giảm Mụn Đầu Đen 100g,1,Sữa Rửa Mặt,2002,Làm Sạch Da,Chăm Sóc Da Mặt,Làm Sạch Da,Sữa Rửa Mặt,Sức Khỏe - Làm Đẹp -> Chăm Sóc Da Mặt -> Làm Sạch Da -> Sữa Rửa Mặt,True
P_5356,5356,Gel Chống Nắng Bioré Màng Nước Dưỡng Ẩm Hương Hoa Mẫu Đơn 90ml,6,Chống Nắng Da Mặt,1001,Chăm Sóc Da Mặt,Chăm Sóc Da Mặt,Chống Nắng Da Mặt,Chống Nắng Da Mặt,Sức Khỏe - Làm Đẹp -> Chăm Sóc Da Mặt -> Chống Nắng Da Mặt,True
P_5358,5358,Mặt Nạ Pekah Chiết Xuất Cây Phỉ Cải Thiện Độ Đàn Hồi 25ml,11,Mặt Nạ Giấy,2001,Mặt Nạ,Chăm Sóc Da Mặt,Mặt Nạ,Mặt Nạ Giấy,Sức Khỏe - Làm Đẹp -> Chăm Sóc Da Mặt -> Mặt Nạ -> Mặt Nạ Giấy,False
P_5364,5364,Nước Dưỡng Bio-essence Ngừa Lão Hóa Vàng & Hoa Hồng 100ml,9,Serum / Tinh Chất,2004,Đặc Trị,Chăm Sóc Da Mặt,Đặc Trị,Serum / Tinh Chất,Sức Khỏe - Làm Đẹp -> Chăm Sóc Da Mặt -> Đặc Trị -> Serum / Tinh Chất,True
P_5370,5370,Lotion Dưỡng Da Curél Cấp Ẩm Chuyên Sâu II Mức Vừa 150ml,37,Lotion / Sữa Dưỡng,2003,Dưỡng Ẩm,Chăm Sóc Da Mặt,Dưỡng Ẩm,Lotion / Sữa Dưỡng,Sức Khỏe - Làm Đẹp -> Chăm Sóc Da Mặt -> Dưỡng Ẩm -> Lotion / Sữa Dưỡng,False
P_5389,5389,Serum Eucerin 3 Tác Động Giúp Ngăn Ngừa Lão Hóa 30ml,9,Serum / Tinh Chất,2004,Đặc Trị,Chăm Sóc Da Mặt,Đặc Trị,Serum / Tinh Chất,Sức Khỏe - Làm Đẹp -> Chăm Sóc Da Mặt -> Đặc Trị -> Serum / Tinh Chất,True
P_5400,5400,Combo 2 Serum Vichy Giải Cứu Làn Da Tức Thì 10ml,9,Serum / Tinh Chất,2004,Đặc Trị,Chăm Sóc Da Mặt,Đặc Trị,Serum / Tinh Chất,Sức Khỏe - Làm Đẹp -> Chăm Sóc Da Mặt -> Đặc Trị -> Serum / Tinh Chất,True
P_5406,5406,"Xà Phòng Tẩy Tế Bào Chết Cho Mặt Pelican Chứa AHA, BHA 80g",17,Tẩy Tế Bào Chết Da Mặt,2002,Làm Sạch Da,Chăm Sóc Da Mặt,Làm Sạch Da,Tẩy Tế Bào Chết Da Mặt,Sức Khỏe - Làm Đẹp -> Chăm Sóc Da Mặt -> Làm Sạch Da -> Tẩy Tế Bào Chết Da Mặt,False
P_5414,5414,Nước Tẩy Trang Avander Chiết Xuất Từ Babassu 150ml,2,Tẩy Trang Mặt,2002,Làm Sạch Da,Chăm Sóc Da Mặt,Làm Sạch Da,Tẩy Trang Mặt,Sức Khỏe - Làm Đẹp -> Chăm Sóc Da Mặt -> Làm Sạch Da -> Tẩy Trang Mặt,False
P_5422,5422,[Mini] Combo 2 Nước Cân Bằng Elixir Ngừa Lão Hóa Cho Da Dầu 18ml,37,Lotion / Sữa Dưỡng,2003,Dưỡng Ẩm,Chăm Sóc Da Mặt,Dưỡng Ẩm,Lotion / Sữa Dưỡng,Sức Khỏe - Làm Đẹp -> Chăm Sóc Da Mặt -> Dưỡng Ẩm -> Lotion / Sữa Dưỡng,False
P_5423,5423,Dưỡng Chất Vichy Giảm Nếp Nhăn Và Giúp Trẻ Hoá Da 30ml,9,Serum / Tinh Chất,2004,Đặc Trị,Chăm Sóc Da Mặt,Đặc Trị,Serum / Tinh Chất,Sức Khỏe - Làm Đẹp -> Chăm Sóc Da Mặt -> Đặc Trị -> Serum / Tinh Chất,True
P_5435,5435,Tinh Chất Chống Nắng Bioré UV Dịu Nhẹ SPF50+ PA++++ 60g,6,Chống Nắng Da Mặt,1001,Chăm Sóc Da Mặt,Chăm Sóc Da Mặt,Chống Nắng Da Mặt,Chống Nắng Da Mặt,Sức Khỏe - Làm Đẹp -> Chăm Sóc Da Mặt -> Chống Nắng Da Mặt,True
P_5437,5437,"Mặt Nạ Ngủ Elixir Phục Hồi Độ Ẩm, Hỗ Trợ Dưỡng Sáng Da 105g",53,Mặt Nạ Ngủ,2001,Mặt Nạ,Chăm Sóc Da Mặt,Mặt Nạ,Mặt Nạ Ngủ,Sức Khỏe - Làm Đẹp -> Chăm Sóc Da Mặt -> Mặt Nạ -> Mặt Nạ Ngủ,False
P_5440,5440,Kem Chống Nắng La Roche-Posay Giúp Giảm Mụn & Bóng Nhờn 50ml,6,Chống Nắng Da Mặt,1001,Chăm Sóc Da Mặt,Chăm Sóc Da Mặt,Chống Nắng Da Mặt,Chống Nắng Da Mặt,Sức Khỏe - Làm Đẹp -> Chăm Sóc Da Mặt -> Chống Nắng Da Mặt,True
P_5443,5443,Combo Bye Bye Blemish Lotion Chấm Mụn & Tinh Chất Peel Da 30ml+30ml,3,Bộ Chăm Sóc Da Mặt,1001,Chăm Sóc Da Mặt,Chăm Sóc Da Mặt,Bộ Chăm Sóc Da Mặt,Bộ Chăm Sóc Da Mặt,Sức Khỏe - Làm Đẹp -> Chăm Sóc Da Mặt -> Bộ Chăm Sóc Da Mặt,False
P_5444,5444,Combo Cocoon Sữa Chống Nắng Bí Đao 15ml + Dầu Tẩy Trang Hoa Hồng 140ml,3,Bộ Chăm Sóc Da Mặt,1001,Chăm Sóc Da Mặt,Chăm Sóc Da Mặt,Bộ Chăm Sóc Da Mặt,Bộ Chăm Sóc Da Mặt,Sức Khỏe - Làm Đẹp -> Chăm Sóc Da Mặt -> Bộ Chăm Sóc Da Mặt,False
P_5447,5447,Mặt Nạ Pure Smile Từ Sữa Chua Cho Da Khô & Nhạy Cảm 23ml,11,Mặt Nạ Giấy,2001,Mặt Nạ,Chăm Sóc Da Mặt,Mặt Nạ,Mặt Nạ Giấy,Sức Khỏe - Làm Đẹp -> Chăm Sóc Da Mặt -> Mặt Nạ -> Mặt Nạ Giấy,False
P_5458,5458,Mặt Nạ Biochem Dưỡng Ẩm & Làm Săn Chắc Da 24ml,11,Mặt Nạ Giấy,2001,Mặt Nạ,Chăm Sóc Da Mặt,Mặt Nạ,Mặt Nạ Giấy,Sức Khỏe - Làm Đẹp -> Chăm Sóc Da Mặt -> Mặt Nạ -> Mặt Nạ Giấy,False
P_5461,5461,Kem Dưỡng By Wishtrend Kết Hợp Tẩy Da Chết Dạng Kem 50ml,7,Kem / Gel / Dầu Dưỡng,2003,Dưỡng Ẩm,Chăm Sóc Da Mặt,Dưỡng Ẩm,Kem / Gel / Dầu Dưỡng,Sức Khỏe - Làm Đẹp -> Chăm Sóc Da Mặt -> Dưỡng Ẩm -> Kem / Gel / Dầu Dưỡng,True
P_5463,5463,Combo Cocoon Nước Tẩy Trang Bí Đao 140ml + Sữa Chống Nắng Bí Đao 15ml,3,Bộ Chăm Sóc Da Mặt,1001,Chăm Sóc Da Mặt,Chăm Sóc Da Mặt,Bộ Chăm Sóc Da Mặt,Bộ Chăm Sóc Da Mặt,Sức Khỏe - Làm Đẹp -> Chăm Sóc Da Mặt -> Bộ Chăm Sóc Da Mặt,False
P_5465,5465,Kem Dưỡng Hyaestic Hỗ Trợ Phục Hồi Da Hư Tổn 30ml,7,Kem / Gel / Dầu Dưỡng,2003,Dưỡng Ẩm,Chăm Sóc Da Mặt,Dưỡng Ẩm,Kem / Gel / Dầu Dưỡng,Sức Khỏe - Làm Đẹp -> Chăm Sóc Da Mặt -> Dưỡng Ẩm -> Kem / Gel / Dầu Dưỡng,True
P_5468,5468,Xịt Dưỡng Da Curél Cấp Ẩm Chuyên Sâu 150g,30,Xịt Khoáng,2003,Dưỡng Ẩm,Chăm Sóc Da Mặt,Dưỡng Ẩm,Xịt Khoáng,Sức Khỏe - Làm Đẹp -> Chăm Sóc Da Mặt -> Dưỡng Ẩm -> Xịt Khoáng,False
P_5469,5469,Nước Dưỡng Da Naris Cosmetics Loại Bỏ Tế Bào Chết 200ml,4,Toner / Nước Cân Bằng Da,2002,Làm Sạch Da,Chăm Sóc Da Mặt,Làm Sạch Da,Toner / Nước Cân Bằng Da,Sức Khỏe - Làm Đẹp -> Chăm Sóc Da Mặt -> Làm Sạch Da -> Toner / Nước Cân Bằng Da,False
P_5474,5474,Sữa Rửa Mặt Care:Nel Hỗ Trợ Se Khít Lỗ Chân Lông 150g,1,Sữa Rửa Mặt,2002,Làm Sạch Da,Chăm Sóc Da Mặt,Làm Sạch Da,Sữa Rửa Mặt,Sức Khỏe - Làm Đẹp -> Chăm Sóc Da Mặt -> Làm Sạch Da -> Sữa Rửa Mặt,True
P_5501,5501,Nước Dưỡng Da Naris Alodew Cung Cấp Độ Ẩm 135ml,37,Lotion / Sữa Dưỡng,2003,Dưỡng Ẩm,Chăm Sóc Da Mặt,Dưỡng Ẩm,Lotion / Sữa Dưỡng,Sức Khỏe - Làm Đẹp -> Chăm Sóc Da Mặt -> Dưỡng Ẩm -> Lotion / Sữa Dưỡng,False
P_5505,5505,Nước Tẩy Trang Avander Chiết Xuất Từ Cám Gạo 150ml,2,Tẩy Trang Mặt,2002,Làm Sạch Da,Chăm Sóc Da Mặt,Làm Sạch Da,Tẩy Trang Mặt,Sức Khỏe - Làm Đẹp -> Chăm Sóc Da Mặt -> Làm Sạch Da -> Tẩy Trang Mặt,False
P_5514,5514,Combo 2 Sữa Chống Nắng Sunplay Hiệu Chỉnh Sắc Da 50g (Cam),6,Chống Nắng Da Mặt,1001,Chăm Sóc Da Mặt,Chăm Sóc Da Mặt,Chống Nắng Da Mặt,Chống Nắng Da Mặt,Sức Khỏe - Làm Đẹp -> Chăm Sóc Da Mặt -> Chống Nắng Da Mặt,True
P_5519,5519,Gel Dưỡng By Wishtrend Hỗ Trợ Giảm Và Ngừa Mụn 30g,25,Hỗ Trợ Trị Mụn,2004,Đặc Trị,Chăm Sóc Da Mặt,Đặc Trị,Hỗ Trợ Trị Mụn,Sức Khỏe - Làm Đẹp -> Chăm Sóc Da Mặt -> Đặc Trị -> Hỗ Trợ Trị Mụn,True
P_5528,5528,Combo 5 Hộp 10 Mặt Nạ Emmié Microfiber Cầu Sung Dừa Đủ Xoài 28g,11,Mặt Nạ Giấy,2001,Mặt Nạ,Chăm Sóc Da Mặt,Mặt Nạ,Mặt Nạ Giấy,Sức Khỏe - Làm Đẹp -> Chăm Sóc Da Mặt -> Mặt Nạ -> Mặt Nạ Giấy,False
P_5537,5537,Sữa Rửa Mặt Nuxe Tạo Bọt Dịu Nhẹ Cho Mọi Loại Da 150ml,1,Sữa Rửa Mặt,2002,Làm Sạch Da,Chăm Sóc Da Mặt,Làm Sạch Da,Sữa Rửa Mặt,Sức Khỏe - Làm Đẹp -> Chăm Sóc Da Mặt -> Làm Sạch Da -> Sữa Rửa Mặt,True
P_5544,5544,Lót Dưỡng Môi Naris Ngừa Nhăn Và Bảo Vệ Môi 10g,18,Son Dưỡng Môi,2006,Dưỡng Môi,Chăm Sóc Da Mặt,Dưỡng Môi,Son Dưỡng Môi,Sức Khỏe - Làm Đẹp -> Chăm Sóc Da Mặt -> Dưỡng Môi -> Son Dưỡng Môi,False
P_5546,5546,Mặt Nạ Dưỡng Da Pure Smile Chiết Xuất Vàng 23ml,11,Mặt Nạ Giấy,2001,Mặt Nạ,Chăm Sóc Da Mặt,Mặt Nạ,Mặt Nạ Giấy,Sức Khỏe - Làm Đẹp -> Chăm Sóc Da Mặt -> Mặt Nạ -> Mặt Nạ Giấy,False
P_5548,5548,Combo 2 Son Dưỡng LipIce Hiệu Chỉnh Sắc Môi Hương Táo + Hương Tinh Khiết 2.4g,18,Son Dưỡng Môi,2006,Dưỡng Môi,Chăm Sóc Da Mặt,Dưỡng Môi,Son Dưỡng Môi,Sức Khỏe - Làm Đẹp -> Chăm Sóc Da Mặt -> Dưỡng Môi -> Son Dưỡng Môi,False
P_5566,5566,Sữa Rửa Mặt On: The Body Chiết Xuất Ô Liu Cho Da Khô 200g,1,Sữa Rửa Mặt,2002,Làm Sạch Da,Chăm Sóc Da Mặt,Làm Sạch Da,Sữa Rửa Mặt,Sức Khỏe - Làm Đẹp -> Chăm Sóc Da Mặt -> Làm Sạch Da -> Sữa Rửa Mặt,True
P_5571,5571,Kem Chống Nắng BYS Hiệu Chỉnh Màu Da Tông Tự Nhiên 30ml,6,Chống Nắng Da Mặt,1001,Chăm Sóc Da Mặt,Chăm Sóc Da Mặt,Chống Nắng Da Mặt,Chống Nắng Da Mặt,Sức Khỏe - Làm Đẹp -> Chăm Sóc Da Mặt -> Chống Nắng Da Mặt,True
P_5586,5586,Mặt Nạ Giấy oh!oh! Ceramide Phục Hồi Da 25ml x 10 Miếng,11,Mặt Nạ Giấy,2001,Mặt Nạ,Chăm Sóc Da Mặt,Mặt Nạ,Mặt Nạ Giấy,Sức Khỏe - Làm Đẹp -> Chăm Sóc Da Mặt -> Mặt Nạ -> Mặt Nạ Giấy,False
P_5590,5590,Sữa Rửa Mặt Vegick Thuần Chay Tẩy Trang Làm Sạch Sâu 195ml,1,Sữa Rửa Mặt,2002,Làm Sạch Da,Chăm Sóc Da Mặt,Làm Sạch Da,Sữa Rửa Mặt,Sức Khỏe - Làm Đẹp -> Chăm Sóc Da Mặt -> Làm Sạch Da -> Sữa Rửa Mặt,True
P_5593,5593,Mặt Nạ Đen Sexylook Hoa Hồng Đỏ Dưỡng Ẩm Ngừa Nếp Nhăn 28ml,11,Mặt Nạ Giấy,2001,Mặt Nạ,Chăm Sóc Da Mặt,Mặt Nạ,Mặt Nạ Giấy,Sức Khỏe - Làm Đẹp -> Chăm Sóc Da Mặt -> Mặt Nạ -> Mặt Nạ Giấy,False
P_5595,5595,Kem Chống Nắng Embryolisse Chống UV Phổ Rộng 100ml,6,Chống Nắng Da Mặt,1001,Chăm Sóc Da Mặt,Chăm Sóc Da Mặt,Chống Nắng Da Mặt,Chống Nắng Da Mặt,Sức Khỏe - Làm Đẹp -> Chăm Sóc Da Mặt -> Chống Nắng Da Mặt,True
P_5596,5596,Mặt Nạ Naris Chieno Shizuku Đông Y Dưỡng Ẩm Da 7 Miếng,11,Mặt Nạ Giấy,2001,Mặt Nạ,Chăm Sóc Da Mặt,Mặt Nạ,Mặt Nạ Giấy,Sức Khỏe - Làm Đẹp -> Chăm Sóc Da Mặt -> Mặt Nạ -> Mặt Nạ Giấy,False
P_5605,5605,Combo Cetaphil Serum 30ml + Kem Dưỡng 45ml Làm Dịu Và Phục Hồi Chuyên Sâu,3,Bộ Chăm Sóc Da Mặt,1001,Chăm Sóc Da Mặt,Chăm Sóc Da Mặt,Bộ Chăm Sóc Da Mặt,Bộ Chăm Sóc Da Mặt,Sức Khỏe - Làm Đẹp -> Chăm Sóc Da Mặt -> Bộ Chăm Sóc Da Mặt,False
P_5611,5611,Kem Dưỡng MartiDerm Tái Tạo Ban Đêm Cho Da Dầu Mụn 40ml,25,Hỗ Trợ Trị Mụn,2004,Đặc Trị,Chăm Sóc Da Mặt,Đặc Trị,Hỗ Trợ Trị Mụn,Sức Khỏe - Làm Đẹp -> Chăm Sóc Da Mặt -> Đặc Trị -> Hỗ Trợ Trị Mụn,True
P_5616,5616,Kem Tẩy Trang Freeplus Dưỡng Ẩm Dịu Nhẹ Cho Da 125g,1,Sữa Rửa Mặt,2002,Làm Sạch Da,Chăm Sóc Da Mặt,Làm Sạch Da,Sữa Rửa Mặt,Sức Khỏe - Làm Đẹp -> Chăm Sóc Da Mặt -> Làm Sạch Da -> Sữa Rửa Mặt,True
P_5617,5617,Mặt Nạ Pure Smile Chiết Xuất Sữa & Dâu Tây Sáng Da 23ml,11,Mặt Nạ Giấy,2001,Mặt Nạ,Chăm Sóc Da Mặt,Mặt Nạ,Mặt Nạ Giấy,Sức Khỏe - Làm Đẹp -> Chăm Sóc Da Mặt -> Mặt Nạ -> Mặt Nạ Giấy,False
P_5618,5618,Combo La Roche-Posay Gel Dưỡng Làm Mờ Sẹo 40ml + Gel Rửa Mặt Da Dầu Mụn 50ml,7,Kem / Gel / Dầu Dưỡng,2003,Dưỡng Ẩm,Chăm Sóc Da Mặt,Dưỡng Ẩm,Kem / Gel / Dầu Dưỡng,Sức Khỏe - Làm Đẹp -> Chăm Sóc Da Mặt -> Dưỡng Ẩm -> Kem / Gel / Dầu Dưỡng,True
P_5624,5624,Combo Son Dưỡng LipIce Hiệu Chỉnh Sắc Môi Đỏ Gạch + Xịt Khử Mùi Refre Hương Yêu Kiều 2.4g+30ml,18,Son Dưỡng Môi,2006,Dưỡng Môi,Chăm Sóc Da Mặt,Dưỡng Môi,Son Dưỡng Môi,Sức Khỏe - Làm Đẹp -> Chăm Sóc Da Mặt -> Dưỡng Môi -> Son Dưỡng Môi,False
P_5626,5626,Combo Chăm Sóc Cho Da Dầu Mụn Acnes 3 Món,3,Bộ Chăm Sóc Da Mặt,1001,Chăm Sóc Da Mặt,Chăm Sóc Da Mặt,Bộ Chăm Sóc Da Mặt,Bộ Chăm Sóc Da Mặt,Sức Khỏe - Làm Đẹp -> Chăm Sóc Da Mặt -> Bộ Chăm Sóc Da Mặt,False
P_5632,5632,Mặt Nạ Pure Smile Chiết Xuất Vitamin 23ml,11,Mặt Nạ Giấy,2001,Mặt Nạ,Chăm Sóc Da Mặt,Mặt Nạ,Mặt Nạ Giấy,Sức Khỏe - Làm Đẹp -> Chăm Sóc Da Mặt -> Mặt Nạ -> Mặt Nạ Giấy,False
P_5639,5639,[Mua 1 Tặng 1] Eucerin Serum Giảm Thâm Mụn 40ml + Gel Rửa Mặt Cho Da Mụn 75ml,1,Sữa Rửa Mặt,2002,Làm Sạch Da,Chăm Sóc Da Mặt,Làm Sạch Da,Sữa Rửa Mặt,Sức Khỏe - Làm Đẹp -> Chăm Sóc Da Mặt -> Làm Sạch Da -> Sữa Rửa Mặt,True
P_5647,5647,Lipgloss Dưỡng Môi Milaganics Dầu Dừa 5ml,18,Son Dưỡng Môi,2006,Dưỡng Môi,Chăm Sóc Da Mặt,Dưỡng Môi,Son Dưỡng Môi,Sức Khỏe - Làm Đẹp -> Chăm Sóc Da Mặt -> Dưỡng Môi -> Son Dưỡng Môi,False
P_5649,5649,"Combo 10 Mặt Nạ BNBG Dưỡng Săn Chắc, Ngăn Ngừa Lão Hóa 30ml (Mới)",11,Mặt Nạ Giấy,2001,Mặt Nạ,Chăm Sóc Da Mặt,Mặt Nạ,Mặt Nạ Giấy,Sức Khỏe - Làm Đẹp -> Chăm Sóc Da Mặt -> Mặt Nạ -> Mặt Nạ Giấy,False
P_5655,5655,Serum Obagi Vitamin C 15% Sáng Da & Chống Oxy Hóa 12.5ml,9,Serum / Tinh Chất,2004,Đặc Trị,Chăm Sóc Da Mặt,Đặc Trị,Serum / Tinh Chất,Sức Khỏe - Làm Đẹp -> Chăm Sóc Da Mặt -> Đặc Trị -> Serum / Tinh Chất,True
P_5668,5668,"Kem Dưỡng Prettyskin B5 Phục Hồi, Dưỡng Sáng Da 52ml",7,Kem / Gel / Dầu Dưỡng,2003,Dưỡng Ẩm,Chăm Sóc Da Mặt,Dưỡng Ẩm,Kem / Gel / Dầu Dưỡng,Sức Khỏe - Làm Đẹp -> Chăm Sóc Da Mặt -> Dưỡng Ẩm -> Kem / Gel / Dầu Dưỡng,True
P_5670,5670,[Mua 1 Tặng 1] Naris Cosmetics Kem Chống Nắng Dưỡng Sáng Da 90g Tặng Son Thỏi Màu Ngẫu Nhiên 3.7g,3,Bộ Chăm Sóc Da Mặt,1001,Chăm Sóc Da Mặt,Chăm Sóc Da Mặt,Bộ Chăm Sóc Da Mặt,Bộ Chăm Sóc Da Mặt,Sức Khỏe - Làm Đẹp -> Chăm Sóc Da Mặt -> Bộ Chăm Sóc Da Mặt,False
P_5678,5678,Combo 3 Son Dưỡng LipIce Không Màu Chuyển Kem Mịn (Hương Táo + Hương Lựu + Hương Dâu) 4.3g,18,Son Dưỡng Môi,2006,Dưỡng Môi,Chăm Sóc Da Mặt,Dưỡng Môi,Son Dưỡng Môi,Sức Khỏe - Làm Đẹp -> Chăm Sóc Da Mặt -> Dưỡng Môi -> Son Dưỡng Môi,False
P_5681,5681,"Combo Garnier 2 Serum Giảm Mụn Mờ Thâm (30ml+7.5ml) + Nước Tẩy Trang Cho Da Dầu, Mụn 125ml",3,Bộ Chăm Sóc Da Mặt,1001,Chăm Sóc Da Mặt,Chăm Sóc Da Mặt,Bộ Chăm Sóc Da Mặt,Bộ Chăm Sóc Da Mặt,Sức Khỏe - Làm Đẹp -> Chăm Sóc Da Mặt -> Bộ Chăm Sóc Da Mặt,False
P_5682,5682,Mặt Nạ Labiotte Cấp Ẩm Ngừa Lão Hóa 25ml,11,Mặt Nạ Giấy,2001,Mặt Nạ,Chăm Sóc Da Mặt,Mặt Nạ,Mặt Nạ Giấy,Sức Khỏe - Làm Đẹp -> Chăm Sóc Da Mặt -> Mặt Nạ -> Mặt Nạ Giấy,False
P_5683,5683,Mặt Nạ Celefit Ceramide Cấp Ẩm Cho Da Mềm Mịn 23g,11,Mặt Nạ Giấy,2001,Mặt Nạ,Chăm Sóc Da Mặt,Mặt Nạ,Mặt Nạ Giấy,Sức Khỏe - Làm Đẹp -> Chăm Sóc Da Mặt -> Mặt Nạ -> Mặt Nạ Giấy,False
P_5685,5685,Nước Tẩy Trang Garnier Làm Sạch Sâu Lớp Trang Điểm 125ml (Mẫu Cũ),2,Tẩy Trang Mặt,2002,Làm Sạch Da,Chăm Sóc Da Mặt,Làm Sạch Da,Tẩy Trang Mặt,Sức Khỏe - Làm Đẹp -> Chăm Sóc Da Mặt -> Làm Sạch Da -> Tẩy Trang Mặt,False
P_5687,5687,Serum Neutrogena Niacinamide Cấp Ẩm Sáng Da 30ml,9,Serum / Tinh Chất,2004,Đặc Trị,Chăm Sóc Da Mặt,Đặc Trị,Serum / Tinh Chất,Sức Khỏe - Làm Đẹp -> Chăm Sóc Da Mặt -> Đặc Trị -> Serum / Tinh Chất,True
P_5689,5689,[Mini] Nước Thần Lancôme Clarifique Dưỡng Sáng Da 10ml,4,Toner / Nước Cân Bằng Da,2002,Làm Sạch Da,Chăm Sóc Da Mặt,Làm Sạch Da,Toner / Nước Cân Bằng Da,Sức Khỏe - Làm Đẹp -> Chăm Sóc Da Mặt -> Làm Sạch Da -> Toner / Nước Cân Bằng Da,False
P_5698,5698,Nước Cân Bằng Elixir Ngừa Lão Hóa Cho Da Dầu 170ml,37,Lotion / Sữa Dưỡng,2003,Dưỡng Ẩm,Chăm Sóc Da Mặt,Dưỡng Ẩm,Lotion / Sữa Dưỡng,Sức Khỏe - Làm Đẹp -> Chăm Sóc Da Mặt -> Dưỡng Ẩm -> Lotion / Sữa Dưỡng,False
P_5699,5699,Son Dưỡng Laneige Căng Bóng Hương Việt Quất 10g,18,Son Dưỡng Môi,2006,Dưỡng Môi,Chăm Sóc Da Mặt,Dưỡng Môi,Son Dưỡng Môi,Sức Khỏe - Làm Đẹp -> Chăm Sóc Da Mặt -> Dưỡng Môi -> Son Dưỡng Môi,False
P_5701,5701,Son Dưỡng Thuần Chay Có Màu Black Rouge J04 - Hồng Tím 3.3g,18,Son Dưỡng Môi,2006,Dưỡng Môi,Chăm Sóc Da Mặt,Dưỡng Môi,Son Dưỡng Môi,Sức Khỏe - Làm Đẹp -> Chăm Sóc Da Mặt -> Dưỡng Môi -> Son Dưỡng Môi,False
P_5707,5707,"Kem Dưỡng Skintific 5X Ceramide Cấp Ẩm, Phục Hồi Da 6g",7,Kem / Gel / Dầu Dưỡng,2003,Dưỡng Ẩm,Chăm Sóc Da Mặt,Dưỡng Ẩm,Kem / Gel / Dầu Dưỡng,Sức Khỏe - Làm Đẹp -> Chăm Sóc Da Mặt -> Dưỡng Ẩm -> Kem / Gel / Dầu Dưỡng,True
P_5708,5708,Sữa Rửa Mặt On: The Body Chiết Xuất Chanh Cho Da Dầu 200g,1,Sữa Rửa Mặt,2002,Làm Sạch Da,Chăm Sóc Da Mặt,Làm Sạch Da,Sữa Rửa Mặt,Sức Khỏe - Làm Đẹp -> Chăm Sóc Da Mặt -> Làm Sạch Da -> Sữa Rửa Mặt,True
P_5710,5710,Son Dưỡng innisfree Không Màu Chiết Xuất Mật Ong 3.5g (Mới),18,Son Dưỡng Môi,2006,Dưỡng Môi,Chăm Sóc Da Mặt,Dưỡng Môi,Son Dưỡng Môi,Sức Khỏe - Làm Đẹp -> Chăm Sóc Da Mặt -> Dưỡng Môi -> Son Dưỡng Môi,False
P_5713,5713,Sữa Rửa Mặt innisfree Dành Cho Da Mụn 150g (Mới),1,Sữa Rửa Mặt,2002,Làm Sạch Da,Chăm Sóc Da Mặt,Làm Sạch Da,Sữa Rửa Mặt,Sức Khỏe - Làm Đẹp -> Chăm Sóc Da Mặt -> Làm Sạch Da -> Sữa Rửa Mặt,True
P_5727,5727,Kem Dưỡng Paula’s Choice Căng Mọng Và Giảm Nếp Nhăn 50ml,7,Kem / Gel / Dầu Dưỡng,2003,Dưỡng Ẩm,Chăm Sóc Da Mặt,Dưỡng Ẩm,Kem / Gel / Dầu Dưỡng,Sức Khỏe - Làm Đẹp -> Chăm Sóc Da Mặt -> Dưỡng Ẩm -> Kem / Gel / Dầu Dưỡng,True
P_5728,5728,"Combo L'Oreal Serum Hyaluronic Acid Cấp Ẩm & Giảm Bọng Mắt, Đầy Rãnh Nhăn",3,Bộ Chăm Sóc Da Mặt,1001,Chăm Sóc Da Mặt,Chăm Sóc Da Mặt,Bộ Chăm Sóc Da Mặt,Bộ Chăm Sóc Da Mặt,Sức Khỏe - Làm Đẹp -> Chăm Sóc Da Mặt -> Bộ Chăm Sóc Da Mặt,False
P_5732,5732,Serum Bio-essence 2 Trong 1 Ngăn Ngừa Lão Hóa 36g,9,Serum / Tinh Chất,2004,Đặc Trị,Chăm Sóc Da Mặt,Đặc Trị,Serum / Tinh Chất,Sức Khỏe - Làm Đẹp -> Chăm Sóc Da Mặt -> Đặc Trị -> Serum / Tinh Chất,True
P_5734,5734,Tẩy Da Chết Môi Cocoon Từ Cà Phê Đắk Lắk (Không Hộp) 5g,73,Tẩy Tế Bào Chết Môi,2006,Dưỡng Môi,Chăm Sóc Da Mặt,Dưỡng Môi,Tẩy Tế Bào Chết Môi,Sức Khỏe - Làm Đẹp -> Chăm Sóc Da Mặt -> Dưỡng Môi -> Tẩy Tế Bào Chết Môi,False
P_5736,5736,Gel Chống Nắng Sunplay Vật Lý Bảo Vệ Da Dưỡng Ẩm 25g,6,Chống Nắng Da Mặt,1001,Chăm Sóc Da Mặt,Chăm Sóc Da Mặt,Chống Nắng Da Mặt,Chống Nắng Da Mặt,Sức Khỏe - Làm Đẹp -> Chăm Sóc Da Mặt -> Chống Nắng Da Mặt,True
P_5737,5737,Nước Cân Bằng Cocoon Chiết Xuất Từ Nghệ Hưng Yên 310ml,4,Toner / Nước Cân Bằng Da,2002,Làm Sạch Da,Chăm Sóc Da Mặt,Làm Sạch Da,Toner / Nước Cân Bằng Da,Sức Khỏe - Làm Đẹp -> Chăm Sóc Da Mặt -> Làm Sạch Da -> Toner / Nước Cân Bằng Da,False
P_5741,5741,"Mặt Nạ Đất Sét Skintific Ngải Cứu Cấp Ẩm, Giảm Mụn 55g",19,Mặt Nạ Rửa,2001,Mặt Nạ,Chăm Sóc Da Mặt,Mặt Nạ,Mặt Nạ Rửa,Sức Khỏe - Làm Đẹp -> Chăm Sóc Da Mặt -> Mặt Nạ -> Mặt Nạ Rửa,False
P_5747,5747,Sữa Rửa Mặt Tẩy Trang Momopuri Làm Sạch Da Hương Đào 150g,1,Sữa Rửa Mặt,2002,Làm Sạch Da,Chăm Sóc Da Mặt,Làm Sạch Da,Sữa Rửa Mặt,Sức Khỏe - Làm Đẹp -> Chăm Sóc Da Mặt -> Làm Sạch Da -> Sữa Rửa Mặt,True
P_5748,5748,Xịt Chống Nắng Skintific Cho Mặt Và Cơ Thể 50ml,6,Chống Nắng Da Mặt,1001,Chăm Sóc Da Mặt,Chăm Sóc Da Mặt,Chống Nắng Da Mặt,Chống Nắng Da Mặt,Sức Khỏe - Làm Đẹp -> Chăm Sóc Da Mặt -> Chống Nắng Da Mặt,True
P_5752,5752,Sữa Rửa Mặt Happy Event Dịu Nhẹ Cho Da 120ml,1,Sữa Rửa Mặt,2002,Làm Sạch Da,Chăm Sóc Da Mặt,Làm Sạch Da,Sữa Rửa Mặt,Sức Khỏe - Làm Đẹp -> Chăm Sóc Da Mặt -> Làm Sạch Da -> Sữa Rửa Mặt,True
P_5766,5766,Combo Cocoon Dầu Tẩy Trang Hoa Hồng 310ml + Nước Cân Bằng Sen Hậu Giang Dịu Da 310ml,3,Bộ Chăm Sóc Da Mặt,1001,Chăm Sóc Da Mặt,Chăm Sóc Da Mặt,Bộ Chăm Sóc Da Mặt,Bộ Chăm Sóc Da Mặt,Sức Khỏe - Làm Đẹp -> Chăm Sóc Da Mặt -> Bộ Chăm Sóc Da Mặt,False
P_5772,5772,"Combo 10 Mặt Nạ BNBG Vita Complex Dưỡng Sáng, Mờ Thâm Nám 30ml (Mới)",11,Mặt Nạ Giấy,2001,Mặt Nạ,Chăm Sóc Da Mặt,Mặt Nạ,Mặt Nạ Giấy,Sức Khỏe - Làm Đẹp -> Chăm Sóc Da Mặt -> Mặt Nạ -> Mặt Nạ Giấy,False
P_5778,5778,Kem Chống Nắng Hatomugi Dưỡng Ẩm & Làm Sáng Da 80g,6,Chống Nắng Da Mặt,1001,Chăm Sóc Da Mặt,Chăm Sóc Da Mặt,Chống Nắng Da Mặt,Chống Nắng Da Mặt,Sức Khỏe - Làm Đẹp -> Chăm Sóc Da Mặt -> Chống Nắng Da Mặt,True
P_5782,5782,Mặt Nạ Purederm 2 Chức Năng Bùn Đen Và Oxy 20g,19,Mặt Nạ Rửa,2001,Mặt Nạ,Chăm Sóc Da Mặt,Mặt Nạ,Mặt Nạ Rửa,Sức Khỏe - Làm Đẹp -> Chăm Sóc Da Mặt -> Mặt Nạ -> Mặt Nạ Rửa,False
P_5783,5783,"Gel Chống Nắng Fixderma Cho Da Nhờn, Mụn, Nhạy Cảm 75g",6,Chống Nắng Da Mặt,1001,Chăm Sóc Da Mặt,Chăm Sóc Da Mặt,Chống Nắng Da Mặt,Chống Nắng Da Mặt,Sức Khỏe - Làm Đẹp -> Chăm Sóc Da Mặt -> Chống Nắng Da Mặt,True
P_5785,5785,Sữa Rửa Mặt Avander Tảo Biển Dưỡng Ẩm Sáng Da 100g,1,Sữa Rửa Mặt,2002,Làm Sạch Da,Chăm Sóc Da Mặt,Làm Sạch Da,Sữa Rửa Mặt,Sức Khỏe - Làm Đẹp -> Chăm Sóc Da Mặt -> Làm Sạch Da -> Sữa Rửa Mặt,True
P_5788,5788,Serum Cosmedica Hyaluronic Acid Cấp Nước Cho Da 60ml,9,Serum / Tinh Chất,2004,Đặc Trị,Chăm Sóc Da Mặt,Đặc Trị,Serum / Tinh Chất,Sức Khỏe - Làm Đẹp -> Chăm Sóc Da Mặt -> Đặc Trị -> Serum / Tinh Chất,True
P_5789,5789,Lotion Hatomugi Ý Dĩ Dưỡng Ẩm Dành Cho Da Khô 500ml,37,Lotion / Sữa Dưỡng,2003,Dưỡng Ẩm,Chăm Sóc Da Mặt,Dưỡng Ẩm,Lotion / Sữa Dưỡng,Sức Khỏe - Làm Đẹp -> Chăm Sóc Da Mặt -> Dưỡng Ẩm -> Lotion / Sữa Dưỡng,False
P_5790,5790,Mặt Nạ Pure Smile Chiết Xuất Nho Xanh Dưỡng Ẩm Da 23ml,11,Mặt Nạ Giấy,2001,Mặt Nạ,Chăm Sóc Da Mặt,Mặt Nạ,Mặt Nạ Giấy,Sức Khỏe - Làm Đẹp -> Chăm Sóc Da Mặt -> Mặt Nạ -> Mặt Nạ Giấy,False
P_5791,5791,"Combo Vichy Giúp Giảm Dầu Mụn, Phục Hồi & Nuôi Dưỡng Da",25,Hỗ Trợ Trị Mụn,2004,Đặc Trị,Chăm Sóc Da Mặt,Đặc Trị,Hỗ Trợ Trị Mụn,Sức Khỏe - Làm Đẹp -> Chăm Sóc Da Mặt -> Đặc Trị -> Hỗ Trợ Trị Mụn,True
P_5792,5792,Mặt Nạ Pure Smile Chiết Xuất Ốc Sên Ngừa Lão Hoá 23ml,11,Mặt Nạ Giấy,2001,Mặt Nạ,Chăm Sóc Da Mặt,Mặt Nạ,Mặt Nạ Giấy,Sức Khỏe - Làm Đẹp -> Chăm Sóc Da Mặt -> Mặt Nạ -> Mặt Nạ Giấy,False
P_5793,5793,Mặt Nạ Emmié Cica Làm Dịu Da Mụn Dạng Pad 20 Miếng,11,Mặt Nạ Giấy,2001,Mặt Nạ,Chăm Sóc Da Mặt,Mặt Nạ,Mặt Nạ Giấy,Sức Khỏe - Làm Đẹp -> Chăm Sóc Da Mặt -> Mặt Nạ -> Mặt Nạ Giấy,False
P_5797,5797,Combo Vichy Kem Chống Nắng Thoáng Nhẹ Không Bóng Dầu 50ml + Xịt Khoáng Cấp Ẩm 50ml,6,Chống Nắng Da Mặt,1001,Chăm Sóc Da Mặt,Chăm Sóc Da Mặt,Chống Nắng Da Mặt,Chống Nắng Da Mặt,Sức Khỏe - Làm Đẹp -> Chăm Sóc Da Mặt -> Chống Nắng Da Mặt,True
P_5799,5799,Xịt Khoáng Skinpres.T Phục Hồi & Cân Bằng Độ Ẩm 300ml,30,Xịt Khoáng,2003,Dưỡng Ẩm,Chăm Sóc Da Mặt,Dưỡng Ẩm,Xịt Khoáng,Sức Khỏe - Làm Đẹp -> Chăm Sóc Da Mặt -> Dưỡng Ẩm -> Xịt Khoáng,False
P_5806,5806,Mặt Nạ Mediheal THE H.P.A Tẩy Tế Bào Chết Sáng Mịn Da 25ml,11,Mặt Nạ Giấy,2001,Mặt Nạ,Chăm Sóc Da Mặt,Mặt Nạ,Mặt Nạ Giấy,Sức Khỏe - Làm Đẹp -> Chăm Sóc Da Mặt -> Mặt Nạ -> Mặt Nạ Giấy,False
P_5807,5807,Bọt Rửa Mặt Freeplus Sạch Sâu Và Dưỡng Ẩm Da 150ml,1,Sữa Rửa Mặt,2002,Làm Sạch Da,Chăm Sóc Da Mặt,Làm Sạch Da,Sữa Rửa Mặt,Sức Khỏe - Làm Đẹp -> Chăm Sóc Da Mặt -> Làm Sạch Da -> Sữa Rửa Mặt,True
P_5808,5808,Gel Rửa Mặt Topicrem Không Xà Phòng Làm Sạch Dịu Nhẹ 200ml,1,Sữa Rửa Mặt,2002,Làm Sạch Da,Chăm Sóc Da Mặt,Làm Sạch Da,Sữa Rửa Mặt,Sức Khỏe - Làm Đẹp -> Chăm Sóc Da Mặt -> Làm Sạch Da -> Sữa Rửa Mặt,True
P_5816,5816,Kem Rửa Mặt Oxy Làm Sạch Sâu Sảng Khoái 50g,1,Sữa Rửa Mặt,2002,Làm Sạch Da,Chăm Sóc Da Mặt,Làm Sạch Da,Sữa Rửa Mặt,Sức Khỏe - Làm Đẹp -> Chăm Sóc Da Mặt -> Làm Sạch Da -> Sữa Rửa Mặt,True
P_5817,5817,Combo Vichy Kem Chống Nắng Không Nhờn & Gel Rửa Mặt Da Mụn,3,Bộ Chăm Sóc Da Mặt,1001,Chăm Sóc Da Mặt,Chăm Sóc Da Mặt,Bộ Chăm Sóc Da Mặt,Bộ Chăm Sóc Da Mặt,Sức Khỏe - Làm Đẹp -> Chăm Sóc Da Mặt -> Bộ Chăm Sóc Da Mặt,False
P_5818,5818,Sữa Dưỡng B.O.M Từ 8 Loại Trà Cấp Ẩm Cho Da Nhạy Cảm 120ml,37,Lotion / Sữa Dưỡng,2003,Dưỡng Ẩm,Chăm Sóc Da Mặt,Dưỡng Ẩm,Lotion / Sữa Dưỡng,Sức Khỏe - Làm Đẹp -> Chăm Sóc Da Mặt -> Dưỡng Ẩm -> Lotion / Sữa Dưỡng,False
P_5819,5819,Sữa Rửa Mặt Vichy Dạng Gel Làm Sạch Sâu & Giảm Nhờn 400ml,1,Sữa Rửa Mặt,2002,Làm Sạch Da,Chăm Sóc Da Mặt,Làm Sạch Da,Sữa Rửa Mặt,Sức Khỏe - Làm Đẹp -> Chăm Sóc Da Mặt -> Làm Sạch Da -> Sữa Rửa Mặt,True
P_5822,5822,Combo La Roche-Posay Làm Sạch Sâu Double Cleansing Da Dầu,3,Bộ Chăm Sóc Da Mặt,1001,Chăm Sóc Da Mặt,Chăm Sóc Da Mặt,Bộ Chăm Sóc Da Mặt,Bộ Chăm Sóc Da Mặt,Sức Khỏe - Làm Đẹp -> Chăm Sóc Da Mặt -> Bộ Chăm Sóc Da Mặt,False
P_5823,5823,Sữa Rửa Mặt Vichy Từ Đất Sét Và Đá Khoáng Núi Lửa 125ml,1,Sữa Rửa Mặt,2002,Làm Sạch Da,Chăm Sóc Da Mặt,Làm Sạch Da,Sữa Rửa Mặt,Sức Khỏe - Làm Đẹp -> Chăm Sóc Da Mặt -> Làm Sạch Da -> Sữa Rửa Mặt,True
P_5824,5824,Nước Tẩy Trang Byphasse Cho Mọi Loại Da 500ml x 12 Chai,2,Tẩy Trang Mặt,2002,Làm Sạch Da,Chăm Sóc Da Mặt,Làm Sạch Da,Tẩy Trang Mặt,Sức Khỏe - Làm Đẹp -> Chăm Sóc Da Mặt -> Làm Sạch Da -> Tẩy Trang Mặt,False
P_5825,5825,Gel Rửa Mặt Isis Pharma Giảm Nhờn Mụn Cho Da Nhạy Cảm 250ml,1,Sữa Rửa Mặt,2002,Làm Sạch Da,Chăm Sóc Da Mặt,Làm Sạch Da,Sữa Rửa Mặt,Sức Khỏe - Làm Đẹp -> Chăm Sóc Da Mặt -> Làm Sạch Da -> Sữa Rửa Mặt,True
P_5826,5826,Nước Tẩy Trang Bioré Dưỡng Ẩm 90ml,2,Tẩy Trang Mặt,2002,Làm Sạch Da,Chăm Sóc Da Mặt,Làm Sạch Da,Tẩy Trang Mặt,Sức Khỏe - Làm Đẹp -> Chăm Sóc Da Mặt -> Làm Sạch Da -> Tẩy Trang Mặt,False
P_5830,5830,Sữa Chống Nắng Bioré Chống Thấm Nước SPF 50+/PA++++ 40ml,6,Chống Nắng Da Mặt,1001,Chăm Sóc Da Mặt,Chăm Sóc Da Mặt,Chống Nắng Da Mặt,Chống Nắng Da Mặt,Sức Khỏe - Làm Đẹp -> Chăm Sóc Da Mặt -> Chống Nắng Da Mặt,True
P_5835,5835,"Serum Timeless Hyaluronic Acid Cấp Nước, Dưỡng Ẩm Da 30ml",9,Serum / Tinh Chất,2004,Đặc Trị,Chăm Sóc Da Mặt,Đặc Trị,Serum / Tinh Chất,Sức Khỏe - Làm Đẹp -> Chăm Sóc Da Mặt -> Đặc Trị -> Serum / Tinh Chất,True
P_5836,5836,Nước Dưỡng dProgram Sáng Da Ngăn Lão Hóa Cho Da Nhạy Cảm 125ml,37,Lotion / Sữa Dưỡng,2003,Dưỡng Ẩm,Chăm Sóc Da Mặt,Dưỡng Ẩm,Lotion / Sữa Dưỡng,Sức Khỏe - Làm Đẹp -> Chăm Sóc Da Mặt -> Dưỡng Ẩm -> Lotion / Sữa Dưỡng,False
P_5837,5837,"Bột Nghệ Milaganics Đắp Mặt Nạ Ngăn Ngừa Mụn, Mờ Sẹo 100g",19,Mặt Nạ Rửa,2001,Mặt Nạ,Chăm Sóc Da Mặt,Mặt Nạ,Mặt Nạ Rửa,Sức Khỏe - Làm Đẹp -> Chăm Sóc Da Mặt -> Mặt Nạ -> Mặt Nạ Rửa,False
P_5841,5841,"Toner Milaganics Hoa Cúc & AHA Ngừa Mụn, Giảm Dầu 500ml",4,Toner / Nước Cân Bằng Da,2002,Làm Sạch Da,Chăm Sóc Da Mặt,Làm Sạch Da,Toner / Nước Cân Bằng Da,Sức Khỏe - Làm Đẹp -> Chăm Sóc Da Mặt -> Làm Sạch Da -> Toner / Nước Cân Bằng Da,False
P_5845,5845,Combo Cocoon Tinh Chất Nghệ Hưng Yên 30ml + Nước Tẩy Trang Bí Đao 500ml,3,Bộ Chăm Sóc Da Mặt,1001,Chăm Sóc Da Mặt,Chăm Sóc Da Mặt,Bộ Chăm Sóc Da Mặt,Bộ Chăm Sóc Da Mặt,Sức Khỏe - Làm Đẹp -> Chăm Sóc Da Mặt -> Bộ Chăm Sóc Da Mặt,False
P_5850,5850,Combo L'Oreal Nước Tẩy Trang Sạch Sâu Trang Điểm 400ml + 2 Nước Tẩy Trang Sạch Sâu Cho Da Dầu 95ml,2,Tẩy Trang Mặt,2002,Làm Sạch Da,Chăm Sóc Da Mặt,Làm Sạch Da,Tẩy Trang Mặt,Sức Khỏe - Làm Đẹp -> Chăm Sóc Da Mặt -> Làm Sạch Da -> Tẩy Trang Mặt,False
P_5858,5858,Combo L'Oreal Nước Tẩy Trang Tươi Mát 400ml + 2 Nước Tẩy Trang Sạch Sâu Cho Da Dầu 95ml,2,Tẩy Trang Mặt,2002,Làm Sạch Da,Chăm Sóc Da Mặt,Làm Sạch Da,Tẩy Trang Mặt,Sức Khỏe - Làm Đẹp -> Chăm Sóc Da Mặt -> Làm Sạch Da -> Tẩy Trang Mặt,False
P_5859,5859,Toner Eucerin Dành Cho Da Nhờn Mụn 100ml,4,Toner / Nước Cân Bằng Da,2002,Làm Sạch Da,Chăm Sóc Da Mặt,Làm Sạch Da,Toner / Nước Cân Bằng Da,Sức Khỏe - Làm Đẹp -> Chăm Sóc Da Mặt -> Làm Sạch Da -> Toner / Nước Cân Bằng Da,False
P_5860,5860,"Combo 3 Hộp Mặt Nạ Colorkey B5 Dưỡng Ẩm Đàn Hồi, Căng Bóng, Ngừa Mụn 10 Miếng/Hộp",11,Mặt Nạ Giấy,2001,Mặt Nạ,Chăm Sóc Da Mặt,Mặt Nạ,Mặt Nạ Giấy,Sức Khỏe - Làm Đẹp -> Chăm Sóc Da Mặt -> Mặt Nạ -> Mặt Nạ Giấy,False
P_5865,5865,Kem Chống Nắng Bioré Kiểm Soát Bóng Nhờn 30g,6,Chống Nắng Da Mặt,1001,Chăm Sóc Da Mặt,Chăm Sóc Da Mặt,Chống Nắng Da Mặt,Chống Nắng Da Mặt,Sức Khỏe - Làm Đẹp -> Chăm Sóc Da Mặt -> Chống Nắng Da Mặt,True
P_5867,5867,"Mặt Nạ Celefit Vitamin B5 Phục Hồi, Tăng Sức Đề Kháng Da 25g",11,Mặt Nạ Giấy,2001,Mặt Nạ,Chăm Sóc Da Mặt,Mặt Nạ,Mặt Nạ Giấy,Sức Khỏe - Làm Đẹp -> Chăm Sóc Da Mặt -> Mặt Nạ -> Mặt Nạ Giấy,False
P_5872,5872,Mặt Nạ Celefit Ceramide Cấp Ẩm Cho Da Mềm Mịn 25g,11,Mặt Nạ Giấy,2001,Mặt Nạ,Chăm Sóc Da Mặt,Mặt Nạ,Mặt Nạ Giấy,Sức Khỏe - Làm Đẹp -> Chăm Sóc Da Mặt -> Mặt Nạ -> Mặt Nạ Giấy,False
P_5873,5873,Combo Garnier Nước Tẩy Trang Cho Da Dầu Mụn 400ml + Gel Rửa Mặt Sạch Thoáng Dịu Nhẹ 120ml + 2 Serum Giảm Mụn Mờ Thâm 7.5ml,3,Bộ Chăm Sóc Da Mặt,1001,Chăm Sóc Da Mặt,Chăm Sóc Da Mặt,Bộ Chăm Sóc Da Mặt,Bộ Chăm Sóc Da Mặt,Sức Khỏe - Làm Đẹp -> Chăm Sóc Da Mặt -> Bộ Chăm Sóc Da Mặt,False
P_5879,5879,Son Dưỡng Judydoll Dạng Dầu Cấp Ẩm Căng Bóng 10ml,18,Son Dưỡng Môi,2006,Dưỡng Môi,Chăm Sóc Da Mặt,Dưỡng Môi,Son Dưỡng Môi,Sức Khỏe - Làm Đẹp -> Chăm Sóc Da Mặt -> Dưỡng Môi -> Son Dưỡng Môi,False
P_5881,5881,Thanh Lăn Chống Nắng B.O.M Cấp Ẩm Sâu SPF50+ PA++++ 19g,6,Chống Nắng Da Mặt,1001,Chăm Sóc Da Mặt,Chăm Sóc Da Mặt,Chống Nắng Da Mặt,Chống Nắng Da Mặt,Sức Khỏe - Làm Đẹp -> Chăm Sóc Da Mặt -> Chống Nắng Da Mặt,True
P_5884,5884,[Mua 1 Tặng 1] Naris Cosmetics Xịt Chống Nắng Nâng Tông 80g Tặng Son Thỏi Màu Ngẫu Nhiên 3.7g,3,Bộ Chăm Sóc Da Mặt,1001,Chăm Sóc Da Mặt,Chăm Sóc Da Mặt,Bộ Chăm Sóc Da Mặt,Bộ Chăm Sóc Da Mặt,Sức Khỏe - Làm Đẹp -> Chăm Sóc Da Mặt -> Bộ Chăm Sóc Da Mặt,False
P_5885,5885,[Mua 1 Tặng 1] Naris Cosmetics Xịt Chống Nắng Sáng Da 90g Tặng Son Thỏi Màu Ngẫu Nhiên 3.7g,3,Bộ Chăm Sóc Da Mặt,1001,Chăm Sóc Da Mặt,Chăm Sóc Da Mặt,Bộ Chăm Sóc Da Mặt,Bộ Chăm Sóc Da Mặt,Sức Khỏe - Làm Đẹp -> Chăm Sóc Da Mặt -> Bộ Chăm Sóc Da Mặt,False
P_5891,5891,Combo 10 Mặt Nạ Colorkey B5 Dưỡng Ẩm Đàn Hồi Từ Linh Chi 25ml,11,Mặt Nạ Giấy,2001,Mặt Nạ,Chăm Sóc Da Mặt,Mặt Nạ,Mặt Nạ Giấy,Sức Khỏe - Làm Đẹp -> Chăm Sóc Da Mặt -> Mặt Nạ -> Mặt Nạ Giấy,False
P_5902,5902,Kem Chống Nắng Bioré Sáng Da Rạng Rỡ - Che Phủ Tức Thì 30g,6,Chống Nắng Da Mặt,1001,Chăm Sóc Da Mặt,Chăm Sóc Da Mặt,Chống Nắng Da Mặt,Chống Nắng Da Mặt,Sức Khỏe - Làm Đẹp -> Chăm Sóc Da Mặt -> Chống Nắng Da Mặt,True
P_5903,5903,Nước Tẩy Trang innisfree Dưỡng Ẩm Da 320ml (Mới),2,Tẩy Trang Mặt,2002,Làm Sạch Da,Chăm Sóc Da Mặt,Làm Sạch Da,Tẩy Trang Mặt,Sức Khỏe - Làm Đẹp -> Chăm Sóc Da Mặt -> Làm Sạch Da -> Tẩy Trang Mặt,False
P_5904,5904,Kem Dưỡng Forencos Dầu Marula Dưỡng Sáng Da Ban Đêm 10ml,7,Kem / Gel / Dầu Dưỡng,2003,Dưỡng Ẩm,Chăm Sóc Da Mặt,Dưỡng Ẩm,Kem / Gel / Dầu Dưỡng,Sức Khỏe - Làm Đẹp -> Chăm Sóc Da Mặt -> Dưỡng Ẩm -> Kem / Gel / Dầu Dưỡng,True
P_5907,5907,Son Dưỡng Có Màu Espoir 02 Coral Dew - Cam 4.5g,18,Son Dưỡng Môi,2006,Dưỡng Môi,Chăm Sóc Da Mặt,Dưỡng Môi,Son Dưỡng Môi,Sức Khỏe - Làm Đẹp -> Chăm Sóc Da Mặt -> Dưỡng Môi -> Son Dưỡng Môi,False
P_5916,5916,Combo 2 Sữa Rửa Mặt Vichy Dạng Gel Làm Sạch Sâu Da Dầu Mụn 50ml,1,Sữa Rửa Mặt,2002,Làm Sạch Da,Chăm Sóc Da Mặt,Làm Sạch Da,Sữa Rửa Mặt,Sức Khỏe - Làm Đẹp -> Chăm Sóc Da Mặt -> Làm Sạch Da -> Sữa Rửa Mặt,True
P_5925,5925,Gel Chống Nắng Hada Labo Dưỡng Ẩm Mịn Mượt Da 50g,6,Chống Nắng Da Mặt,1001,Chăm Sóc Da Mặt,Chăm Sóc Da Mặt,Chống Nắng Da Mặt,Chống Nắng Da Mặt,Sức Khỏe - Làm Đẹp -> Chăm Sóc Da Mặt -> Chống Nắng Da Mặt,True
P_5926,5926,Son Dưỡng BareSoul Có Màu Cho Môi & Má Màu Đỏ Rượu 10g,18,Son Dưỡng Môi,2006,Dưỡng Môi,Chăm Sóc Da Mặt,Dưỡng Môi,Son Dưỡng Môi,Sức Khỏe - Làm Đẹp -> Chăm Sóc Da Mặt -> Dưỡng Môi -> Son Dưỡng Môi,False
P_5928,5928,"Kem Dưỡng Paula’s Choice Làm Sáng Da, Ngừa Lão Hóa 50ml",7,Kem / Gel / Dầu Dưỡng,2003,Dưỡng Ẩm,Chăm Sóc Da Mặt,Dưỡng Ẩm,Kem / Gel / Dầu Dưỡng,Sức Khỏe - Làm Đẹp -> Chăm Sóc Da Mặt -> Dưỡng Ẩm -> Kem / Gel / Dầu Dưỡng,True
P_5929,5929,Combo Vichy Serum Phục Hồi & Sữa Rửa Mặt Sạch Sâu 50ml+50ml,3,Bộ Chăm Sóc Da Mặt,1001,Chăm Sóc Da Mặt,Chăm Sóc Da Mặt,Bộ Chăm Sóc Da Mặt,Bộ Chăm Sóc Da Mặt,Sức Khỏe - Làm Đẹp -> Chăm Sóc Da Mặt -> Bộ Chăm Sóc Da Mặt,False
P_5936,5936,"[Mini] Gel Chống Nắng Vichy Bảo Vệ Da, Ngừa Thâm Nám 15ml",6,Chống Nắng Da Mặt,1001,Chăm Sóc Da Mặt,Chăm Sóc Da Mặt,Chống Nắng Da Mặt,Chống Nắng Da Mặt,Sức Khỏe - Làm Đẹp -> Chăm Sóc Da Mặt -> Chống Nắng Da Mặt,True
P_5939,5939,Miếng Dán Mụn Cosrx 24 Miếng,25,Hỗ Trợ Trị Mụn,2004,Đặc Trị,Chăm Sóc Da Mặt,Đặc Trị,Hỗ Trợ Trị Mụn,Sức Khỏe - Làm Đẹp -> Chăm Sóc Da Mặt -> Đặc Trị -> Hỗ Trợ Trị Mụn,True
P_5942,5942,Combo Vichy Kem Dưỡng Ngừa Lão Hóa 50ml + Xịt Khoáng 50ml,3,Bộ Chăm Sóc Da Mặt,1001,Chăm Sóc Da Mặt,Chăm Sóc Da Mặt,Bộ Chăm Sóc Da Mặt,Bộ Chăm Sóc Da Mặt,Sức Khỏe - Làm Đẹp -> Chăm Sóc Da Mặt -> Bộ Chăm Sóc Da Mặt,False
P_5945,5945,"Nước Tẩy Trang Garnier Cho Da Dầu, Mụn 125ml (Mẫu Cũ)",2,Tẩy Trang Mặt,2002,Làm Sạch Da,Chăm Sóc Da Mặt,Làm Sạch Da,Tẩy Trang Mặt,Sức Khỏe - Làm Đẹp -> Chăm Sóc Da Mặt -> Làm Sạch Da -> Tẩy Trang Mặt,False
P_5952,5952,Son Dưỡng Laneige Căng Bóng Hương Xoài 10g,18,Son Dưỡng Môi,2006,Dưỡng Môi,Chăm Sóc Da Mặt,Dưỡng Môi,Son Dưỡng Môi,Sức Khỏe - Làm Đẹp -> Chăm Sóc Da Mặt -> Dưỡng Môi -> Son Dưỡng Môi,False
P_5961,5961,"Nước Tẩy Trang Pond's Vitamin, Tinh Than Tre Sạch Sâu 400ml",2,Tẩy Trang Mặt,2002,Làm Sạch Da,Chăm Sóc Da Mặt,Làm Sạch Da,Tẩy Trang Mặt,Sức Khỏe - Làm Đẹp -> Chăm Sóc Da Mặt -> Làm Sạch Da -> Tẩy Trang Mặt,False
P_5963,5963,Kem Dưỡng Hasi Kokeshi Làm Sáng Da Cho Ban Ngày 30g,7,Kem / Gel / Dầu Dưỡng,2003,Dưỡng Ẩm,Chăm Sóc Da Mặt,Dưỡng Ẩm,Kem / Gel / Dầu Dưỡng,Sức Khỏe - Làm Đẹp -> Chăm Sóc Da Mặt -> Dưỡng Ẩm -> Kem / Gel / Dầu Dưỡng,True
P_5968,5968,Combo La Roche-Posay Chống Nắng Kiểm Soát Dầu & Làm Dịu Da,3,Bộ Chăm Sóc Da Mặt,1001,Chăm Sóc Da Mặt,Chăm Sóc Da Mặt,Bộ Chăm Sóc Da Mặt,Bộ Chăm Sóc Da Mặt,Sức Khỏe - Làm Đẹp -> Chăm Sóc Da Mặt -> Bộ Chăm Sóc Da Mặt,False
P_5969,5969,Combo Cocoon Tẩy Da Chết Mặt 150ml & Môi Từ Cà Phê Đắk Lắk (Không Hộp) 5g,3,Bộ Chăm Sóc Da Mặt,1001,Chăm Sóc Da Mặt,Chăm Sóc Da Mặt,Bộ Chăm Sóc Da Mặt,Bộ Chăm Sóc Da Mặt,Sức Khỏe - Làm Đẹp -> Chăm Sóc Da Mặt -> Bộ Chăm Sóc Da Mặt,False
P_5970,5970,Combo Cocoon Gel Rửa Mặt Cà Phê 140ml & Tẩy Da Chết Mặt 150ml,3,Bộ Chăm Sóc Da Mặt,1001,Chăm Sóc Da Mặt,Chăm Sóc Da Mặt,Bộ Chăm Sóc Da Mặt,Bộ Chăm Sóc Da Mặt,Sức Khỏe - Làm Đẹp -> Chăm Sóc Da Mặt -> Bộ Chăm Sóc Da Mặt,False
P_5974,5974,Kem Dưỡng Skintific MSH Niacinamide Dưỡng Sáng Da 30g,7,Kem / Gel / Dầu Dưỡng,2003,Dưỡng Ẩm,Chăm Sóc Da Mặt,Dưỡng Ẩm,Kem / Gel / Dầu Dưỡng,Sức Khỏe - Làm Đẹp -> Chăm Sóc Da Mặt -> Dưỡng Ẩm -> Kem / Gel / Dầu Dưỡng,True
P_5975,5975,Sữa Dưỡng Ẩm CeraVe Cho Da Thường Đến Da Khô 473ml,37,Lotion / Sữa Dưỡng,2003,Dưỡng Ẩm,Chăm Sóc Da Mặt,Dưỡng Ẩm,Lotion / Sữa Dưỡng,Sức Khỏe - Làm Đẹp -> Chăm Sóc Da Mặt -> Dưỡng Ẩm -> Lotion / Sữa Dưỡng,False
P_5979,5979,Combo 2 Kem Chống Nắng Cell Fusion C Cấp Ẩm Dịu Da 35ml/ Tuýp,6,Chống Nắng Da Mặt,1001,Chăm Sóc Da Mặt,Chăm Sóc Da Mặt,Chống Nắng Da Mặt,Chống Nắng Da Mặt,Sức Khỏe - Làm Đẹp -> Chăm Sóc Da Mặt -> Chống Nắng Da Mặt,True
P_5989,5989,"Mặt Nạ Cathy Doll Dưỡng Sáng Da, Mờ Thâm Sạm 20g",11,Mặt Nạ Giấy,2001,Mặt Nạ,Chăm Sóc Da Mặt,Mặt Nạ,Mặt Nạ Giấy,Sức Khỏe - Làm Đẹp -> Chăm Sóc Da Mặt -> Mặt Nạ -> Mặt Nạ Giấy,False
P_5990,5990,Nước Tẩy Trang Nature Republic Chiết Xuất AHA 500ml,2,Tẩy Trang Mặt,2002,Làm Sạch Da,Chăm Sóc Da Mặt,Làm Sạch Da,Tẩy Trang Mặt,Sức Khỏe - Làm Đẹp -> Chăm Sóc Da Mặt -> Làm Sạch Da -> Tẩy Trang Mặt,False
P_5999,5999,Kem Dưỡng Topicrem Giảm Bóng Nhờn Cho Da Mụn 40ml,7,Kem / Gel / Dầu Dưỡng,2003,Dưỡng Ẩm,Chăm Sóc Da Mặt,Dưỡng Ẩm,Kem / Gel / Dầu Dưỡng,Sức Khỏe - Làm Đẹp -> Chăm Sóc Da Mặt -> Dưỡng Ẩm -> Kem / Gel / Dầu Dưỡng,True
P_6000,6000,Kem Chống Nắng Cell Fusion C Cấp Ẩm Dịu Da 50ml,6,Chống Nắng Da Mặt,1001,Chăm Sóc Da Mặt,Chăm Sóc Da Mặt,Chống Nắng Da Mặt,Chống Nắng Da Mặt,Sức Khỏe - Làm Đẹp -> Chăm Sóc Da Mặt -> Chống Nắng Da Mặt,True
P_6006,6006,"Son Dưỡng La Roche-Posay Phục Hồi Độ Ẩm, Bảo Vệ Môi 7.5ml",18,Son Dưỡng Môi,2006,Dưỡng Môi,Chăm Sóc Da Mặt,Dưỡng Môi,Son Dưỡng Môi,Sức Khỏe - Làm Đẹp -> Chăm Sóc Da Mặt -> Dưỡng Môi -> Son Dưỡng Môi,False
P_6009,6009,Dầu Tẩy Trang DHC Chiết Xuất Olive Làm Sạch Sâu Da 200ml,2,Tẩy Trang Mặt,2002,Làm Sạch Da,Chăm Sóc Da Mặt,Làm Sạch Da,Tẩy Trang Mặt,Sức Khỏe - Làm Đẹp -> Chăm Sóc Da Mặt -> Làm Sạch Da -> Tẩy Trang Mặt,False
P_6011,6011,"Serum Naruko Tràm Trà Giảm Sẹo, Thâm Rỗ Sau Mụn 10ml",9,Serum / Tinh Chất,2004,Đặc Trị,Chăm Sóc Da Mặt,Đặc Trị,Serum / Tinh Chất,Sức Khỏe - Làm Đẹp -> Chăm Sóc Da Mặt -> Đặc Trị -> Serum / Tinh Chất,True
P_6013,6013,Son Dưỡng LipIce Không Màu Chuyển Kem Mịn Hương Lựu 4.3g,18,Son Dưỡng Môi,2006,Dưỡng Môi,Chăm Sóc Da Mặt,Dưỡng Môi,Son Dưỡng Môi,Sức Khỏe - Làm Đẹp -> Chăm Sóc Da Mặt -> Dưỡng Môi -> Son Dưỡng Môi,False
P_6015,6015,Nước Hoa Hồng Evoluderm Vitamin E Cho Da Thường 250ml,4,Toner / Nước Cân Bằng Da,2002,Làm Sạch Da,Chăm Sóc Da Mặt,Làm Sạch Da,Toner / Nước Cân Bằng Da,Sức Khỏe - Làm Đẹp -> Chăm Sóc Da Mặt -> Làm Sạch Da -> Toner / Nước Cân Bằng Da,False
P_6017,6017,Mặt Nạ Dermal Chiết Xuất Rong Biển Dưỡng Ẩm Da 23g,11,Mặt Nạ Giấy,2001,Mặt Nạ,Chăm Sóc Da Mặt,Mặt Nạ,Mặt Nạ Giấy,Sức Khỏe - Làm Đẹp -> Chăm Sóc Da Mặt -> Mặt Nạ -> Mặt Nạ Giấy,False
P_6018,6018,Mặt Nạ Dermal Chiết Xuất Collagen Làm Săn Chắc Da 23g,11,Mặt Nạ Giấy,2001,Mặt Nạ,Chăm Sóc Da Mặt,Mặt Nạ,Mặt Nạ Giấy,Sức Khỏe - Làm Đẹp -> Chăm Sóc Da Mặt -> Mặt Nạ -> Mặt Nạ Giấy,False
P_6019,6019,Mặt Nạ Dermal Chiết Xuất Hyaluronate Dưỡng Ẩm Da 23g,11,Mặt Nạ Giấy,2001,Mặt Nạ,Chăm Sóc Da Mặt,Mặt Nạ,Mặt Nạ Giấy,Sức Khỏe - Làm Đẹp -> Chăm Sóc Da Mặt -> Mặt Nạ -> Mặt Nạ Giấy,False
P_6021,6021,Gel Rửa Mặt Garnier Vitamin C Sạch Sâu Dịu Nhẹ Sáng Da 120ml,1,Sữa Rửa Mặt,2002,Làm Sạch Da,Chăm Sóc Da Mặt,Làm Sạch Da,Sữa Rửa Mặt,Sức Khỏe - Làm Đẹp -> Chăm Sóc Da Mặt -> Làm Sạch Da -> Sữa Rửa Mặt,True
P_6026,6026,Son Dưỡng Thuần Chay Có Màu Black Rouge J06 - Đỏ Nâu 3.3g,18,Son Dưỡng Môi,2006,Dưỡng Môi,Chăm Sóc Da Mặt,Dưỡng Môi,Son Dưỡng Môi,Sức Khỏe - Làm Đẹp -> Chăm Sóc Da Mặt -> Dưỡng Môi -> Son Dưỡng Môi,False
P_6027,6027,Mặt Nạ Dermal Chiết Xuất Vitamin Làm Sáng Da 23g,11,Mặt Nạ Giấy,2001,Mặt Nạ,Chăm Sóc Da Mặt,Mặt Nạ,Mặt Nạ Giấy,Sức Khỏe - Làm Đẹp -> Chăm Sóc Da Mặt -> Mặt Nạ -> Mặt Nạ Giấy,False
P_6029,6029,Sữa Rửa Mặt Freeplus Dưỡng Ẩm Dịu Nhẹ Cho Da 100g,1,Sữa Rửa Mặt,2002,Làm Sạch Da,Chăm Sóc Da Mặt,Làm Sạch Da,Sữa Rửa Mặt,Sức Khỏe - Làm Đẹp -> Chăm Sóc Da Mặt -> Làm Sạch Da -> Sữa Rửa Mặt,True
P_6032,6032,Nước Cân Bằng d program Ngăn Ngừa Lão Hóa Da 125ml,4,Toner / Nước Cân Bằng Da,2002,Làm Sạch Da,Chăm Sóc Da Mặt,Làm Sạch Da,Toner / Nước Cân Bằng Da,Sức Khỏe - Làm Đẹp -> Chăm Sóc Da Mặt -> Làm Sạch Da -> Toner / Nước Cân Bằng Da,False
P_6033,6033,Sữa Dưỡng d program Dưỡng Sáng & Làm Dịu Da 100ml,37,Lotion / Sữa Dưỡng,2003,Dưỡng Ẩm,Chăm Sóc Da Mặt,Dưỡng Ẩm,Lotion / Sữa Dưỡng,Sức Khỏe - Làm Đẹp -> Chăm Sóc Da Mặt -> Dưỡng Ẩm -> Lotion / Sữa Dưỡng,False
P_6034,6034,Serum d program Dưỡng Sáng Da Dạng Jelly 60g,9,Serum / Tinh Chất,2004,Đặc Trị,Chăm Sóc Da Mặt,Đặc Trị,Serum / Tinh Chất,Sức Khỏe - Làm Đẹp -> Chăm Sóc Da Mặt -> Đặc Trị -> Serum / Tinh Chất,True
P_6041,6041,"Bột Cám Gạo Milaganics Dưỡng Da Sáng Mịn, Mờ Thâm 100g",19,Mặt Nạ Rửa,2001,Mặt Nạ,Chăm Sóc Da Mặt,Mặt Nạ,Mặt Nạ Rửa,Sức Khỏe - Làm Đẹp -> Chăm Sóc Da Mặt -> Mặt Nạ -> Mặt Nạ Rửa,False
P_6042,6042,"Bột Lá Neem Milaganics Se Lỗ Chân Lông, Sáng Da 100g",19,Mặt Nạ Rửa,2001,Mặt Nạ,Chăm Sóc Da Mặt,Mặt Nạ,Mặt Nạ Rửa,Sức Khỏe - Làm Đẹp -> Chăm Sóc Da Mặt -> Mặt Nạ -> Mặt Nạ Rửa,False
P_6045,6045,Nước Tẩy Trang Milaganics Trà Xanh Cho Da Dầu Mụn 200ml,2,Tẩy Trang Mặt,2002,Làm Sạch Da,Chăm Sóc Da Mặt,Làm Sạch Da,Tẩy Trang Mặt,Sức Khỏe - Làm Đẹp -> Chăm Sóc Da Mặt -> Làm Sạch Da -> Tẩy Trang Mặt,False
P_6047,6047,Nước Tẩy Trang Silkygirl Làm Sạch Da Dịu Nhẹ 320ml,2,Tẩy Trang Mặt,2002,Làm Sạch Da,Chăm Sóc Da Mặt,Làm Sạch Da,Tẩy Trang Mặt,Sức Khỏe - Làm Đẹp -> Chăm Sóc Da Mặt -> Làm Sạch Da -> Tẩy Trang Mặt,False
P_6055,6055,Son Dưỡng Có Màu Silkygirl 07 Bare - Cam Da Sáng 3.2g,18,Son Dưỡng Môi,2006,Dưỡng Môi,Chăm Sóc Da Mặt,Dưỡng Môi,Son Dưỡng Môi,Sức Khỏe - Làm Đẹp -> Chăm Sóc Da Mặt -> Dưỡng Môi -> Son Dưỡng Môi,False
P_6056,6056,Son Dưỡng Có Màu Silkygirl 09 Adore - Da Nâu Đất 3.2g,18,Son Dưỡng Môi,2006,Dưỡng Môi,Chăm Sóc Da Mặt,Dưỡng Môi,Son Dưỡng Môi,Sức Khỏe - Làm Đẹp -> Chăm Sóc Da Mặt -> Dưỡng Môi -> Son Dưỡng Môi,False
P_6057,6057,Son Dưỡng Có Màu Silkygirl 05 Divine - Đỏ Cà Chua 3.2g,18,Son Dưỡng Môi,2006,Dưỡng Môi,Chăm Sóc Da Mặt,Dưỡng Môi,Son Dưỡng Môi,Sức Khỏe - Làm Đẹp -> Chăm Sóc Da Mặt -> Dưỡng Môi -> Son Dưỡng Môi,False
P_6063,6063,"Combo Cocoon Nước Tẩy Trang 500ml + Tinh Chất Bí Đao Giảm Dầu Mụn, Mờ Thâm 70ml",3,Bộ Chăm Sóc Da Mặt,1001,Chăm Sóc Da Mặt,Chăm Sóc Da Mặt,Bộ Chăm Sóc Da Mặt,Bộ Chăm Sóc Da Mặt,Sức Khỏe - Làm Đẹp -> Chăm Sóc Da Mặt -> Bộ Chăm Sóc Da Mặt,False
P_6064,6064,Combo Cocoon Nước Cân Bằng Sen Hậu Giang 500ml + Nước Tẩy Trang Bí Đao 500ml,4,Toner / Nước Cân Bằng Da,2002,Làm Sạch Da,Chăm Sóc Da Mặt,Làm Sạch Da,Toner / Nước Cân Bằng Da,Sức Khỏe - Làm Đẹp -> Chăm Sóc Da Mặt -> Làm Sạch Da -> Toner / Nước Cân Bằng Da,False
P_6076,6076,Combo Garnier Serum Giảm Mụn Mờ Thâm 30ml + Nước Tẩy Trang Cho Da Dầu Mụn 125ml,3,Bộ Chăm Sóc Da Mặt,1001,Chăm Sóc Da Mặt,Chăm Sóc Da Mặt,Bộ Chăm Sóc Da Mặt,Bộ Chăm Sóc Da Mặt,Sức Khỏe - Làm Đẹp -> Chăm Sóc Da Mặt -> Bộ Chăm Sóc Da Mặt,False
P_6077,6077,"Mặt Nạ Celefit Tràm Trà Dịu Da, Kiểm Soát Dầu 25g",11,Mặt Nạ Giấy,2001,Mặt Nạ,Chăm Sóc Da Mặt,Mặt Nạ,Mặt Nạ Giấy,Sức Khỏe - Làm Đẹp -> Chăm Sóc Da Mặt -> Mặt Nạ -> Mặt Nạ Giấy,False
P_6078,6078,[Mini] Combo 10 Sữa Dưỡng Ẩm CeraVe Cho Da Khô Đến Rất Khô 30ml,37,Lotion / Sữa Dưỡng,2003,Dưỡng Ẩm,Chăm Sóc Da Mặt,Dưỡng Ẩm,Lotion / Sữa Dưỡng,Sức Khỏe - Làm Đẹp -> Chăm Sóc Da Mặt -> Dưỡng Ẩm -> Lotion / Sữa Dưỡng,False
P_6082,6082,[Mini] Nước Hoa Hồng Klairs Không Mùi Cho Da Nhạy Cảm 10ml,4,Toner / Nước Cân Bằng Da,2002,Làm Sạch Da,Chăm Sóc Da Mặt,Làm Sạch Da,Toner / Nước Cân Bằng Da,Sức Khỏe - Làm Đẹp -> Chăm Sóc Da Mặt -> Làm Sạch Da -> Toner / Nước Cân Bằng Da,False
P_6085,6085,"Combo 3 Hộp Mặt Nạ Colorkey B5 Dưỡng Ẩm Đàn Hồi, Dịu Da, Căng Bóng 10 Miếng/Hộp",11,Mặt Nạ Giấy,2001,Mặt Nạ,Chăm Sóc Da Mặt,Mặt Nạ,Mặt Nạ Giấy,Sức Khỏe - Làm Đẹp -> Chăm Sóc Da Mặt -> Mặt Nạ -> Mặt Nạ Giấy,False
P_6086,6086,"Combo 3 Hộp Mặt Nạ Colorkey B5 Dưỡng Ẩm Đàn Hồi, Dịu Da, Hỗ Trợ Giảm Dầu Mụn 10 Miếng/Hộp",11,Mặt Nạ Giấy,2001,Mặt Nạ,Chăm Sóc Da Mặt,Mặt Nạ,Mặt Nạ Giấy,Sức Khỏe - Làm Đẹp -> Chăm Sóc Da Mặt -> Mặt Nạ -> Mặt Nạ Giấy,False
P_6087,6087,"Combo 3 Hộp Mặt Nạ Colorkey B5 Dưỡng Ẩm Đàn Hồi, Dịu Da, Ngừa Mụn 10 Miếng/Hộp",11,Mặt Nạ Giấy,2001,Mặt Nạ,Chăm Sóc Da Mặt,Mặt Nạ,Mặt Nạ Giấy,Sức Khỏe - Làm Đẹp -> Chăm Sóc Da Mặt -> Mặt Nạ -> Mặt Nạ Giấy,False
P_6092,6092,Combo Vichy Xịt Khoáng 50ml + Kem Chống Nắng Kiềm Dầu 50ml,3,Bộ Chăm Sóc Da Mặt,1001,Chăm Sóc Da Mặt,Chăm Sóc Da Mặt,Bộ Chăm Sóc Da Mặt,Bộ Chăm Sóc Da Mặt,Sức Khỏe - Làm Đẹp -> Chăm Sóc Da Mặt -> Bộ Chăm Sóc Da Mặt,False
P_6094,6094,Essence Chống Nắng Bioré Màng Nước Dưỡng Ẩm Da 85g,6,Chống Nắng Da Mặt,1001,Chăm Sóc Da Mặt,Chăm Sóc Da Mặt,Chống Nắng Da Mặt,Chống Nắng Da Mặt,Sức Khỏe - Làm Đẹp -> Chăm Sóc Da Mặt -> Chống Nắng Da Mặt,True
P_6095,6095,"Mặt Nạ Ngủ Klairs Dưỡng Sáng Da, Ngừa Lão Hóa 90ml",53,Mặt Nạ Ngủ,2001,Mặt Nạ,Chăm Sóc Da Mặt,Mặt Nạ,Mặt Nạ Ngủ,Sức Khỏe - Làm Đẹp -> Chăm Sóc Da Mặt -> Mặt Nạ -> Mặt Nạ Ngủ,False
P_6097,6097,Kem Dưỡng Ẩm Freeplus Màng Nước Mỏng Nhẹ Tươi Mát 50g,7,Kem / Gel / Dầu Dưỡng,2003,Dưỡng Ẩm,Chăm Sóc Da Mặt,Dưỡng Ẩm,Kem / Gel / Dầu Dưỡng,Sức Khỏe - Làm Đẹp -> Chăm Sóc Da Mặt -> Dưỡng Ẩm -> Kem / Gel / Dầu Dưỡng,True
P_6098,6098,Dưỡng Chất Pond's Ngăn Ngừa Lão Hóa Chuyên Sâu 30ml,9,Serum / Tinh Chất,2004,Đặc Trị,Chăm Sóc Da Mặt,Đặc Trị,Serum / Tinh Chất,Sức Khỏe - Làm Đẹp -> Chăm Sóc Da Mặt -> Đặc Trị -> Serum / Tinh Chất,True
P_6102,6102,[Mini] Serum Laneige Cao Cấp Thúc Đẩy Dưỡng Sáng Da 15ml,9,Serum / Tinh Chất,2004,Đặc Trị,Chăm Sóc Da Mặt,Đặc Trị,Serum / Tinh Chất,Sức Khỏe - Làm Đẹp -> Chăm Sóc Da Mặt -> Đặc Trị -> Serum / Tinh Chất,True
P_6103,6103,Combo La Roche-Posay Sữa Chống Nắng UVMune 50ml + Nước Tẩy Trang Da Nhạy Cảm 50ml,3,Bộ Chăm Sóc Da Mặt,1001,Chăm Sóc Da Mặt,Chăm Sóc Da Mặt,Bộ Chăm Sóc Da Mặt,Bộ Chăm Sóc Da Mặt,Sức Khỏe - Làm Đẹp -> Chăm Sóc Da Mặt -> Bộ Chăm Sóc Da Mặt,False
P_6106,6106,Kem Chống Nắng Altruist Dưỡng Ẩm & Chống Oxy Hóa 50ml,6,Chống Nắng Da Mặt,1001,Chăm Sóc Da Mặt,Chăm Sóc Da Mặt,Chống Nắng Da Mặt,Chống Nắng Da Mặt,Sức Khỏe - Làm Đẹp -> Chăm Sóc Da Mặt -> Chống Nắng Da Mặt,True
P_6112,6112,Thanh Lăn Mặt Nạ Đất Sét Skintific Ngải Cứu Giảm Mụn 40g,19,Mặt Nạ Rửa,2001,Mặt Nạ,Chăm Sóc Da Mặt,Mặt Nạ,Mặt Nạ Rửa,Sức Khỏe - Làm Đẹp -> Chăm Sóc Da Mặt -> Mặt Nạ -> Mặt Nạ Rửa,False
P_6113,6113,[Mini] Kem Chống Nắng La Roche-Posay Kiểm Soát Dầu SPF50+ 15ml (Mới),6,Chống Nắng Da Mặt,1001,Chăm Sóc Da Mặt,Chăm Sóc Da Mặt,Chống Nắng Da Mặt,Chống Nắng Da Mặt,Sức Khỏe - Làm Đẹp -> Chăm Sóc Da Mặt -> Chống Nắng Da Mặt,True
P_6126,6126,Serum innisfree Dưỡng Sáng Da Trông Căng Mướt 20ml,9,Serum / Tinh Chất,2004,Đặc Trị,Chăm Sóc Da Mặt,Đặc Trị,Serum / Tinh Chất,Sức Khỏe - Làm Đẹp -> Chăm Sóc Da Mặt -> Đặc Trị -> Serum / Tinh Chất,True
P_6135,6135,"Combo Vichy Kem Dưỡng & Serum Sáng Da, Mờ Thâm Nám Ban Đêm",3,Bộ Chăm Sóc Da Mặt,1001,Chăm Sóc Da Mặt,Chăm Sóc Da Mặt,Bộ Chăm Sóc Da Mặt,Bộ Chăm Sóc Da Mặt,Sức Khỏe - Làm Đẹp -> Chăm Sóc Da Mặt -> Bộ Chăm Sóc Da Mặt,False
P_6136,6136,Combo 5 Mặt Nạ Đen Sexylook Hoa Hồng Đỏ Dưỡng Ẩm 28ml,11,Mặt Nạ Giấy,2001,Mặt Nạ,Chăm Sóc Da Mặt,Mặt Nạ,Mặt Nạ Giấy,Sức Khỏe - Làm Đẹp -> Chăm Sóc Da Mặt -> Mặt Nạ -> Mặt Nạ Giấy,False
P_6137,6137,"Gel Chấm Mụn Oxy Hỗ Trợ Sạch Mụn, Mờ Thâm 10g",25,Hỗ Trợ Trị Mụn,2004,Đặc Trị,Chăm Sóc Da Mặt,Đặc Trị,Hỗ Trợ Trị Mụn,Sức Khỏe - Làm Đẹp -> Chăm Sóc Da Mặt -> Đặc Trị -> Hỗ Trợ Trị Mụn,True
P_6139,6139,Combo Pond's Nước Tẩy Trang Sạch Sâu 400ml + Tinh Chất Sáng Da 30g,3,Bộ Chăm Sóc Da Mặt,1001,Chăm Sóc Da Mặt,Chăm Sóc Da Mặt,Bộ Chăm Sóc Da Mặt,Bộ Chăm Sóc Da Mặt,Sức Khỏe - Làm Đẹp -> Chăm Sóc Da Mặt -> Bộ Chăm Sóc Da Mặt,False
P_6140,6140,Gel Rửa Mặt Topicrem Không Xà Phòng Cho Da Dầu Hỗn Hợp 200ml,1,Sữa Rửa Mặt,2002,Làm Sạch Da,Chăm Sóc Da Mặt,Làm Sạch Da,Sữa Rửa Mặt,Sức Khỏe - Làm Đẹp -> Chăm Sóc Da Mặt -> Làm Sạch Da -> Sữa Rửa Mặt,True
P_6142,6142,Mặt Nạ Tẩy Tế Bào Chết innisfree Từ Lúa Mạch Xanh 120ml,17,Tẩy Tế Bào Chết Da Mặt,2002,Làm Sạch Da,Chăm Sóc Da Mặt,Làm Sạch Da,Tẩy Tế Bào Chết Da Mặt,Sức Khỏe - Làm Đẹp -> Chăm Sóc Da Mặt -> Làm Sạch Da -> Tẩy Tế Bào Chết Da Mặt,False
P_6145,6145,Combo 5 Mặt Nạ Đen Sexylook Ngọc Trai Dưỡng Sáng Da 28ml,11,Mặt Nạ Giấy,2001,Mặt Nạ,Chăm Sóc Da Mặt,Mặt Nạ,Mặt Nạ Giấy,Sức Khỏe - Làm Đẹp -> Chăm Sóc Da Mặt -> Mặt Nạ -> Mặt Nạ Giấy,False
P_6151,6151,"Serum La Roche-Posay Giúp Phục Hồi, Bảo Vệ & Cấp Ẩm Da 30ml",9,Serum / Tinh Chất,2004,Đặc Trị,Chăm Sóc Da Mặt,Đặc Trị,Serum / Tinh Chất,Sức Khỏe - Làm Đẹp -> Chăm Sóc Da Mặt -> Đặc Trị -> Serum / Tinh Chất,True
P_6154,6154,Mặt Nạ Colorkey B5 Dưỡng Ẩm Đàn Hồi Từ Linh Chi 25ml,11,Mặt Nạ Giấy,2001,Mặt Nạ,Chăm Sóc Da Mặt,Mặt Nạ,Mặt Nạ Giấy,Sức Khỏe - Làm Đẹp -> Chăm Sóc Da Mặt -> Mặt Nạ -> Mặt Nạ Giấy,False
P_6161,6161,Sữa Rửa Mặt Clean & Clear Giảm Nhờn Tác Dụng Sâu 100g,1,Sữa Rửa Mặt,2002,Làm Sạch Da,Chăm Sóc Da Mặt,Làm Sạch Da,Sữa Rửa Mặt,Sức Khỏe - Làm Đẹp -> Chăm Sóc Da Mặt -> Làm Sạch Da -> Sữa Rửa Mặt,True
P_6165,6165,Mặt Nạ Dermal Tinh Chất Dưỡng Sáng Da 23g,11,Mặt Nạ Giấy,2001,Mặt Nạ,Chăm Sóc Da Mặt,Mặt Nạ,Mặt Nạ Giấy,Sức Khỏe - Làm Đẹp -> Chăm Sóc Da Mặt -> Mặt Nạ -> Mặt Nạ Giấy,False
P_6167,6167,Mặt Nạ Dermal Chiết Xuất Q10 Ngừa Lão Hóa Da 23g,11,Mặt Nạ Giấy,2001,Mặt Nạ,Chăm Sóc Da Mặt,Mặt Nạ,Mặt Nạ Giấy,Sức Khỏe - Làm Đẹp -> Chăm Sóc Da Mặt -> Mặt Nạ -> Mặt Nạ Giấy,False
P_6171,6171,"Serum Timeless HA + Vitamin C Cấp Ẩm, Làm Sáng Da 30ml",9,Serum / Tinh Chất,2004,Đặc Trị,Chăm Sóc Da Mặt,Đặc Trị,Serum / Tinh Chất,Sức Khỏe - Làm Đẹp -> Chăm Sóc Da Mặt -> Đặc Trị -> Serum / Tinh Chất,True
P_6176,6176,Combo Vichy Kem Chống Nắng + Gel Rửa Mặt Dành Cho Da Dầu Mụn 50ml+50ml,1,Sữa Rửa Mặt,2002,Làm Sạch Da,Chăm Sóc Da Mặt,Làm Sạch Da,Sữa Rửa Mặt,Sức Khỏe - Làm Đẹp -> Chăm Sóc Da Mặt -> Làm Sạch Da -> Sữa Rửa Mặt,True
P_6177,6177,Mặt Nạ Dưỡng Da Pure Smile Chiết Xuất Trái Cây 23ml,11,Mặt Nạ Giấy,2001,Mặt Nạ,Chăm Sóc Da Mặt,Mặt Nạ,Mặt Nạ Giấy,Sức Khỏe - Làm Đẹp -> Chăm Sóc Da Mặt -> Mặt Nạ -> Mặt Nạ Giấy,False
P_6182,6182,Sữa Rửa Mặt Bioré Thanh Lọc Da - Sáng Da 100g,1,Sữa Rửa Mặt,2002,Làm Sạch Da,Chăm Sóc Da Mặt,Làm Sạch Da,Sữa Rửa Mặt,Sức Khỏe - Làm Đẹp -> Chăm Sóc Da Mặt -> Làm Sạch Da -> Sữa Rửa Mặt,True
P_6186,6186,Son Dưỡng Có Màu Silkygirl 04 Taupe​ - Hồng Nâu Đất 3.2g,18,Son Dưỡng Môi,2006,Dưỡng Môi,Chăm Sóc Da Mặt,Dưỡng Môi,Son Dưỡng Môi,Sức Khỏe - Làm Đẹp -> Chăm Sóc Da Mặt -> Dưỡng Môi -> Son Dưỡng Môi,False
P_6194,6194,"[Mini] Sữa Rửa Mặt Klairs Dưỡng Ẩm, Dịu Nhẹ, Sạch Sâu 20ml",1,Sữa Rửa Mặt,2002,Làm Sạch Da,Chăm Sóc Da Mặt,Làm Sạch Da,Sữa Rửa Mặt,Sức Khỏe - Làm Đẹp -> Chăm Sóc Da Mặt -> Làm Sạch Da -> Sữa Rửa Mặt,True
P_6201,6201,Combo L'Oreal Kem Chống Nắng X20 Thoáng Da Mỏng Nhẹ 50ml + Nước Tẩy Trang Sạch Sâu Cho Da Dầu 95ml,3,Bộ Chăm Sóc Da Mặt,1001,Chăm Sóc Da Mặt,Chăm Sóc Da Mặt,Bộ Chăm Sóc Da Mặt,Bộ Chăm Sóc Da Mặt,Sức Khỏe - Làm Đẹp -> Chăm Sóc Da Mặt -> Bộ Chăm Sóc Da Mặt,False
P_6202,6202,[Mini] Combo 5 Nước Tẩy Trang L'Oreal Làm Sạch Sâu Cho Da Dầu 95ml,2,Tẩy Trang Mặt,2002,Làm Sạch Da,Chăm Sóc Da Mặt,Làm Sạch Da,Tẩy Trang Mặt,Sức Khỏe - Làm Đẹp -> Chăm Sóc Da Mặt -> Làm Sạch Da -> Tẩy Trang Mặt,False
P_6203,6203,[Mini] Combo 4 Nước Tẩy Trang L'Oreal Làm Sạch Sâu Cho Da Dầu 95ml,2,Tẩy Trang Mặt,2002,Làm Sạch Da,Chăm Sóc Da Mặt,Làm Sạch Da,Tẩy Trang Mặt,Sức Khỏe - Làm Đẹp -> Chăm Sóc Da Mặt -> Làm Sạch Da -> Tẩy Trang Mặt,False
P_6204,6204,[Mini] Nước Tẩy Trang L'Oreal Làm Sạch Sâu Cho Da Dầu 95ml,2,Tẩy Trang Mặt,2002,Làm Sạch Da,Chăm Sóc Da Mặt,Làm Sạch Da,Tẩy Trang Mặt,Sức Khỏe - Làm Đẹp -> Chăm Sóc Da Mặt -> Làm Sạch Da -> Tẩy Trang Mặt,False
P_6212,6212,Mặt Nạ Emmié 5% Niacinamide Sáng Da Mờ Thâm Dạng Pad 20 Miếng,11,Mặt Nạ Giấy,2001,Mặt Nạ,Chăm Sóc Da Mặt,Mặt Nạ,Mặt Nạ Giấy,Sức Khỏe - Làm Đẹp -> Chăm Sóc Da Mặt -> Mặt Nạ -> Mặt Nạ Giấy,False
P_6213,6213,"Combo 3 Hộp Mặt Nạ Colorkey B5 Dưỡng Ẩm Đàn Hồi, Sáng Da, Căng Bóng 10 Miếng/Hộp",11,Mặt Nạ Giấy,2001,Mặt Nạ,Chăm Sóc Da Mặt,Mặt Nạ,Mặt Nạ Giấy,Sức Khỏe - Làm Đẹp -> Chăm Sóc Da Mặt -> Mặt Nạ -> Mặt Nạ Giấy,False
P_6220,6220,Sữa Dưỡng dProgram Tối Ưu Cho Da Nhạy Cảm 100ml,37,Lotion / Sữa Dưỡng,2003,Dưỡng Ẩm,Chăm Sóc Da Mặt,Dưỡng Ẩm,Lotion / Sữa Dưỡng,Sức Khỏe - Làm Đẹp -> Chăm Sóc Da Mặt -> Dưỡng Ẩm -> Lotion / Sữa Dưỡng,False
P_6221,6221,"Sữa Dưỡng dProgram Sáng Da, Ngăn Lão Hóa Cho Da Nhạy Cảm 100ml",37,Lotion / Sữa Dưỡng,2003,Dưỡng Ẩm,Chăm Sóc Da Mặt,Dưỡng Ẩm,Lotion / Sữa Dưỡng,Sức Khỏe - Làm Đẹp -> Chăm Sóc Da Mặt -> Dưỡng Ẩm -> Lotion / Sữa Dưỡng,False
P_6222,6222,Nước Dưỡng dProgram Tối Ưu Cho Da Nhạy Cảm 125ml,37,Lotion / Sữa Dưỡng,2003,Dưỡng Ẩm,Chăm Sóc Da Mặt,Dưỡng Ẩm,Lotion / Sữa Dưỡng,Sức Khỏe - Làm Đẹp -> Chăm Sóc Da Mặt -> Dưỡng Ẩm -> Lotion / Sữa Dưỡng,False
P_6227,6227,BB Chống Nắng Trang Điểm d program Tông Tự Nhiên 30ml,6,Chống Nắng Da Mặt,1001,Chăm Sóc Da Mặt,Chăm Sóc Da Mặt,Chống Nắng Da Mặt,Chống Nắng Da Mặt,Sức Khỏe - Làm Đẹp -> Chăm Sóc Da Mặt -> Chống Nắng Da Mặt,True
P_6228,6228,Nước Cân Bằng d program Cho Da Khô Nhạy Cảm 125ml,4,Toner / Nước Cân Bằng Da,2002,Làm Sạch Da,Chăm Sóc Da Mặt,Làm Sạch Da,Toner / Nước Cân Bằng Da,Sức Khỏe - Làm Đẹp -> Chăm Sóc Da Mặt -> Làm Sạch Da -> Toner / Nước Cân Bằng Da,False
P_6235,6235,Combo Garnier Serum Giảm Mụn Mờ Thâm (30ml+7.5ml) + Nước Tẩy Trang Cho Da Dầu Mụn 50ml,3,Bộ Chăm Sóc Da Mặt,1001,Chăm Sóc Da Mặt,Chăm Sóc Da Mặt,Bộ Chăm Sóc Da Mặt,Bộ Chăm Sóc Da Mặt,Sức Khỏe - Làm Đẹp -> Chăm Sóc Da Mặt -> Bộ Chăm Sóc Da Mặt,False
P_6238,6238,Combo Garnier Serum Chống Nắng Mỏng Nhẹ 30ml + Sữa Rửa Mặt Tạo Bọt Dưỡng Sáng Da 50ml,3,Bộ Chăm Sóc Da Mặt,1001,Chăm Sóc Da Mặt,Chăm Sóc Da Mặt,Bộ Chăm Sóc Da Mặt,Bộ Chăm Sóc Da Mặt,Sức Khỏe - Làm Đẹp -> Chăm Sóc Da Mặt -> Bộ Chăm Sóc Da Mặt,False
P_6241,6241,"Combo Vichy Ngừa Thâm Nám, Lão Hóa Da 3 Món",3,Bộ Chăm Sóc Da Mặt,1001,Chăm Sóc Da Mặt,Chăm Sóc Da Mặt,Bộ Chăm Sóc Da Mặt,Bộ Chăm Sóc Da Mặt,Sức Khỏe - Làm Đẹp -> Chăm Sóc Da Mặt -> Bộ Chăm Sóc Da Mặt,False
P_6244,6244,"Gel Tẩy Tế Bào Chết Ma:nyo PHA Dịu Nhẹ, Cấp Ẩm 120ml",17,Tẩy Tế Bào Chết Da Mặt,2002,Làm Sạch Da,Chăm Sóc Da Mặt,Làm Sạch Da,Tẩy Tế Bào Chết Da Mặt,Sức Khỏe - Làm Đẹp -> Chăm Sóc Da Mặt -> Làm Sạch Da -> Tẩy Tế Bào Chết Da Mặt,False
P_6246,6246,[Mua 1 Tặng 1] Naris Cosmetics Kem Chống Nắng Nâng Tone Da 80g Tặng Son Thỏi Màu Ngẫu Nhiên 3.7g,3,Bộ Chăm Sóc Da Mặt,1001,Chăm Sóc Da Mặt,Chăm Sóc Da Mặt,Bộ Chăm Sóc Da Mặt,Bộ Chăm Sóc Da Mặt,Sức Khỏe - Làm Đẹp -> Chăm Sóc Da Mặt -> Bộ Chăm Sóc Da Mặt,False
P_6254,6254,"Nước Tẩy Trang Eveline Da Thường, Da Dầu, Da Hỗn Hợp 100ml",2,Tẩy Trang Mặt,2002,Làm Sạch Da,Chăm Sóc Da Mặt,Làm Sạch Da,Tẩy Trang Mặt,Sức Khỏe - Làm Đẹp -> Chăm Sóc Da Mặt -> Làm Sạch Da -> Tẩy Trang Mặt,False
P_6262,6262,"Combo Cetaphil Làm Dịu, Phục Hồi Da 4 Món",3,Bộ Chăm Sóc Da Mặt,1001,Chăm Sóc Da Mặt,Chăm Sóc Da Mặt,Bộ Chăm Sóc Da Mặt,Bộ Chăm Sóc Da Mặt,Sức Khỏe - Làm Đẹp -> Chăm Sóc Da Mặt -> Bộ Chăm Sóc Da Mặt,False
P_6263,6263,Mặt Nạ Purederm Dưỡng Da Chiết Xuất Cà Chua 18g,11,Mặt Nạ Giấy,2001,Mặt Nạ,Chăm Sóc Da Mặt,Mặt Nạ,Mặt Nạ Giấy,Sức Khỏe - Làm Đẹp -> Chăm Sóc Da Mặt -> Mặt Nạ -> Mặt Nạ Giấy,False
P_6268,6268,Combo Vichy Chống Nắng Bảo Vệ Da 50ml & Serum Khoáng Phục Hồi 10ml,3,Bộ Chăm Sóc Da Mặt,1001,Chăm Sóc Da Mặt,Chăm Sóc Da Mặt,Bộ Chăm Sóc Da Mặt,Bộ Chăm Sóc Da Mặt,Sức Khỏe - Làm Đẹp -> Chăm Sóc Da Mặt -> Bộ Chăm Sóc Da Mặt,False
P_6274,6274,Sữa Rửa Mặt Curél Dạng Bọt Cấp Ẩm Chuyên Sâu Túi 130ml,1,Sữa Rửa Mặt,2002,Làm Sạch Da,Chăm Sóc Da Mặt,Làm Sạch Da,Sữa Rửa Mặt,Sức Khỏe - Làm Đẹp -> Chăm Sóc Da Mặt -> Làm Sạch Da -> Sữa Rửa Mặt,True
P_6275,6275,Bộ Decumar Advanced Chăm Da Mụn Toàn Diện 3 Món,3,Bộ Chăm Sóc Da Mặt,1001,Chăm Sóc Da Mặt,Chăm Sóc Da Mặt,Bộ Chăm Sóc Da Mặt,Bộ Chăm Sóc Da Mặt,Sức Khỏe - Làm Đẹp -> Chăm Sóc Da Mặt -> Bộ Chăm Sóc Da Mặt,False
P_6279,6279,Bộ Tinh Chất innisfree Dưỡng Sáng Da Trông Căng Mướt 30ml+7ml,9,Serum / Tinh Chất,2004,Đặc Trị,Chăm Sóc Da Mặt,Đặc Trị,Serum / Tinh Chất,Sức Khỏe - Làm Đẹp -> Chăm Sóc Da Mặt -> Đặc Trị -> Serum / Tinh Chất,True
P_6283,6283,"Bộ Serum innisfree Trà Xanh Dưỡng Ẩm, Cấp Nước 80ml+15ml",9,Serum / Tinh Chất,2004,Đặc Trị,Chăm Sóc Da Mặt,Đặc Trị,Serum / Tinh Chất,Sức Khỏe - Làm Đẹp -> Chăm Sóc Da Mặt -> Đặc Trị -> Serum / Tinh Chất,True
P_6284,6284,"Bộ La Roche-Posay Chăm Sóc Da Dầu, Mụn 3 Món",3,Bộ Chăm Sóc Da Mặt,1001,Chăm Sóc Da Mặt,Chăm Sóc Da Mặt,Bộ Chăm Sóc Da Mặt,Bộ Chăm Sóc Da Mặt,Sức Khỏe - Làm Đẹp -> Chăm Sóc Da Mặt -> Bộ Chăm Sóc Da Mặt,False
P_6286,6286,Serum Hyaestic B5 Phục Hồi Dưỡng Ẩm Da 30ml,9,Serum / Tinh Chất,2004,Đặc Trị,Chăm Sóc Da Mặt,Đặc Trị,Serum / Tinh Chất,Sức Khỏe - Làm Đẹp -> Chăm Sóc Da Mặt -> Đặc Trị -> Serum / Tinh Chất,True
P_6289,6289,Combo 2 Serum Chống Nắng Anessa Dưỡng Da Nâng Tông 30ml,6,Chống Nắng Da Mặt,1001,Chăm Sóc Da Mặt,Chăm Sóc Da Mặt,Chống Nắng Da Mặt,Chống Nắng Da Mặt,Sức Khỏe - Làm Đẹp -> Chăm Sóc Da Mặt -> Chống Nắng Da Mặt,True
P_6299,6299,"Combo Melano CC Lotion 170ml + Tinh Chất 20ml Dưỡng Sáng Da, Mờ Thâm Nám",3,Bộ Chăm Sóc Da Mặt,1001,Chăm Sóc Da Mặt,Chăm Sóc Da Mặt,Bộ Chăm Sóc Da Mặt,Bộ Chăm Sóc Da Mặt,Sức Khỏe - Làm Đẹp -> Chăm Sóc Da Mặt -> Bộ Chăm Sóc Da Mặt,False
P_6300,6300,"Kem Chống Nắng innisfree Lâu Trôi Cho Da Dầu, Hỗn Hợp 60ml (Mới)",6,Chống Nắng Da Mặt,1001,Chăm Sóc Da Mặt,Chăm Sóc Da Mặt,Chống Nắng Da Mặt,Chống Nắng Da Mặt,Sức Khỏe - Làm Đẹp -> Chăm Sóc Da Mặt -> Chống Nắng Da Mặt,True
P_6302,6302,Mặt Nạ Mediheal Hỗ Trợ Dưỡng Ẩm Sâu 20ml,11,Mặt Nạ Giấy,2001,Mặt Nạ,Chăm Sóc Da Mặt,Mặt Nạ,Mặt Nạ Giấy,Sức Khỏe - Làm Đẹp -> Chăm Sóc Da Mặt -> Mặt Nạ -> Mặt Nạ Giấy,False
P_6306,6306,Gel Rửa Mặt Freeplus Làm Sạch Dịu Nhẹ Cho Da Dầu 100ml,1,Sữa Rửa Mặt,2002,Làm Sạch Da,Chăm Sóc Da Mặt,Làm Sạch Da,Sữa Rửa Mặt,Sức Khỏe - Làm Đẹp -> Chăm Sóc Da Mặt -> Làm Sạch Da -> Sữa Rửa Mặt,True
P_6308,6308,Combo Cocoon Mặt Nạ Bí Đao 100ml & Nước Tẩy Trang Bí Đao 140ml,3,Bộ Chăm Sóc Da Mặt,1001,Chăm Sóc Da Mặt,Chăm Sóc Da Mặt,Bộ Chăm Sóc Da Mặt,Bộ Chăm Sóc Da Mặt,Sức Khỏe - Làm Đẹp -> Chăm Sóc Da Mặt -> Bộ Chăm Sóc Da Mặt,False
P_6309,6309,"Serum La Roche-Posay Giúp Giảm Thâm Nám, Làm Đều Màu Da 30ml",9,Serum / Tinh Chất,2004,Đặc Trị,Chăm Sóc Da Mặt,Đặc Trị,Serum / Tinh Chất,Sức Khỏe - Làm Đẹp -> Chăm Sóc Da Mặt -> Đặc Trị -> Serum / Tinh Chất,True
P_6313,6313,Nước Tẩy Trang Nature Republic Từ Khoáng Chất 500ml,2,Tẩy Trang Mặt,2002,Làm Sạch Da,Chăm Sóc Da Mặt,Làm Sạch Da,Tẩy Trang Mặt,Sức Khỏe - Làm Đẹp -> Chăm Sóc Da Mặt -> Làm Sạch Da -> Tẩy Trang Mặt,False
P_6315,6315,Serum Pond's Dưỡng Sáng Mịn Và Làm Mờ Thâm Da 30g,9,Serum / Tinh Chất,2004,Đặc Trị,Chăm Sóc Da Mặt,Đặc Trị,Serum / Tinh Chất,Sức Khỏe - Làm Đẹp -> Chăm Sóc Da Mặt -> Đặc Trị -> Serum / Tinh Chất,True
P_6324,6324,"Lotion Chấm Mụn Bye Bye Blemish Cho Mụn Trắng, Nhạy Cảm 30ml",25,Hỗ Trợ Trị Mụn,2004,Đặc Trị,Chăm Sóc Da Mặt,Đặc Trị,Hỗ Trợ Trị Mụn,Sức Khỏe - Làm Đẹp -> Chăm Sóc Da Mặt -> Đặc Trị -> Hỗ Trợ Trị Mụn,True
P_6328,6328,Mặt Nạ Cathy Doll Vitamin C Dưỡng Sáng Da 20g,11,Mặt Nạ Giấy,2001,Mặt Nạ,Chăm Sóc Da Mặt,Mặt Nạ,Mặt Nạ Giấy,Sức Khỏe - Làm Đẹp -> Chăm Sóc Da Mặt -> Mặt Nạ -> Mặt Nạ Giấy,False
P_6329,6329,"Mặt Nạ Cathy Doll Kiểm Soát Dầu, Ngăn Ngừa Mụn 20g",11,Mặt Nạ Giấy,2001,Mặt Nạ,Chăm Sóc Da Mặt,Mặt Nạ,Mặt Nạ Giấy,Sức Khỏe - Làm Đẹp -> Chăm Sóc Da Mặt -> Mặt Nạ -> Mặt Nạ Giấy,False
P_6334,6334,Serum Vichy Làm Dịu Da Và Giảm Mụn 30ml,9,Serum / Tinh Chất,2004,Đặc Trị,Chăm Sóc Da Mặt,Đặc Trị,Serum / Tinh Chất,Sức Khỏe - Làm Đẹp -> Chăm Sóc Da Mặt -> Đặc Trị -> Serum / Tinh Chất,True
P_6335,6335,Kem Chống Nắng Cell Fusion C Nâng Tông Da 35ml,6,Chống Nắng Da Mặt,1001,Chăm Sóc Da Mặt,Chăm Sóc Da Mặt,Chống Nắng Da Mặt,Chống Nắng Da Mặt,Sức Khỏe - Làm Đẹp -> Chăm Sóc Da Mặt -> Chống Nắng Da Mặt,True
P_6336,6336,"Kem Giảm Mụn Topicrem Dưỡng Ẩm, Làm Mềm Mịn Da 40ml",25,Hỗ Trợ Trị Mụn,2004,Đặc Trị,Chăm Sóc Da Mặt,Đặc Trị,Hỗ Trợ Trị Mụn,Sức Khỏe - Làm Đẹp -> Chăm Sóc Da Mặt -> Đặc Trị -> Hỗ Trợ Trị Mụn,True
P_6337,6337,Mặt Nạ Ngủ Môi Mediheal 10ml,29,Mặt Nạ Môi,2006,Dưỡng Môi,Chăm Sóc Da Mặt,Dưỡng Môi,Mặt Nạ Môi,Sức Khỏe - Làm Đẹp -> Chăm Sóc Da Mặt -> Dưỡng Môi -> Mặt Nạ Môi,False
P_6339,6339,Kem Chống Nắng Cell Fusion C Giúp Làm Dịu Tổn Thương 50ml,6,Chống Nắng Da Mặt,1001,Chăm Sóc Da Mặt,Chăm Sóc Da Mặt,Chống Nắng Da Mặt,Chống Nắng Da Mặt,Sức Khỏe - Làm Đẹp -> Chăm Sóc Da Mặt -> Chống Nắng Da Mặt,True
P_6343,6343,Mặt Nạ Nature Republic Chiết Xuất Tràm Trà Ngừa Mụn 24g,11,Mặt Nạ Giấy,2001,Mặt Nạ,Chăm Sóc Da Mặt,Mặt Nạ,Mặt Nạ Giấy,Sức Khỏe - Làm Đẹp -> Chăm Sóc Da Mặt -> Mặt Nạ -> Mặt Nạ Giấy,False
P_6344,6344,Combo La Roche-Posay Xịt Khoáng 300g & Tẩy Trang Cho Da Nhạy Cảm 50ml,3,Bộ Chăm Sóc Da Mặt,1001,Chăm Sóc Da Mặt,Chăm Sóc Da Mặt,Bộ Chăm Sóc Da Mặt,Bộ Chăm Sóc Da Mặt,Sức Khỏe - Làm Đẹp -> Chăm Sóc Da Mặt -> Bộ Chăm Sóc Da Mặt,False
P_6350,6350,"Serum Elixir Hỗ Trợ Săn Chắc Da, Ngừa Lão Hóa 40ml",9,Serum / Tinh Chất,2004,Đặc Trị,Chăm Sóc Da Mặt,Đặc Trị,Serum / Tinh Chất,Sức Khỏe - Làm Đẹp -> Chăm Sóc Da Mặt -> Đặc Trị -> Serum / Tinh Chất,True
P_6353,6353,Nước Dưỡng Da Naris Acmedica Dành Cho Da Mụn 150ml,4,Toner / Nước Cân Bằng Da,2002,Làm Sạch Da,Chăm Sóc Da Mặt,Làm Sạch Da,Toner / Nước Cân Bằng Da,Sức Khỏe - Làm Đẹp -> Chăm Sóc Da Mặt -> Làm Sạch Da -> Toner / Nước Cân Bằng Da,False
P_6358,6358,Mặt Nạ Dermal Chiết Xuất Hồng Sâm Làm Săn Chắc Da 23g,11,Mặt Nạ Giấy,2001,Mặt Nạ,Chăm Sóc Da Mặt,Mặt Nạ,Mặt Nạ Giấy,Sức Khỏe - Làm Đẹp -> Chăm Sóc Da Mặt -> Mặt Nạ -> Mặt Nạ Giấy,False
P_6364,6364,"Dung Dịch Melano CC Dưỡng Sáng Da, Mờ Thâm Nám 170ml",37,Lotion / Sữa Dưỡng,2003,Dưỡng Ẩm,Chăm Sóc Da Mặt,Dưỡng Ẩm,Lotion / Sữa Dưỡng,Sức Khỏe - Làm Đẹp -> Chăm Sóc Da Mặt -> Dưỡng Ẩm -> Lotion / Sữa Dưỡng,False
P_6365,6365,Combo Kem Chống Nắng Vichy Ngừa Lão Hóa SPF50 50ml + Nước Tẩy Trang La Roche-Posay Da Nhạy Cảm 50ml,3,Bộ Chăm Sóc Da Mặt,1001,Chăm Sóc Da Mặt,Chăm Sóc Da Mặt,Bộ Chăm Sóc Da Mặt,Bộ Chăm Sóc Da Mặt,Sức Khỏe - Làm Đẹp -> Chăm Sóc Da Mặt -> Bộ Chăm Sóc Da Mặt,False
P_6375,6375,Combo L'Oreal Serum Hyaluronic Acid Cấp Ẩm Sáng Da 30ml + Nước Tẩy Trang Sạch Sâu Cho Da Dầu 95ml,3,Bộ Chăm Sóc Da Mặt,1001,Chăm Sóc Da Mặt,Chăm Sóc Da Mặt,Bộ Chăm Sóc Da Mặt,Bộ Chăm Sóc Da Mặt,Sức Khỏe - Làm Đẹp -> Chăm Sóc Da Mặt -> Bộ Chăm Sóc Da Mặt,False
P_6376,6376,Combo L'Oreal Nước Tẩy Trang Dưỡng Ẩm 400ml + 2 Nước Tẩy Trang Sạch Sâu Cho Da Dầu 95ml,2,Tẩy Trang Mặt,2002,Làm Sạch Da,Chăm Sóc Da Mặt,Làm Sạch Da,Tẩy Trang Mặt,Sức Khỏe - Làm Đẹp -> Chăm Sóc Da Mặt -> Làm Sạch Da -> Tẩy Trang Mặt,False
